id,titulo,anio,fuente,doi,autores,fecha
W4389983586,Finite element analysis of the nearly incompressible linear elasticity eigenvalue problem with variable coefficients,2026,S4210205683,https://doi.org/10.1007/s00211-026-01534-6,Felipe Lepe; David Mora,2026-10-05 22:25
W4391901226,On Gibbs measures for almost additive sequences associated to some relative pressure functions,2026,S14709335,https://doi.org/10.1017/etds.2025.10262,Yuki Yayama,2026-10-05 22:25
W4396822117,Error estimates for a bilinear optimal control problem of Maxwell’s equations,2026,S21314667,https://doi.org/10.1007/s10092-026-00688-x,Felipe Lepe; Pablo Venegas,2026-10-05 22:25
W4415316429,Topological Levinson’s Theorem and Corrections at Thresholds: the Full Picture in a Quasi-1D Example,2026,S37268045,https://doi.org/10.1007/s11785-026-02019-y,Daniel Parra,2026-10-05 22:25
W4416341410,Morphological and mechanical characterization of Pinus radiata wood treated with two organic phase change materials via vacuum impregnation,2026,S2764604664,https://doi.org/10.1007/s13196-026-00424-6,Carlos Salinas-Lira,2026-10-05 22:25
W4416968974,Absence of exponential stability and polynomial stabilization in a class of beam models with tip rotary inertia,2026,S15431765,https://doi.org/10.1093/imamat/hxag018,Jaime E. Muñoz Rivera,2026-10-05 22:25
W4417000412,General four-loop beta function for scalar-fermion theories in three dimensions,2026,S4210195687,https://doi.org/10.21468/scipostphys.20.6.168,York Schröder,2026-10-05 22:25
W4417262413,Connecting early dark energy to late dark energy by the diluting matter potential,2026,S94052278,https://doi.org/10.1140/epjc/s10052-026-15794-x,Pedro Labraña,2026-10-05 22:25
W4417438143,A Nitsche-based mixed finite element method for Poisson problem with mixed and Signorini boundary conditions,2026,S165473669,https://doi.org/10.1016/j.cam.2026.117874,Verónica Anaya; Yuliza Capuñay,2026-10-05 22:25
W7117889564,Social responsibility and the circular economy: a bibliometric exploration of strategic convergence in corporate sustainability,2026,S4210182932,https://doi.org/10.22267/rtend.262701.292,Tomás Zapata-Soto; Catalina Leal Leal; Verónica Peña-Acuña,2026-10-05 22:25
W7117897548,Dimensiones Psicosociales de la Vulnerabilidad de Lugar ante el Riesgo de Incendios Forestales en Chile,2026,S4220651642,https://doi.org/10.55467/reder.v10i1.207,Marcelo Toro; José Sandoval‐Díaz; Christian Loyola,2026-10-05 22:25
W7117971142,A robust modeling framework to investigate transmissible diseases: COVID-19 in Chile as a case study,2026,S2595931848,https://doi.org/10.3389/fpubh.2025.1718363,Patricio Cumsille,2026-10-05 22:25
W7117981417,"Scientific output of neuroscience in sport sciences between 2010-2024: analysis of decision making, cognitive factors and sport performance with VOSviewer",2026,S2738994920,https://doi.org/10.17979/sportis.2026.12.1.12054,Luis Felipe Castelli Correia de Campos,2026-10-05 22:25
W7118183174,Evaluation of the variability of the dynamic properties of a cross-laminated timber (CLT) building prototype over two years,2026,S4387284822,https://doi.org/10.58286/32498,Alexander Opazo-Vega; Alan Jara-Cisterna; Franco Benedetti,2026-10-05 22:25
W7118596326,Brazil’s Biogas–Biomethane Production Potential: A Techno-Economic Inventory and Strategic Decarbonization Outlook,2026,S4210202005,https://doi.org/10.3390/biomass6010004,Daniel Travieso Pedroso,2026-10-05 22:25
W7118927717,Estudio de los hábitos familiares de consumo de alcohol y tabaco en el contexto de la Educación Infantil,2026,S4306518338,https://doi.org/10.46642/efd.v30i332.8140,Luis Felipe Castelli Correia de Campos,2026-10-05 22:25
W7119482666,Continuidades y transformaciones tras el Golpe de Estado chileno de 1973: los casos del Instituto Pedagógico de la Universidad de Chile y los programas de estudio de la carrera de Historia,2026,S4210229326,https://doi.org/10.15517/revedu.v50i1.3421,Patricio Guzmán,2026-10-05 22:25
W7119855749,In Vitro and In Silico Evaluation of Essential Oils from Three “Rosemary” Species Present in Chile as a Sustainable Alternative for Post-Harvest Fungi Control,2026,S2738977497,https://doi.org/10.3390/agronomy16020171,Enrique Werner,2026-10-05 22:25
W7120992887,Percepciones parentales del Sistema de Admisión Escolar-SAE chileno: Una revisión sistemática,2026,S4210168080,https://doi.org/10.37618/paradigma.1011-2251.2026.e2026018.id1745,Denisse Espinosa-Valenzuela; Carlos Rodríguez Garcés,2026-10-05 22:25
W7122541809,"Relación entre factores socio-demográficos, tabaquismo y amputaciones de extremidades inferiores en pacientes con Diabetes Mellitus tipo 2 en atención primaria de salud en Chile",2026,S2738008052,https://doi.org/10.58807/indexenferm20257993,Natalia Bello-Escamilla; Romina Moraga-Jaramillo; Rosa Castillo Olate; Carla Garces Navarrete; Karina Gutiérrez Álvarez; Cristina Zúñiga González,2026-10-05 22:25
W7122818963,"Conocimiento y actitud sobre donación de órganos en estudiantes de universidades de la Región de Ñuble, Chile",2026,S2738008052,https://doi.org/10.58807/indexenferm20257996,Marcela Gema Espinoza Espinoza; Bárbara Geraldine Gutiérrez Urra; Camila Andrea Jelves Ocampos; Daniela Alejandra Parra Zapata; José Manuel León Pino,2026-10-05 22:25
W7123526820,Políticas de estandarización chilena: Entre la subjetividad normada y performática del profesorado en formación inicial,2026,S4210223462,https://doi.org/10.48102/rlee.2026.56.1.731,Carolina Flores Lueg,2026-10-05 22:25
W7123960723,"Stability, printability, and postprocessing of low oil emulsion gels for 3D printing: Effect of guar gum, locust bean gum, and oil concentration",2026,S4210228229,https://doi.org/10.1016/j.afres.2026.101688,Tomás Serrano- González; Carolina Herrera‐Lavados; Gipsy Tabilo‐Munizaga; Luis Moreno‐Osorio; Mario Pérez‐Won,2026-10-05 22:25
W7124167703,Geogame‐Based Simulation for Active Mobility Planning in Socially Sustainable Cities,2026,S4210181853,https://doi.org/10.17645/up.10590,Elias Albornoz Del Valle; Francisco Núñez Cerda,2026-10-05 22:25
W7124468483,Nitsche stabilized virtual element approximations for a Brinkman problem with mixed boundary conditions,2026,S108887460,https://doi.org/10.1051/m2an/2026005,David Mora; Nitesh Verma,2026-10-05 22:25
W7124901254,"Microstructural features and mechanical response of Fe–SiC cermets processed by SPS: Influence of current mode, particle size distribution and sintering time",2026,S106928643,https://doi.org/10.1016/j.ceramint.2026.01.244,M. Maril,2026-10-05 22:25
W7124964710,Use of biomarkers in the early diagnosis of Ischemic Stroke: A Systematic Review,2026,S2764359375,https://doi.org/10.15441/ceem.25.167,José Manuel León Pino; Rosa Castillo Olate,2026-10-05 22:25
W7125000514,Assessing the performance of physics-informed neural networks for tumor growth prediction under noisy and sparse data conditions,2026,S104924063,https://doi.org/10.1016/j.compbiolchem.2026.108915,Nicolás Murúa; Aníbal Coronel; Gastón Márquez,2026-10-05 22:25
W7125230672,Enhanced photocatalytic degradation of tetracycline using nitrogen-doped ZnO powders synthesized via sol–gel method,2026,S106928643,https://doi.org/10.1016/j.ceramint.2026.01.265,Daniela Salinas; Christopher Salvo; Valeria Jara; Sebastián Silva; Carolina Lara,2026-10-05 22:25
W7125471927,Effects of a Preventive Vocal Health Program on Acoustic and Perceptual Voice Outcomes in Chilean Radio-Broadcasters,2026,S15409311,https://doi.org/10.1016/j.jvoice.2026.01.008,Mauricio Alfaro-Calfullán; Y.E. Vega-Rodríguez,2026-10-05 22:25
W7125495701,Experimental evaluation of the impact of roofing materials and natural ventilation on attic overheating in a temperate Chilean climate,2026,S50885219,https://doi.org/10.1080/09613218.2025.2607633,Nelson Arias Jiménez; Maureen Trebilcock; Rodrigo Figueroa San-Martín,2026-10-05 22:25
W7125519576,Consumption of Ultra-Processed Foods and Sustainable Lifestyles: A Multicenter Study,2026,S110785341,https://doi.org/10.3390/nu18020365,Solange Liliana Parra-Soto; Jacqueline Alejandra Araneda-Flores; Catalina Ramírez‐Contreras; Carla Villagrán-Cerro,2026-10-05 22:25
W7125599550,Lightweight jet engine mount optimization via finite element analysis and multiscale characterization,2026,S117777245,https://doi.org/10.1088/1361-651x/ae3cae,Bastian Mena Coronado; Bastián Lizama,2026-10-05 22:25
W7125642915,"¿Ruinas que seducen? Apropiación informal y procesos de resignificación entre nuevos usuarios del ex sector industrial de Lota Alto, Chile (2017–2021)",2026,S4210217065,https://doi.org/10.29105/contexto20.31-494,P. van de Heyden,2026-10-05 22:25
W7125657868,"Effect of Pulsed Electric Field and Ultrasound Treatments on Damaged Starch Content, Physicochemical Properties, and Digestibility of Wheat Flour",2026,S181365921,https://doi.org/10.1007/s11947-026-04207-2,Dominique Larrea-Wachtendorff; Danela Silva-Ferrer; Elaine Benítez‐Correa; Nailín Carvajal-Mena; Mario Pérez‐Won; Gipsy Tabilo‐Munizaga,2026-10-05 22:25
W7125681606,Las competencias emocionales: ¿un saber pedagógico?,2026,S4387292728,https://doi.org/10.61303/2735668x.v4i2.86,Juan Pablo Hidalgo-Ortiz,2026-10-05 22:25
W7125786359,Transformar la escuela desde las voces familiares: reconociendo la identidad cultural de estudiantes migrantes internacionales,2026,S2736436140,https://doi.org/10.22458/ie.v28i44.5898,Teresa Marinelly Agreda Sigindioy,2026-10-05 22:25
W7125801567,Influence of board composition on the level of SDG reporting of Chilean listed companies,2026,S4210179423,https://doi.org/10.29393/ran12-6bccv30006,Fernando Andrés Morales Parada,2026-10-05 22:25
W7125813907,Adaptive computation driven by an augmented fully-mixed FEM for double-diffusive natural convection in porous media,2026,S148709879,https://doi.org/10.1016/j.jcp.2026.114711,Eligio Colmenares,2026-10-05 22:25
W7125893635,Pseudostress‐Based Velocity Formulation for the Stokes‐Brinkman‐Type Eigenvalue Problem: A Priori and a Posteriori Error Analysis,2026,S19633754,https://doi.org/10.1002/num.70073,Felipe Lepe,2026-10-05 22:25
W7125894944,"Integrating time-resolved elemental composition, black carbon, and size-resolved measurements for source apportionment and characterization of urban PM10",2026,S30869261,https://doi.org/10.1016/j.apr.2026.102937,Hernán Ahumada G,2026-10-05 22:25
W7125904413,Satisfacción residencial posrelocalización de asentamientos informales: estudio comparativo de viviendas sociales en Colombia y Chile,2026,S4210185772,https://doi.org/10.7764/eure.52.155.09,Francisco Sabatini; Francisco Gatica Neira,2026-10-05 22:25
W7125939470,Data-Driven Forecasting of Electricity Prices in Chile Using Machine Learning,2026,S4210205812,https://doi.org/10.3390/app16031318,Roberto Aedo-García; FRANCISCO RAMIS LANYON,2026-10-05 22:25
W7125967263,On the Existence of Ring Solutions in the N-Body Problem on $$\mathbb {S}^2$$,2026,S47823441,https://doi.org/10.1007/s12346-026-01461-9,Jaime Andrade; Claudio Vidal,2026-10-05 22:25
W7125971504,Disrupted brain angiogenesis and blood–brain barrier function underlie cognitive deficits in offspring of preeclampsia‐like pregnancies,2026,S2090548,https://doi.org/10.1113/jp289605,Felipe Troncoso; Hermes Sandoval; Estefanny Escudero-Guevara; Jesenia Acurio; Carlos Escudero,2026-10-05 22:25
W7126037639,Gödel-symmetric backgrounds and explicit spacetime symmetry breaking,2026,S94052278,https://doi.org/10.1140/epjc/s10052-026-16210-0,Carlos M. Reyes,2026-10-05 22:25
W7126253439,Efectividad de las intervenciones de transición del cuidado hospital-hogar en pacientes con accidente cerebrovascular isquémico,2026,S2738008052,https://doi.org/10.58807/indexenferm20268027,José Manuel León Pino; Paulina Vargas Chávez; Verónica Reyes; Matías Méndez Valdés; Rosa Castillo Olate,2026-10-05 22:25
W7126377328,"Formación ciudadana: Gobernanza y cultura en escuelas del Biobío, Chile",2026,S4210174514,https://doi.org/10.35362/rie10017169,Cristian Orellana-Fonseca; Rodrigo Arturo Salazar Jiménez,2026-10-05 22:25
W7126391626,Human-Robot collaboration in industrialized construction manufacturing 5.0: A bibliometric mapping of smart production research,2026,S77056576,https://doi.org/10.1007/s00170-025-17340-7,Gonzalo Garcés,2026-10-05 22:25
W7126393445,Digital technologies to ensure sustainable agriculture,2026,S4210227640,https://doi.org/10.46932/sfjdv7n1-040,Erik Alpizar Reyes,2026-10-05 22:25
W7127037896,"Potential distribution of Akymnopellis chilensis (Gervais, 1847) (Scolopendridae, Scolopendromorpha, Chilopoda) through Random Forest and MaxEnt in Chilean Ecosystems",2026,S2764355241,https://doi.org/10.21426/b6.48968,Emmnuel Vega-Román; Gonzalo A. Collado,2026-10-05 22:25
W7127050927,Institutional Representatives’ Perspectives on Violence and Child Abuse in Residential Child Protection Centers: A Document Analysis,2026,S148277943,https://doi.org/10.1177/21582440251407942,María Belén Ortega-Senet,2026-10-05 22:25
W7127115081,"Effect of solid-state fermentation on protein content, amino acid digestibility and anti-nutritional components of common beans, lentils and chickpeas",2026,S38919146,https://doi.org/10.1016/j.foodres.2026.118564,Katherine Márquez,2026-10-05 22:25
W7127178347,Application of Waterborne Polyurethane Dispersion for Selective Removal of Heavy Metals from Acidic Wastewater,2026,S4210221646,https://doi.org/10.1021/acsapm.5c04663,Javier Martínez,2026-10-05 22:25
W7127305006,Satisfacción de estudiantes de enfermería de la Universidad del Bío-Bío con la simulación virtual,2026,S2738008052,https://doi.org/10.58807/indexenferm20268039,Ángela Astudillo Araya; Daniela Madrid Vásquez; Catalina Osses Valenzuela; Romina Rodríguez Zapata; Daniela Sandoval Soto,2026-10-05 22:25
W7127456415,"Validity and reliability of a scale of activities of daily living at home in children, youth and adults with Down syndrome in Chile",2026,S151209016,https://doi.org/10.1186/s41043-025-01227-0,Camilo Urra-Albornoz,2026-10-05 22:25
W7127583237,Tracing the origins of Antarctic periwinkles: an integrative morphological–molecular perspective on Laevilacunaria evolution,2026,S3006207977,https://doi.org/10.1098/rspb.2025.2149,Moisés A. Valladares,2026-10-05 22:25
W7127588811,Social identity and polarisation on social media around the satire of power regarding Chilean police violence,2026,S4210192782,https://doi.org/10.25074/07198051.45.3001,Pablo Alcota,2026-10-05 22:25
W7127926873,Effect of Charge Distribution Along Anionic Polyacrylamide Chains on Quartz Adsorption: A Molecular Dynamics Study,2026,S123288148,https://doi.org/10.3390/polym18030414,Gonzalo R. Quezada; Karien I. García,2026-10-05 22:25
W7127953267,Experiencias de docentes en formación sobre la aplicación de habilidades socioemocionales en contexto educativo rural,2026,S4306400562,https://doi.org/10.5281/zenodo.18501424,Marcela Liliana Mora Donoso,2026-10-05 22:25
W7127995700,Experiencias de docentes en formación sobre la aplicación de habilidades socioemocionales en contexto educativo rural,2026,S4387278416,https://doi.org/10.5281/zenodo.18501423,Marcela Liliana Mora Donoso,2026-10-05 22:25
W7128017999,"El tiempo histórico, el futuro y la utilidad de la historia en los estudiantes secundarios de Chile",2026,S2737482418,https://doi.org/10.17081/eduhum.28.50.7882,Cristián Leal Pino,2026-10-05 22:25
W7128069003,"Experiencia, corporalidad y emoción: el saber pedagógico como praxis enactiva en el prácticum del profesorado de Historia y Geografía",2026,S5407047817,https://doi.org/10.71112/evp0yv57,Evelyn Gladys Zagal Valenzuela,2026-10-05 22:25
W7128182905,Crystal growth kinetics of barium sulfide (BaS): insights from molecular dynamics and kinetic phase-field modeling,2026,S190924190,https://doi.org/10.1088/1361-648x/ae430d,Roberto E. Rozas,2026-10-05 22:25
W7128313118,Applying Deep Learning and Machine Learning for Detecting Gender Bias in Teaching Student Feedback: Toward a Gender-Bias-Free University,2026,S2485537415,https://doi.org/10.1109/access.2026.3661575,Alejandra Segura-Navarrete; Christian Vidal‐Castro; Sebastián Espinoza-Silva; Tatiana Gutiérrez-Bunster,2026-10-05 22:25
W7128358655,Effect of Stoichiometry in Mo-Based Ordered Double Transition Metal Carbide MXenes on Solid Lubrication and Tribo-Film Formation,2026,S145476921,https://doi.org/10.1021/acsnano.5c18644,Paulina Valenzuela; William Gacitúa,2026-10-05 22:25
W7128375650,Enhancing rheological and ageing performance of asphalt binders using hazelnut shell biochar additives,2026,S29980478,https://doi.org/10.1016/j.conbuildmat.2026.145507,José L. Concha,2026-10-05 22:25
W7128400068,Ordered Hexagonal Donut Plate of Pt 2 FeCu/C Ternary Alloy Nanoparticle as a Pro-Efficient Catalyst for ORR,2026,S2502047864,https://doi.org/10.1021/acssuschemeng.5c10207,Christopher Salvo,2026-10-05 22:25
W7128421645,Relating Wind Stress Variability to the Oceanic Spawning Habitat of Jack Mackerel ( Trachurus murphyi ) Off Central Chile,2026,S143565956,https://doi.org/10.1111/fog.70034,Luis Soto-Mardones,2026-10-05 22:25
W7128426668,Drivers of cybersecurity adoption in developing countries: a data-driven approach,2026,S4210179427,https://doi.org/10.1108/arla-12-2024-0358,Felipe A. López; Miguel Yáñez Alvarado; Sergio Araya,2026-10-05 22:25
W7128520682,Multifunctional porous asphalt mixture containing metallic blast furnace dust for self-healing permeable pavements,2026,S20715302,https://doi.org/10.1617/s11527-026-02957-1,José L. Concha,2026-10-05 22:25
W7128686929,Circulation and hydrographic conditions in an upwelling-influenced bay of central Chile,2026,S195909765,https://doi.org/10.1016/j.jmarsys.2026.104196,Gonzalo S. Saldías,2026-10-05 22:25
W7128694332,Assessing Safety and Compliance in Commercial LPG Systems: A Critical Diagnosis from the Ecuadorian Regulatory Framework,2026,S4210174142,https://doi.org/10.3390/urbansci10020114,Cinthia Vásquez-Sandoval,2026-10-05 22:25
W7128698556,Mass and coupling magnetic field dependence in a scalar theory with charged bosons from an environmentally friendly renormalization group analysis,2026,S4210238307,https://doi.org/10.1103/jcvp-2w1n,Ana Júlia Mizher,2026-10-05 22:25
W7128796850,Intervención educativa gamificada con javascript: evidencias en Colombia y Chile,2026,S4404663731,https://doi.org/10.54899/dcs.v23i87.4295,Rodrigo Panes-Chavarría,2026-10-05 22:25
W7128806216,𝐶¹ virtual element methods on polygonal meshes with curved edges,2026,S102439543,https://doi.org/10.1090/mcom/4175,D. Mora; A. Silgado,2026-10-05 22:25
W7128813435,Biomass procurement and supplier diversification for energy generation: Optimization models and insights,2026,S109565702,https://doi.org/10.1016/j.apenergy.2026.127544,Felipe T. Muñoz,2026-10-05 22:25
W7128814770,A Hybrid Machine Learning–Metaheuristic Approach to Solving the Quadratic Multidimensional Knapsack Problem,2026,S4210192031,https://doi.org/10.3390/math14040666,Jorge Tapia-Oñate; Carlos Rey,2026-10-05 22:25
W7128913317,Worldwide research in autism: Mapping the literature by bibliometric analysis,2026,S87781914,https://doi.org/10.1016/j.reia.2026.202859,Carla Soledad Figueroa Saavedra,2026-10-05 22:25
W7129448714,Trayectorias Fonológicas en el Síndrome de Down: Un Análisis Multidimensional,2026,S2738919291,https://doi.org/10.5209/rlog.104526,Yuri Esperanza Vega Rodríguez,2026-10-05 22:25
W7130451757,Predicting rolling shear failure of cross-laminated panels using a multiscale domain decomposition approach,2026,S3034486266,https://doi.org/10.1186/s40323-026-00318-9,Jorge Fernández,2026-10-05 22:25
W7130858594,Electrostatic and Geometric Control of Hydride Transfer Stereoselectivity in Bridged Pterins: A Computational Study,2026,S4306400562,https://doi.org/10.5281/zenodo.18501063,David Adrian Saez,2026-10-05 22:25
W7130860459,Electrostatic and Geometric Control of Hydride Transfer Stereoselectivity in Bridged Pterins: A Computational Study,2026,S4306400562,https://doi.org/10.5281/zenodo.18501064,David Adrian Saez,2026-10-05 22:25
W7131087379,The endomicrobiome and weed invasiveness in Mediterranean ecosystems worldwide,2026,S64187185,https://doi.org/10.1038/s41467-026-68826-1,Cristian Torres‐Díaz,2026-10-05 22:25
W7131209073,Eco-comunicación y greenfluencers en Iberoamérica: un estudio exploratorio,2026,S2736322943,https://doi.org/10.17163/uni.n44.2026.01,Tomás Zapata-Soto; Nataly Andrea Guiñez-Cabrera,2026-10-05 22:25
W7131241189,Unmasking hidden energy poverty: Indoor environmental assessment of central-southern Chilean housing,2026,S2898434319,https://doi.org/10.1016/j.egyr.2026.109143,V. Cerda-Fuentes; Héctor Gaete Feres,2026-10-05 22:25
W7131361286,Standardization of Prefabricated Wood Panels to Improve Housing Manufacturing in SMEs,2026,S4210191137,https://doi.org/10.3390/buildings16050908,José P. Undurraga; Roberto Aedo-García; FRANCISCO RAMIS LANYON,2026-10-05 22:25
W7131816238,Regime-aware unsupervised monitoring of microalgal photobioreactors via change-point detection and ensemble anomaly scoring,2026,S150671403,https://doi.org/10.1016/j.compchemeng.2026.109611,Robinson Soto‐Ramírez,2026-10-05 22:25
W7133486471,Atributos de identidad profesional del profesorado en perspectiva de estudiantes que inician su formación pedagógica en Historia y Geografía,2026,S7407065477,https://doi.org/10.5281/zenodo.18859327,Carolina Flores Lueg; Raquel Rebolledo-Rebolledo; María Teresa Castañeda Díaz,2026-10-05 22:25
W7133542400,Atributos de identidad profesional del profesorado en perspectiva de estudiantes que inician su formación pedagógica en Historia y Geografía,2026,S4306400562,https://doi.org/10.5281/zenodo.18859328,Carolina Flores Lueg; Raquel Rebolledo-Rebolledo; María Teresa Castañeda Díaz,2026-10-05 22:25
W7133915312,In Situ FBRM Analysis of Additive-Controlled Reactive Crystallization of Lithium Carbonate,2026,S108911230,https://doi.org/10.3390/molecules31050857,Karien I. García,2026-10-05 22:25
W7134006904,Teacher perceptions of service-learning in physical education in Chile: a framework for inclusion in health and education.,2026,S58769659,https://doi.org/10.1080/13573322.2026.2633442,Samuel Pérez Norambuena,2026-10-05 22:25
W7134034888,Preferences for sustainable transitions in Chilean land-based salmon farming: RAS vs. NbS,2026,S90033409,https://doi.org/10.1080/13657305.2026.2630910,César Salazar; Francisco Hernández,2026-10-05 22:25
W7134041195,Genotypic and Phenotypic Characterization of Cronobacter spp. Strains Isolated from Powdered Milk Formulas and Dairy Production Environments,2026,S4210222090,https://doi.org/10.3390/microorganisms14030593,Julio Parra‐Flores; María Reyes-Fuentes,2026-10-05 22:25
W7134067478,Effective science communication in the face of water crises: a community perspective on challenges and best practice in HELPING,2026,S59323220,https://doi.org/10.1080/02626667.2026.2625282,Alonso Pizarro,2026-10-05 22:25
W7134130697,Implementación de prácticas de evaluación formativa en establecimientos públicos de educación parvularia,2026,S4387283194,https://doi.org/10.56712/latam.v7i1.5456,Carlos Javier Ossa Cornejo,2026-10-05 22:25
W7134141195,Aprendizaje servicio con personas mayores: implicancias pedagógicas y desarrollo de competencias en la formación docente de Educación Física,2026,S2738013834,https://doi.org/10.47197/retos.v78.118410,Samuel Pérez Norambuena,2026-10-05 22:25
W7134171269,How much water do we really appropriate? A revised water footprint and its application in the agriculture and forestry of south-central Chile,2026,S2764733428,https://doi.org/10.1016/j.iswcr.2026.100640,Steven Hidalgo; Patricio Alejandro Neumann-Langdon,2026-10-05 22:25
W7134276119,Effect of Wind-Driven Circulation on the Spatial Distribution of Dissolved Oxygen and Carbonate System Variables in the Mexican Tropical Pacific Region,2026,S2736865057,https://doi.org/10.3390/jmse14050514,Luis Soto-Mardones,2026-10-05 22:25
W7134808019,El papel del Sistema de Alerta Temprana en la percepción del riesgo y las estrategias de afrontamiento ante incendios forestales,2026,S4306526401,https://doi.org/10.22544/rcps.v45i01.04,Valentina Vera-Caro; Esperanza Romero Muñoz; Catalina Reyes Sepúlveda; José Manuel Sandoval-Díaz,2026-10-05 22:25
W7134811098,"Proyectos de Restauración Predial en Florida, Chile: Limitaciones y Oportunidades de Acción de Prevención de Incendios Promovidas desde Instituciones Públicas y Organismos Internacionales",2026,S32100302,https://doi.org/10.4067/s0718-34022026000100109,Stella Schroeder,2026-10-05 22:25
W7134833082,A second-order nonstandard finite difference scheme for an eco-epidemiological predator-prey model,2026,S137349598,https://doi.org/10.1080/10236198.2026.2638517,Juan Barajas-Calonge; Luis Miguel Villada,2026-10-05 22:25
W7134837421,A Biodiversity Hotspot with a Highly Modified Landscape: Species Identification Among Urban Residents Engaged in Nature-Based Recreation,2026,S130273055,https://doi.org/10.3390/d18030171,María Belén Ortega-Senet,2026-10-05 22:25
W7134849379,Antarctic Fungi as a Source of Alternative Antifungal Compounds: Bioactive Metabolites from South Shetland Islands Fungi with Activity Against Candida Species,2026,S4210222090,https://doi.org/10.3390/microorganisms14030617,Jaime R. Cabrera‐Pardo,2026-10-05 22:25
W7134903385,RePo index: a multidimensional framework to quantify genetic resilience in data-limited amphibian faunas,2026,S28614077,https://doi.org/10.1186/s12864-026-12686-y,Marcela A. Vidal; Felipe Barraza-Acuña; Cristian Torres‐Díaz; Moisés ALONSO VALLADARES,2026-10-05 22:25
W7134973821,An Interpretable Fuzzy Framework for Data-to-Text Generation Using Linguistic Contexts and Computational Perceptions: A Case Study on Photovoltaic Stations,2026,S4210200511,https://doi.org/10.3390/ai7030103,Clemente Rubio-Manzano,2026-10-05 22:25
W7135023870,Developing reading materials: Pre-service teachers' perceptions and decision-making processes in an English education program,2026,S2739091560,https://doi.org/10.21703/rexe.v25i.3582,Margarita Ulloa-Toro,2026-10-05 22:25
W7135024508,The averaging method for Hamiltonian systems in the degenerate case,2026,S19392275,https://doi.org/10.3934/dcds.2026058,Claudio Vidal,2026-10-05 22:25
W7135025550,"Pulsed electric fields for starch recovery from avocado seed: Structural changes, hydrogel formation and in vitro digestibility",2026,S130676932,https://doi.org/10.1016/j.ifset.2026.104546,Danela Silva-Ferrer; Dominique Larrea-Wachtendorff; Gipsy Tabilo‐Munizaga; Carolina Herrera‐Lavados; Mario Pérez Won,2026-10-05 22:25
W7135066301,Changes in physical growth and nutritional status in adolescents in a region of Chile,2026,S108953488,https://doi.org/10.20960/nh.06104,Camilo Urra-Albornoz,2026-10-05 22:25
W7135189951,The role of feedback explicitness in L2 morpheme acquisition: Evidence from Chile,2026,S130873806,https://doi.org/10.1016/j.system.2026.104027,Belén Muñoz Muñoz; Ignacio Ferrada Valenzuela; Daniel Mesia Romero,2026-10-05 22:25
W7135203606,Amino acid digestibility and in vitro DIAAS of protein isolates from 20 Chilean landraces of common bean (Phaseolus vulgaris L.),2026,S25323420,https://doi.org/10.1016/j.jfca.2026.109080,Katherine Márquez,2026-10-05 22:25
W7135206375,Creencias de docentes de matemáticas sobre resolución de problemas y conocimientos culturales de estudiantes migrantes,2026,S4210223866,https://doi.org/10.64856/acta.scientiae.8338,Miguel Claudio Friz Carrillo,2026-10-05 22:25
W7135399850,Essential amino acid profiles of Cuban foods and population intakes: Evidence from a national total diet study,2026,S25323420,https://doi.org/10.1016/j.jfca.2026.109086,Yenisleidys Fernández-Guerrero,2026-10-05 22:25
W7136049790,PVMSim User Manual,2026,S4306400562,https://doi.org/10.5281/zenodo.19040390,Carlos Zalazar Oliva,2026-10-05 22:25
W7136079642,PVMSim User Manual,2026,S4306400562,https://doi.org/10.5281/zenodo.19040391,Carlos Zalazar Oliva,2026-10-05 22:25
W7136620068,Analytical Perspectives and Numerical Simulations of a Mathematical Model for Spatiotemporal Dynamics of Citrus Greening,2026,S4210192031,https://doi.org/10.3390/math14060990,Aníbal Coronel,2026-10-05 22:25
W7137142814,From the Cluttered Room to the Full Hard Drive: The Relationship Between Hoarding Disorder and Digital Hoarding,2026,S4210194710,https://doi.org/10.3390/bs16030429,Natalia Bravo-Adasme; Elizabeth E. Grandón,2026-10-05 22:25
W7137253366,Quasi-normal modes and shadows of scale-dependent regular black holes,2026,S120662888,https://doi.org/10.1088/1475-7516/2026/03/048,Ángel Rincón,2026-10-05 22:25
W7138840819,Understanding Digital Hoarding: Conceptual Framework and Future Research based on a Scoping Review,2026,S4306400562,https://doi.org/10.5281/zenodo.19102341,Natalia Sthefania Bravo-Adasme,2026-10-05 22:25
W7138847704,Understanding Digital Hoarding: Conceptual Framework and Future Research based on a Scoping Review,2026,S4306400562,https://doi.org/10.5281/zenodo.19102138,Natalia Sthefania Bravo-Adasme,2026-10-05 22:25
W7138852488,Antioxidant Activity and Resistance Against Oxidation of Peptide Fractions from Common Bean (Phaseolus vulgaris L.) Landraces Assessed by EPR and Chemical Assays,2026,S2737566431,https://doi.org/10.3390/antiox15030376,Katherine Márquez-Calvo; Gipsy Tabilo‐Munizaga,2026-10-05 22:25
W7138922952,Comprensiones sobre el buen profesorado universitario y su influencia en la práctica e identidad profesional en el estudiantado de pedagogía,2026,S2736711335,https://doi.org/10.1590/s1413-24782026310002,Samuel Pérez Norambuena,2026-10-05 22:25
W7139004611,Interior Penalty Discontinuous Galerkin Methods for the Nearly Incompressible Elasticity Eigenvalue Problem with Heterogeneous Media,2026,S165512578,https://doi.org/10.1137/24m164358x,Felipe Lepe,2026-10-05 22:25
W7139010737,¿Cuáles son las estrategias de intervención vocal? Una propuesta teórica de las prácticas en terapia vocal,2026,S4210201465,https://doi.org/10.1590/1982-0216/202628110224s,Jaime Crisosto-Alarcón,2026-10-05 22:25
W7139057041,Understanding Digital Hoarding: Conceptual Framework and Future Research based on a Scoping Review,2026,S4306400562,https://doi.org/10.5281/zenodo.19102137,Natalia Sthefania Bravo-Adasme,2026-10-05 22:25
W7139061633,Electrostatic and geometric control of hydride transfer stereoselectivity in bridged pterins: A computational study,2026,S137947318,https://doi.org/10.1016/j.comptc.2026.115771,David Adrian Saez,2026-10-05 22:25
W7139098235,What are voice intervention strategies? A theoretical framework about the delivery methods used in voice intervention,2026,S4210201465,https://doi.org/10.1590/1982-0216/202628110224,Jaime Crisosto-Alarcón,2026-10-05 22:25
W7140095045,Balancing performance and constructability: A multi-objective optimization framework for low-carbon 2D truss design,2026,S2898442875,https://doi.org/10.1016/j.istruc.2026.111705,Ginnia Moroni,2026-10-05 22:25
W7140123547,Anomalous Klein tunneling with magnetic barriers in strained graphene,2026,S187991544,https://doi.org/10.1063/5.0320224,Alfredo Raya,2026-10-05 22:25
W7140306393,Can Wormhole Spacetimes in Unimodular Gravity Be Supported by Ordinary Matter? A General Proof of the Exotic Matter Requirement,2026,S4210173132,https://doi.org/10.3390/axioms15040244,Mauricio Cataldo,2026-10-05 22:25
W7140388326,"Practices, barriers, and opportunities for dietitians‐nutrionists in critical care in Latin America: A cross‐sectional study",2026,S100343354,https://doi.org/10.1002/jpen.70074,Solange Liliana Parra-Soto,2026-10-05 22:25
W7141185805,"Trace element composition and dietary exposure to Mn, Se, Mo, Cr, Co, Ni, and Li in the Cuban diet: Evidence from a Total Diet Study",2026,S165809374,https://doi.org/10.1016/j.jtemb.2026.127868,Yenisleidys Fernández-Guerrero,2026-10-05 22:25
W7142359138,A Nitsche-based FEM with Grad-Div stabilization for the velocity-pressure formulation of the Brinkman problem with mixed boundary conditions on the pressure,2026,S40006715,https://doi.org/10.1016/j.cma.2026.118923,Verónica Anaya; Yuliza Capuñay,2026-10-05 22:25
W7142752201,Range extension of Vallonia pulchella and first record of Vallonia cf. excentrica (Gastropoda: Valloniidae) in continental Chile,2026,S7429653,https://doi.org/10.22201/ib.20078706e.2026.97.5582,Gonzalo A. Collado,2026-10-05 22:25
W7142896499,Exploring the biological durability of Pinus radiata wood treated with copper nanoparticles and micronized copper: a micro-CT structural evaluation,2026,S37840076,https://doi.org/10.1080/17480272.2026.2644458,María Graciela Aguayo; Mario Núñez-Decap; Laura Reyes,2026-10-05 22:25
W7143632057,"¿Por qué suben los precios de la vivienda en Concepción, Chile?: la historia oficial y sus grietas",2026,S4306506349,https://doi.org/10.37230/cytet.2026.227.14,Francisco Sabatini; Ignacio Bisbal Grandal,2026-10-05 22:25
W7143997320,A Bayesian cure rate model using the Bell–Touchard distribution and Hamiltonian Monte Carlo methods,2026,S4210179087,https://doi.org/10.3934/math.2026361,Manuel Barahona; Yolanda M. Gómez; Diego Ignacio Gallardo,2026-10-05 22:25
W7144013490,Optimización paramétrica de la morfología urbana en base al confort urbano en climas húmedos: Caso de estudio la ciudad de Concepción,2026,S4306506349,https://doi.org/10.37230/cytet.2026.227.18,Rodrigo Mabán-Ruiz; Sergio Baeriswyl; Ignacio Bisbal Grandal,2026-10-05 22:25
W7147014656,Coordinación motriz y fuerza muscular según la maduración somática en escolares chilenos,2026,S2738994920,https://doi.org/10.17979/sportis.2026.12.2.12810,Claudio Hernández-Mosqueira,2026-10-05 22:25
W7147017009,Relación entre la edad y tamaño corporal con el número de pasos en un recreo escolar en adolescentes,2026,S2738994920,https://doi.org/10.17979/sportis.2026.12.2.12487,Camilo Urra-Albornoz,2026-10-05 22:25
W7147402113,Efectos del tecnoestrés sobre el compromiso de continuidad y el rendimiento organizativo en instituciones de educación superior chilenas,2026,S2736647864,https://doi.org/10.17163/ret.n31.2026.09,Sergio Araya; Yarisel Bueno-Broterson; Marcela Guinez-Perez,2026-10-05 22:25
W7147448366,Variaciones longitudinales en la composición corporal y el rendimiento físico durante una temporada en jóvenes futbolistas chilenos,2026,S2738994920,https://doi.org/10.17979/sportis.2026.12.2.12995,Claudio Hernández-Mosqueira,2026-10-05 22:25
W7147585302,Rendimiento físico y características antropométricas según la maduración somática en jóvenes futbolistas chilenos,2026,S2738994920,https://doi.org/10.17979/sportis.2026.12.2.12706,Claudio Hernández-Mosqueira,2026-10-05 22:25
W7148268523,Malestar docente en educación secundaria: Reflexión pedagógica desde la experiencia docente,2026,S4390297081,https://doi.org/10.22320/reined.v8i1.7854,Christian Caro Ortiz,2026-10-05 22:25
W7148448642,Intertextualidad en la política de convivencia educativa chilena,2026,S4390297081,https://doi.org/10.22320/reined.v8i1.7853,Osvaldo Caro Caro,2026-10-05 22:25
W7148572613,Creación y validación de un protocolo para evaluar las estructuras y funciones orofaciales (PEEFO): pilotaje en adultos jóvenes,2026,S4210169275,https://doi.org/10.5354/0719-4692.2026.78263,Juan Pablo Hidalgo-Ortiz,2026-10-05 22:25
W7148614218,La reflexión docente en contextos rurales: Significados y estrategias en educadoras de párvulos,2026,S4390297081,https://doi.org/10.22320/reined.v8i1.7856,Ana Suazo Gutiérrez,2026-10-05 22:25
W7149229246,Efectos del tecnoestrés sobre el compromiso de continuidad y el rendimiento organizativo en instituciones de educación superior chilenas,2026,S4306401112,,S. Araya; Y. Bueno; M. Guiñez,2026-10-05 22:25
W7150744033,Psychometric Validation of a Spanish–Chilean Instrument for Assessing Public Attitudes Toward Childhood Stuttering: Construct Validity and Internal Consistency,2026,S2736895435,https://doi.org/10.3390/children13040506,Yasna Sandoval; Carlos Rojas; Francisco Fernando Novoa; Gabriel Lagos; Carla Soledad Figueroa Saavedra; Álvaro Silva; Jaime Crisosto-Alarcón; Mauricio Alfaro-Calfullán,2026-10-05 22:25
W7150774084,Co-docencia e inclusión educativa: Significados docentes en primer ciclo en Ñuble,2026,S4390297081,https://doi.org/10.22320/reined.v8i1.7870,Carolina Andrea Sáez Lagos,2026-10-05 22:25
W7150817538,"Intersecciones de desigualdad: Género, ruralidad y salud en mujeres mayores",2026,S4390297081,https://doi.org/10.22320/reined.v8i1.7877,Karina Jorquera Cofré,2026-10-05 22:25
W7150896409,El acoso laboral según el profesorado de trabajo social: Un estudio cualitativo,2026,S4390297081,https://doi.org/10.22320/reined.v8i1.7865,Antonia Merino Fuentes; Francisca Ponce Ibáñez; Mairym Salgado Rivas; Victoria Sanhueza Jerez,2026-10-05 22:25
W7150997857,Parametric Form-Finding for 3D-Printed Housing: A Computational Workflow from Generative Exploration to Architectural Development,2026,S4210205812,https://doi.org/10.3390/app16073527,Rodrigo Hernán García-Alvarado; Eduardo Valenzuela-Astudillo,2026-10-05 22:25
W7151211963,Quality Assessment of Grape Juice Produced with a Semi-Industrial Steam Extractor Designed to Reduce Juice Dilution by Separate Collection of Condensates,2026,S4210220491,https://doi.org/10.1021/acsfoodscitech.6c00056,Javier Espinoza-Fuentes; Edgar Pastene; Josefina Burgos,2026-10-05 22:25
W7151232851,Convergence analysis and adaptive computation of a Banach-space mixed finite element method for generalized bioconvective flows,2026,S40006715,https://doi.org/10.1016/j.cma.2026.118964,Eligio Colmenares; Dalidet Sanhueza,2026-10-05 22:25
W7151518005,Mixed‐Condorcet: An Advanced Method of Clustering for Mixed Data in Social Sciences,2026,S4210240678,https://doi.org/10.1155/cmm4/4131138,Luis Firinguetti-Limone,2026-10-05 22:25
W7151766022,"Minthostachys mollis: Chemical composition, biological activities and potential applications in a systematic and bibliometric review",2026,S2739387109,https://doi.org/10.17268/sci.agropecu.2026.031,Max Vásquez-Senador,2026-10-05 22:25
W7151966588,Almost Automorphic Solutions for the Heat Equation Involving the Discrete Fractional Laplacian in Continuous and Discrete Time,2026,S89452420,https://doi.org/10.1002/mma.70678,Silvia Rueda,2026-10-05 22:25
W7152014053,Estado nutricional de mujeres con diabetes gestacional y características del recién nacido,2026,S62923122,https://doi.org/10.37527/2012.62.4.001,María Angélica González Stäger; Alejandra Rodríguez‐Fernández; Victoria Ortega Quintana; Leslie Oliveras Vega,2026-10-05 22:25
W7152041535,"Evaluating and Optimizing Air Quality Forecasting for Critical Particulate Matter Episodes in the Santiago Metropolitan Region, Chile",2026,S10134376,https://doi.org/10.3390/su18083652,Serguei Alejandro-Martín,2026-10-05 22:25
W7153439337,Triple-hybridization strategy for crashworthiness in polyurea-reinforced carbon-fiber/polyamide lattice structures,2026,S205118121,https://doi.org/10.1016/j.tws.2026.114880,César Garrido,2026-10-05 22:25
W7153996758,Stochastic model for the mechanical properties degradation of corroded reinforcement bars,2026,S2764478331,https://doi.org/10.1016/j.jobe.2026.116075,Franco Benedetti,2026-10-05 22:25
W7154104546,Energy and Exergy Assessment of a 250 MW Steam Boiler Under Partial Load Conditions: Comparative Analysis of Fuel Oil and Enhanced Crude Oil,2026,S190787756,https://doi.org/10.3390/sym18040647,Carlos Zalazar,2026-10-05 22:25
W7154130306,Familia y experiencia universitaria: Representaciones sociales de estudiantes de Educación Superior,2026,S4390297081,https://doi.org/10.22320/reined.v8i1.7896,Roberto Alejandro Muñoz Tiznado; Héctor Cárcamo Vásquez,2026-10-05 22:25
W7154145105,Short-term variability of dissolved methane in surface waters of an upwelling bay off central Chile,2026,S4210220720,https://doi.org/10.1088/2515-7620/ae5edb,Luis Soto-Mardones,2026-10-05 22:25
W7154321974,Effects of Thermal and Non-Thermal Pretreatments on the Drying Kinetics and Bioactive Compounds of the Chilean Mushroom Morchella conica,2026,S4210201879,https://doi.org/10.3390/pr14081251,José Miguel Bastías‐Montes; Horacio Fraguela-Meissimilly; Marcia María Cabrera-Pérez; Carla Vidal-San Martín,2026-10-05 22:25
W7154344393,Stabilized Multicolor CsPbBr 3– x I x Nanocrystals via Ca–I Scorpionate Capping for Down-Light Converters,2026,S4387282954,https://doi.org/10.1021/acsaom.6c00102,Javier Martínez,2026-10-05 22:25
W7154452641,Dilemas de posicionalidad de sujeto/a en la investigación narrativa dialógica feminista,2026,S187296519,https://doi.org/10.1590/1806-9584-2026v34n199420,Soledad Martínez Labrín,2026-10-05 22:25
W7154483458,Structural modifications of lupin protein isolate induced by high hydrostatic pressure and their impact on in vitro digestibility and techno-functional properties,2026,S38919146,https://doi.org/10.1016/j.foodres.2026.119186,Dominique Larrea-Wachtendorff,2026-10-05 22:25
W7154590753,"Genetic predisposition to high BMI, ultra-processed food consumptions in childhood, and adiposity in young adulthood: a 17-year prospective cohort study of 3061 individuals",2026,S135560524,https://doi.org/10.1186/s12916-026-04764-5,Solange Liliana Parra-Soto,2026-10-05 22:25
W7154699175,"Additional file 1 of Genetic predisposition to high BMI, ultra-processed food consumptions in childhood, and adiposity in young adulthood: a 17-year prospective cohort study of 3061 individuals",2026,S4377196282,https://doi.org/10.6084/m9.figshare.32039281.v1,Solange Liliana Parra-Soto,2026-10-05 22:25
W7154719981,Optimal control of inter-population disease spread via reaction-diffusion models,2026,S4210190100,https://doi.org/10.1016/j.mbs.2026.109690,Verónica Anaya,2026-10-05 22:25
W7154735663,"Additional file 1 of Genetic predisposition to high BMI, ultra-processed food consumptions in childhood, and adiposity in young adulthood: a 17-year prospective cohort study of 3061 individuals",2026,S4377196282,https://doi.org/10.6084/m9.figshare.32039281,Solange Liliana Parra-Soto,2026-10-05 22:25
W7154897920,Understanding digital hoarding: conceptual framework and future research based on a scoping review,2026,S4210206302,https://doi.org/10.1057/s41599-026-07263-3,Natalia Bravo-Adasme; Elizabeth Grandón,2026-10-05 22:25
W7155186122,Chemical Profile and Bioinsecticidal Nanoemulsion of Haplopappus foliosus Essential Oil: Mechanistic Insights into Pest Management Using a Drosophila Model,2026,S4210230202,https://doi.org/10.3390/plants15091282,Julio Alarcón,2026-10-05 22:25
W7155209097,Ultra-processed food consumption and non-nutritive sweetener in vegan and omnivore adults: A cross-sectional study,2026,S4387287124,https://doi.org/10.1016/j.foohum.2026.101195,Solange Liliana Parra-Soto,2026-10-05 22:25
W7155215896,Two-throat asymptotically flat wormholes,2026,S94052278,https://doi.org/10.1140/epjc/s10052-026-15704-1,Mauricio Cataldo; Antonella Cid; Pedro Labraña,2026-10-05 22:25
W7155368768,"Preliminary Study of Reinforced Glulam Beams with a High-Performance Composite Made of Polyvinyl Alcohol, Carbon Fiber, and Nanomaterials",2026,S123288148,https://doi.org/10.3390/polym18091018,Mario Núñez-Decap; MARCELA VIDAL-VEGA; Camila Opazo-Carlsson; Boris Moya-Rojas,2026-10-05 22:25
W7155388960,Do information processing biases drive local community misconceptions of aquaculture? Evidence from harmonized surveys in Chile and Vietnam,2026,S44455300,https://doi.org/10.1016/j.jenvman.2026.129697,César Salazar,2026-10-05 22:25
W7155583640,Estilos de vida y su relación con el cáncer: una revisión narrative,2026,S4377196274,,Carla Villagrán-Cerro; Solange Liliana Parra-Soto,2026-10-05 22:25
W7155642860,The complexity of organizational structures in the construction industry: comparative analysis of building projects,2026,S5407036627,https://doi.org/10.1007/s44290-026-00478-y,Gonzalo Garcés,2026-10-05 22:25
W7155691372,From soundscapes and smellscapes to visualscapes: circumplex models of indoor environmental perception,2026,S4210200997,https://doi.org/10.36253/tema-16968,Cecilia Palarino-Vico,2026-10-05 22:25
W7155717575,In vitro evidence that plasma of women with eclampsia disrupts the blood-brain barrier,2026,S52732750,https://doi.org/10.3389/fphys.2026.1778955,Jesenia Acurio; Felipe Troncoso; Estefanny Escudero-Guevara; Hermes Sandoval; Belén Ibáñez; Carlos Escudero,2026-10-05 22:25
W7155944218,"Effect of self-regulated learning on academic performance in mathematics, language and science: a network analysis",2026,S7407065477,https://doi.org/10.5281/zenodo.19809080,Carlos Ossa Cornejo,2026-10-05 22:25
W7155968055,The impact of greenwashing on stakeholders' perceptions and reactions to environmental scandals,2026,S4210179423,https://doi.org/10.29393/ran12-13gsvr40013,Tomás Zapata-Soto; Nataly Andrea Guiñez-Cabrera; Thomas Acevedo-Stobberup,2026-10-05 22:25
W7156303495,"Effect of self-regulated learning on academic performance in mathematics, language and science: a network analysis",2026,S4306400562,https://doi.org/10.5281/zenodo.19809081,Carlos Ossa Cornejo,2026-10-05 22:25
W7157152792,Promover el pensamiento crítico en futuros profesores de ciencias en Latinoamérica: Reflexión sobre toma decisiones en procesos transformativos de práctica,2026,S4210196232,https://doi.org/10.36661/2595-4520.2026v9n2.15523,Edith Herrera San Martín,2026-10-05 22:25
W7157531350,Uso de redes sociales digitales y soledad percibida en Adultos Mayores de la Región de Ñuble,2026,S4306501232,https://doi.org/10.35319/ajayu.241370,Rodolfo Mendoza-Llanos,2026-10-05 22:25
W7158279874,"Mental Health Conditions and Incident Cancer: A Prospective Cohort Study of 402,255 UK Biobank Participants",2026,S5382288,https://doi.org/10.1002/ijc.70527,Solange Liliana Parra-Soto,2026-10-05 22:25
W7159041713,Observational appearance and photon rings of nonsingular black holes from anisotropic fluids,2026,S4210238307,https://doi.org/10.1103/z7mw-d6hl,Ángel Rincón,2026-10-05 22:25
W7159602768,Secondary organic aerosol formation from linalool-derived Criegee intermediates: mechanistic insights into Criegee-carbonyl cycloadditions and atmospheric implications,2026,S181332294,https://doi.org/10.1039/d6cp01200k,César Barrales‐Martínez,2026-10-05 22:25
W7159640978,Validación psicométrica de la Escala ZICAP III en adultos emergentes chilenos,2026,S4210173226,https://doi.org/10.24265/liberabit.2026.v32n1.1178,Nelson Zicavo; Nichmet  Bascurt; Constanza Retamal; Maryes  Fierro; Mauricio  Mercado,2026-10-05 22:25
W7159772686,Determinants of environmental tobacco smoke exposure in Chile: a national study using complex survey data and robust count models,2026,S2595931848,https://doi.org/10.3389/fpubh.2026.1730267,Francisco Fernando Novoa; José Alex Leiva-Caro,2026-10-05 22:25
W7159822573,"Baroclinic Semidiurnal Tidal Currents over the Head of the Biobio Canyon, Central Chile",2026,S2736865057,https://doi.org/10.3390/jmse14090811,Gonzalo S. Saldías,2026-10-05 22:25
W7159943004,La evaluación con perspectiva emancipadora: una propuesta educativa en la formación del profesorado de educación física,2026,S4210211945,https://doi.org/10.4067/s0718-50062026000200203,Samuel Pérez Norambuena,2026-10-05 22:25
W7159972627,New perspectives from matter creation cosmologies to dark sector interactions,2026,S94052278,https://doi.org/10.1140/epjc/s10052-026-15535-0,Antonella Cid,2026-10-05 22:25
W7160097071,Adsorption Characteristics and Mechanistic Role of Ionic Species on the Chalcopyrite (112) Surface Based on DFT Simulations,2026,S10623703,https://doi.org/10.3390/ijms27094012,Gonzalo R. Quezada,2026-10-05 22:25
W7160193321,Metodologías participativas para el fortalecimiento comunitario en programas de vivienda social,2026,S2739145650,https://doi.org/10.65598/rps.6026,Felipe Saravia,2026-10-05 22:25
W7160331279,"Mixotrophic Cultivation of Limnospira (Spirulina) platensis Using Early-Stage Fig Processing Wastewater: Effects on Biomass Composition, Antioxidants and Phycocyanin",2026,S146563757,https://doi.org/10.3390/md24050163,Robinson Soto‐Ramírez,2026-10-05 22:25
W7160430391,La I+i en la acreditación universitaria: La experiencia de la UBB,2026,S4306400562,https://doi.org/10.5281/zenodo.20056581,Evelyn Jaramillo Espinoza,2026-10-05 22:25
W7160446394,La I+i en la acreditación universitaria: La experiencia de la UBB,2026,S4306400562,https://doi.org/10.5281/zenodo.20056580,Evelyn Jaramillo Espinoza,2026-10-05 22:25
W7160534004,"Energy Poverty in Extreme Climates: Thermal Retrofitting as an Alternative to Gas Subsidies in Punta Arenas, Chile",2026,S198098182,https://doi.org/10.3390/en19102249,Nicolás Valenzuela-Pezo; Cristián Muñoz-Viveros,2026-10-05 22:25
W7160634723,Sociodemographic factors associated with major adverse cardiovascular events in the Ñuble Region in Chile: An ecological study,2026,S44034637,https://doi.org/10.1016/j.cpcardiol.2026.103359,Jacqueline Araneda,2026-10-05 22:25
W7160697704,Frequency-dependent excitation mechanisms in two-phase flow-induced vibrations of a horizontal pipe with an internal restriction,2026,S40322869,https://doi.org/10.1016/j.ijheatfluidflow.2026.110451,Luis Felipe Acuna Alegria,2026-10-05 22:25
W7160768519,Power properties of classical test statistics in Weibull regression models with censoring and their applications to sample size calculation,2026,S4210179087,https://doi.org/10.3934/math.2026528,Diego I. Gallardo,2026-10-05 22:25
W7160902003,Climate Change Projected to Double the Richness and Abundance of Soilborne Phytopathogenic Fungi in Southern Maritime Antarctica,2026,S74970393,https://doi.org/10.1111/gcb.70885,Cristian Torres‐Díaz,2026-10-05 22:25
W7160953928,Heavy-Quark Condensate and Vacuum Energy Anomalous Dimension at Five Loops,2026,S4306400383,https://doi.org/10.48550/arxiv.2605.10635,York Schröder,2026-10-05 22:25
W7161056030,Guanidine and bis-guanidine one-component catalysis for bio-based polymers: from synthesis to properties and mechanistic studies,2026,S135472351,https://doi.org/10.1016/j.eurpolymj.2026.114805,Javier Martinez,2026-10-05 22:25
W7161153288,Integrated Evidence of Winter Childhood Exposure to CO2 in Housing and Classrooms in Santiago de Chile,2026,S4210191137,https://doi.org/10.3390/buildings16101943,Javiera Moltedo-Medina; Maureen Trebilcock,2026-10-05 22:25
W7161375739,"Combined use of stable isotopes and heavy metal analysis of Microlophus atacamensis reveals anthropogenic impacts in the coastal upwelling zone, Northern Chile",2026,S13733787,https://doi.org/10.1016/j.ecoenv.2026.120260,Marcela Vidal Maldonado,2026-10-05 22:25
W7161540169,Galerina venenata A. H. Sm.,2026,S4306400562,https://doi.org/10.5281/zenodo.20273892,Jaime R. Cabrera‐Pardo,2026-10-05 22:25
W7161541657,"Re-assessment of the taxonomy of Antarctic mushrooms from King George Island, Antarctica",2026,S4210227917,https://doi.org/10.3897/mycokeys.132.191126,Jaime R. Cabrera‐Pardo,2026-10-05 22:25
W7161624959,Offline Technology for Rural AI Literacy: Steps Towards a Holistic Educational Solution,2026,S10134376,https://doi.org/10.3390/su18105105,Cristhian A. Aguilera; Cristhian A. Aguilera,2026-10-05 22:25
W7161641403,Descortesía positiva simulada en el palabreo LGBTIQA+ en Chile,2026,S1029440727,https://doi.org/10.5209/clac.95405,Jaime Crisosto-Alarcón,2026-10-05 22:25
W7161643536,"Smart-grid development in Chile: Technological conditions, limitations, and policy pathways",2026,S114076160,https://doi.org/10.1016/j.jup.2026.102234,Miguel Parada Contzen,2026-10-05 22:25
W7161654248,"Robustness-by-design for Probiotic Foods: Mechanisms, Non-thermal Stress Conditioning, and Engineered Microenvironments",2026,S163406742,https://doi.org/10.1007/s12602-026-11051-5,José Miguel Bastias; Juan Esteban Reyes-Parra; Indira Pérez Bermúdez; Keyla Tortoló Cabañas; Ricardo Villalobos-Carvajal; Marcia María Cabrera-Pérez,2026-10-05 22:25
W7161682060,Sustainable Synthesis of Bio-Based Oligoesters via ROCOP Reaction of Epoxidized Vegetable Oils with Cyclic Anhydrides Catalyzed by Ionic Liquids,2026,S11629336,https://doi.org/10.1021/acs.biomac.6c00640,Javier Martínez,2026-10-05 22:25
W7161697409,Fujita-Type Results for a Coupled Parabolic System of Hénon-Type Equations on Homogeneous Carnot Groups,2026,S6775291,https://doi.org/10.1007/s12220-026-02475-0,Ricardo Castillo,2026-10-05 22:25
W7161754549,Equidad de Género en I+D+i+e en IGC,2026,S4306400562,https://doi.org/10.5281/zenodo.20314103,Daniel Contreras Reyes,2026-10-05 22:25
W7161810415,Equidad de Género en I+D+i+e en IGC,2026,S4306400562,https://doi.org/10.5281/zenodo.20314102,Daniel Contreras Reyes,2026-10-05 22:25
W7162041779,Caracterización de la cultura de seguridad del paciente en hospitales públicos de Ecuador: estudio multicéntrico transversal,2026,S2736309709,https://doi.org/10.22235/ech.v15i1.5028,Juan Pablo Hidalgo Ortiz,2026-10-05 22:25
W7162085327,Electronic states in curved backgrounds from an extension of the Ritus framework: the case of Buckminsterfullerene,2026,S59012888,https://doi.org/10.1088/1402-4896/ae7211,Alfredo Raya,2026-10-05 22:25
W7162138867,Morley-type VEM for the eigenvalues of the biharmonic operator with essential and natural boundary conditions,2026,S40006715,https://doi.org/10.1016/j.cma.2026.119084,Alberth Silgado,2026-10-05 22:25
W7162299451,"Redefining the Urban Planner’s Role: Gaps in Architectural Education and the Challenge of Informality in Ecuador, Peru and Chile",2026,S2738397068,https://doi.org/10.3390/land15050880,Stella Schroeder,2026-10-05 22:25
W7162334896,Photoactive MoS2/polyethylene smart bilayer actuators for untethered soft-robots,2026,S149937609,https://doi.org/10.1016/j.cej.2026.177617,Laritza Medi; Jorge Fernández,2026-10-05 22:25
W7162510515,Adherence to the 2018 World Cancer Research Fund/American Institute for Cancer Research Cancer Prevention Recommendations and survival in people with incident cancer in UK Biobank,2026,S126033908,https://doi.org/10.1002/cncr.70437,Solange Liliana Parra-Soto,2026-10-05 22:25
W7162576614,Generalized autoregressive score linear model with time-varying parameters based on beta distribution,2026,S4210184815,https://doi.org/10.1007/s00362-026-01850-x,Christian Caamaño-Carrillo; Maximiliano Burgos; Sergio Contreras-Espinoza,2026-10-05 22:25
W7162643474,Prognostic Factors and Sex-Specific Differences in Neonatal Hypoxic–Ischemic Encephalopathy Treated With Therapeutic Hypothermia,2026,S165686931,https://doi.org/10.1016/j.pediatrneurol.2026.05.014,Esteban Navarro; Carlos Escudero,2026-10-05 22:25
W7162670259,Online Financial Disclosure and Corporate Transparency: Explanatory Variables Based on an Index for Companies Issuing Shares on the Colombian Stock Exchange,2026,S4210187237,https://doi.org/10.36105/theanahuacjour.2026v26n1.3049,Fernando Andrés Morales Parada; Reinier Höllander Sanhueza,2026-10-05 22:25
W7162762789,Charm associated production of the pseudoscalar Higgs boson h ′′ in a variant of the maximally C P -symmetric model at the LHC,2026,S4210238307,https://doi.org/10.1103/3ktg-ps6y,M. Maniatis,2026-10-05 22:25
W7162794490,Production of Open-Cell Aluminum Foams from Recycled Alloys by Gravity Melt Infiltration Casting,2026,S120211018,https://doi.org/10.1007/s40962-026-02022-1,Y. Maril; G. O. Neves; P. Tobosque; Christopher Salvo,2026-10-05 22:25
W7162875743,Acetaminophen safety revisited: Integrating placental transfer with the developing blood–brain barrier,2026,S2090548,https://doi.org/10.1113/jp291394,Carlos Escudero,2026-10-05 22:25
W7163028802,Patient-Centered Decision-Making in Multimorbid Older Adults: Challenges for Contemporary Internal Medicine,2026,S5407051405,https://doi.org/10.64784/206,Álvaro Esteban Silva Arriagada,2026-10-05 22:25
W7163033014,Operationalizing telecoupling through territorial life cycle assessment: Environmental evaluation of international agricultural supply chains,2026,S2764749963,https://doi.org/10.1016/j.spc.2026.05.012,Steven Hidalgo; Patricia Jana; Patricio Neumann,2026-10-05 22:25
W7163079020,Social Determinants and Chronic Disease Burden in Latin America: Epidemiological and Clinical Perspectives,2026,S5407051405,https://doi.org/10.64784/207,Álvaro Esteban Silva Arriagada,2026-10-05 22:25
W7163182804,"Systemic Oncology: Metabolic, Immune, and Endocrine Mechanisms in Tumor Progression",2026,S5407051405,https://doi.org/10.64784/214,Álvaro Esteban Silva Arriagada,2026-10-05 22:25
W7163384879,Synthesis and photocatalytic performance of MoO3-based composites (CuO and Fe2O3) for ciprofloxacin degradation: A preliminary study,2026,S106928643,https://doi.org/10.1016/j.ceramint.2026.06.041,Mathías Seguel; Martín Bustamante; Luis Fernández; G. Cabello,2026-10-05 22:25
W7163400100,"Pulmonary, Cardiovascular, and Neurological Consequences of Systemic Hypoxia: An Integrative Multidisciplinary Review",2026,S5407056255,https://doi.org/10.64784/219,Álvaro Esteban Silva Arriagada,2026-10-05 22:25
W7163517711,Thermodynamic moisture sorption analysis to preserve color stability in spray-dried star fruit juice (Averrhoa carambola L) powder.,2026,S115749436,https://doi.org/10.1016/j.fbp.2026.06.002,Erik Alpizar-Reyes,2026-10-05 22:25
W7163529687,Use of Cellulose Acetate Cigarette Filters as a Support in the Immobilization of Ag 6 Si 2 O 7 @Fe 3 O 4 Nanoparticles Obtained by Green Synthesis for the Removal of Methylene Blue in Water,2026,S4210221646,https://doi.org/10.1021/acsapm.6c00660,Katherine Márquez-Calvo,2026-10-05 22:25
W7163551738,"Towards a cleaner food supply chain: power asymmetry, cooperation, and food waste—a hybrid evolutionary-game and agent-based analysis",2026,S58516903,https://doi.org/10.1016/j.jclepro.2026.148646,Jose Maria Gil,2026-10-05 22:25
W7163563837,"Policy pathways to electric vehicle adoption in Chile, a scenario-based analysis of economic and environmental outcomes",2026,S112460912,https://doi.org/10.1108/meq-09-2025-0635,Richard Riffo Sandoval,2026-10-05 22:25
W7163582438,"Genetic Status of the Northernmost Population of the Endangered and Elusive Huemul Deer, Hippocamelus bisulcus",2026,S4210168508,https://doi.org/10.3390/ani16111727,Juan Carlos Marín; Carlos Venegas; Gonzalo Flores Morales; Andrés Felipe Peña Monroy; Juan Pablo Vásquez; Alexandra Chávez,2026-10-05 22:25
W7163696464,A Second-Order Invariant-Region-Preserving Scheme for a Transport-Flow Model of Polydisperse Sedimentation,2026,S151550017,https://doi.org/10.1007/s10915-026-03356-y,Juan Barajas-Calonge; Luis Miguel Villada,2026-10-05 22:25
W7163727152,¿Reconstrucción o Recurrencia? El dilema de la resiliencia en un país bajo amenaza múltiple,2026,S4306401293,,Stella Schroeder,2026-10-05 22:25
W7163745864,Riverine Particulate Organic Matter Exported to the Adjacent Coastal Ocean: Implications for Marine Zooplankton in a Highly Productive Coastal Upwelling Area,2026,S4210238840,https://doi.org/10.1029/2025jg008810,Gonzalo S. Saldías,2026-10-05 22:25
W7163871236,From Structural Kinematics to Thermomechanical Degradation in Polymer and Hybrid Negative Thermal Expansion Metamaterials,2026,S123288148,https://doi.org/10.3390/polym18121431,César Garrido,2026-10-05 22:25
W7163876665,Maximum Likelihood Estimation for the Type I Generalized Logistic Distribution Under Progressive Type II Censoring,2026,S4210173132,https://doi.org/10.3390/axioms15060426,José Leiva Caro; Francisco Fernando Novoa,2026-10-05 22:25
W7163878312,Defending and including students with special educational needs: a qualitative study with Chilean students,2026,S9692511,https://doi.org/10.3389/fpsyg.2026.1846202,José Sandoval‐Díaz,2026-10-05 22:25
W7163891632,¿Reconstrucción o Recurrencia? El dilema de la resiliencia en un país bajo amenaza múltiple,2026,S4210172960,https://doi.org/10.22320/07183607.2026.29.53.00,Stella Schroeder,2026-10-05 22:25
W7163922522,"La construcción histórica del área central de Los Saltos del Laja, Chile: un paisaje turístico dual",2026,S4210172960,https://doi.org/10.22320/07183607.2026.29.53.01,Daniela García-Letelier; Ignacio Bisbal Grandal,2026-10-05 22:25
W7163936646,"Educación democrática y resonancia: el caso de la Universidad del Carbón durante la Unidad Popular (1970-1973) Lota, Chile",2026,S4210201623,https://doi.org/10.5354/0719-1243.2026.75220,Paula Tesche Roa,2026-10-05 22:25
W7163995900,Results by macrozone in the national diagnostic assessment: a territorial analysis of standards in physical education teacher education in Chile,2026,S2596526815,https://doi.org/10.3389/feduc.2026.1819692,Samuel Pérez Norambuena,2026-10-05 22:25
W7164133826,An Implementation Strategy for VOC Emissions Eco-Labeling in Wood Products for the Chilean Market with International Projection,2026,S10134376,https://doi.org/10.3390/su18125901,Gabriel Cereceda-Balic; MARCELA VIDAL-VEGA; Mario Núñez-Decap,2026-10-05 22:25
W7164188143,Sublethal pulsed electric fields enhance Lacticaseibacillus rhamnosus robustness in baked oat biscuits as a probiotic delivery system,2026,S2764726840,https://doi.org/10.1016/j.fbio.2026.109226,Tatiana Beldarraín-Iznaga; José Miguel Bastías‐Montes,2026-10-05 22:25
W7164189852,"La participación de las mujeres en la construcción y resignificación del patrimonio industrial minero: memorias, prácticas y poder",2026,S2739090129,https://doi.org/10.18537/est.v015.n030.a13,P. van de Heyden; María Isabel López Meza,2026-10-05 22:25
W7164296470,Inverse random source and Cauchy problems for semi-discrete stochastic parabolic equations in arbitrary dimensions,2026,S1393328,https://doi.org/10.1088/1361-6420/ae7c2c,Ariel Pérez,2026-10-05 22:25
W7164305476,El desarrollo de competencias socioemocionales en la Formación Inicial Docente chilena: desafíos curriculares para la docencia del siglo XXI,2026,S4306400562,https://doi.org/10.5281/zenodo.20635880,Diego Omar Navarrete Mora,2026-10-05 22:25
W7164310146,El desarrollo de competencias socioemocionales en la Formación Inicial Docente chilena: desafíos curriculares para la docencia del siglo XXI,2026,S4306400562,https://doi.org/10.5281/zenodo.20635879,Diego Omar Navarrete Mora,2026-10-05 22:25
W7164332972,Programming Failure Mode Transitions in Polyurea-Reinforced 3D-Printed ABS and PA-GF Cellular Metamaterial Composites,2026,S123288148,https://doi.org/10.3390/polym18121466,César Garrido,2026-10-05 22:25
W7164336805,Anthracaurisin A─Discovery of a Cytotoxic Nor -Sesquiterpene Dimer from Patagonian Anthracophyllum discolor,2026,S166799026,https://doi.org/10.1021/acs.jnatprod.6c00531,Cristian Riquelme; Jaime R. Cabrera‐Pardo,2026-10-05 22:25
W7164507428,Exploiting Adiabatic Softening for Defect-Free Hot Forging of Ti-6Al-4V Femoral Stems,2026,S86392829,https://doi.org/10.3390/jfb17060292,César Garrido,2026-10-05 22:25
W7164544988,Accelerating Active Learning for Image Classification Through FPGA-Based Implementation,2026,S101949793,https://doi.org/10.3390/s26123743,Christopher A. Flores; Francisco Saavedra,2026-10-05 22:25
W7164647099,De la lógica a la emoción: La disonancia entre el currículum y el cerebro en la educación primaria,2026,S4306400562,https://doi.org/10.5281/zenodo.20683886,Cristóbal Matías Jiménez-Villena; Fernanda Belén Gutierrez Cubillos,2026-10-05 22:25
W7164687573,De la lógica a la emoción: La disonancia entre el currículum y el cerebro en la educación primaria,2026,S4306400562,https://doi.org/10.5281/zenodo.20683885,Cristóbal Matías Jiménez-Villena; Fernanda Belén Gutierrez Cubillos,2026-10-05 22:25
W7164842890,Adoption of digital government platforms in Chile: Evidence from a mandatory adoption context,2026,S16140064,https://doi.org/10.1177/00208523261457031,Yarisel Bueno-Broterson; Elizabeth Grandón Toledo; Sergio Aníbal Araya Guzmán,2026-10-05 22:25
W7164863036,Relación entre los criterios de calidad del ambiente interior con la satisfacción de los ocupantes en edificios certificados CES en Chile,2026,S2739090129,https://doi.org/10.18537/est.v015.n030.a15,Carolina Salazar-Vera; Maureen Trebilcock; Paulina Wegertseder,2026-10-05 22:25
W7164887706,Black hole physics within f(R) gravity: Quasi-normal spectra and greybody factors,2026,S2898356015,https://doi.org/10.1016/j.dark.2026.102381,Ángel Rincón,2026-10-05 22:25
W7164924979,"The Contribution of Chilean State Universities to Sustainability and the Sustainable Development Goals Through Research, Technological Development, Innovation, and Entrepreneurship Activities",2026,S10134376,https://doi.org/10.3390/su18126137,Nelly Gomez,2026-10-05 22:25
W7164927631,Integración de educación física y salud en la metodologia activa de Aprendizaje Basado en Proyectos (ABP). Una experiencia de diversos proyectos interdisciplinarios tras un año de aplicación,2026,S4210175031,https://doi.org/10.48082/espacios-a26v47n03i03,Samuel Pérez Norambuena,2026-10-05 22:25
W7165009065,Representaciones sociales de padres y madres respecto de la educación sexual en el sistema escolar chileno,2026,S4210197790,https://doi.org/10.29035/ucmaule.70.103,Sara Díaz Ferrada; Héctor Cárcamo Vásquez; Ignacio Farías Díaz; Constanza Gouet Bascur,2026-10-05 22:25
W7165051211,"Tehuano wind forcing and upper-ocean response in the Gulf of Tehuantepec (2003–2023): Ekman velocity, Ekman pumping, SST cooling, and geostrophic dipoles",2026,S113313948,https://doi.org/10.1016/j.asr.2026.06.049,Luis Soto-Mardones,2026-10-05 22:25
W7165122040,Perceptions of Quality of Life Among Informal Caregivers of Autistic Children and Adolescents in Chile: A Qualitative Study,2026,S91386000,https://doi.org/10.1002/acp.70235,Andrea María Palma Contreras,2026-10-05 22:25
W7165148519,Revelaciones contables y de riesgos sobre eventos catastróficos en Chile,2026,S4210193147,https://doi.org/10.36791/tcg.v11i31.279,Fernando Andrés Morales Parada,2026-10-05 22:25
W7165368988,Dynamics of the stretch-twist-fold system,2026,S195495005,https://doi.org/10.1080/14689367.2026.2690991,Juan D. Huancas; Claudio Vidal,2026-10-05 22:25
W7165412910,Perceived classroom visual environment and students’ experience beyond academic performance,2026,S56464651,https://doi.org/10.1016/j.buildenv.2026.114897,Cecilia Palarino-Vico; Beatriz Piderit-Moreno,2026-10-05 22:25
W7165467070,Functional Central Limit Theorem for Dependent Models with Finite Memory,2026,S2764538883,https://doi.org/10.3103/s1068362326700068,Manuel González-Navarrete,2026-10-05 22:25
W7165517607,Photosynthetically driven carbonate precipitation by Chlorella vulgaris controls copper immobilization under non-equilibrium conditions,2026,S2502055758,https://doi.org/10.1016/j.algal.2026.104800,Robinson Soto‐Ramírez,2026-10-05 22:25
W7165527004,Multimodal oral cancer detection with embedding-level oversampling of fused image and clinical data,2026,S196734849,https://doi.org/10.1038/s41598-026-52410-0,Gastó n Má rquez,2026-10-05 22:25
W7165687435,Title Pending,2026,S161564205,https://doi.org/10.2458/jpe.9905,S Barraza,2026-10-05 22:25
W7165763948,Assessment of the drying performance of young Nothofagus alpina under radio frequency vacuum drying,2026,S37840076,https://doi.org/10.1080/17480272.2026.2691312,Rubén A. Ananías; Víctor Sepúlveda-Villarroel; L. Salvo,2026-10-05 22:25
W7165775643,Rol parental educativo. Representaciones del profesorado de una escuela rural de Chile,2026,S4210173318,https://doi.org/10.37177/unicen/eb36-479,Héctor Cárcamo Vásquez,2026-10-05 22:25
W7165843372,Chile's child protection paradox: Do intervention trajectories increase children's vulnerability to sexual exploitation?,2026,S53055215,https://doi.org/10.1016/j.chiabu.2026.108181,María Belén Ortega-Senet,2026-10-05 22:25
W7165868074,Accelerating electrically charged ModMax black hole solutions in F(R) gravity,2026,S94052278,https://doi.org/10.1140/epjc/s10052-026-15978-5,Ángel Rincón,2026-10-05 22:25
W7166196134,Cross-cultural adaptation and validation of the Conjoint Community Resiliency Assessment Measure (CCRAM) among Chilean adults,2026,S2595931848,https://doi.org/10.3389/fpubh.2026.1866030,José Sandoval‐Díaz,2026-10-05 22:25
W7166544074,Analysis of Attitudinal Components Towards Statistics: A Comparative Study Between Pre-Service and In-Service Teachers,2026,S2738008561,https://doi.org/10.3390/educsci16071033,Francisco Rodríguez-Alveal,2026-10-05 22:25
W7166558691,"Valoraciones de docentes y estudiantes sobre la vocación docente, y su relación con el desempeño profesional de la práctica educativa",2026,S4210240164,https://doi.org/10.29314/mlser.v10i1.4451,Carlos Ossa Cornejo,2026-10-05 22:25
W7166665966,"Impact of 3D/4D Printing and Electron Beam Post-Processing Parameters on Rheology, Printability, and Microbiological Safety of Lupin Protein-Based Gel Emulsion",2026,S181365921,https://doi.org/10.1007/s11947-026-04462-3,A. Palma-Acevedo; G. Tabilo-Munizaga; M. Pérez-Won; Nailín Carvajal-Mena; L. Moreno-Osorio,2026-10-05 22:25
W7166740378,Alfabetización en inteligencia artificial generativa en estudiantes de derecho: su relación con la intención de uso y rendimiento académico en Chile,2026,S4210235373,https://doi.org/10.53732/rccsociales/e81081,Elizabeth E. Grandón; Valentina Rioseco Vallejos,2026-10-05 22:25
W7166773358,A Probability Generating Function Based Goodness-of-Fit Test for the Poisson–Three-Parameter Lindley Distribution,2026,S4210192031,https://doi.org/10.3390/math14132308,Francisco Fernando Novoa,2026-10-05 22:25
W7166798054,From landfills to resources: Comprehensive characterization of industrial and commercial waste to support recovery pathways,2026,S4210204350,https://doi.org/10.1080/10962247.2026.2685118,Patricio Neumann,2026-10-05 22:25
W7166828639,El poeta Sergio Hernández y su incorporación a la Academia Chilena de la Lengua: una remembranza,2026,S71612694,https://doi.org/10.7764/analeslitchi.45.28,Federico Pastene Labrí­n,2026-10-05 22:25
W7166850206,Influence of the fear of cyberattack and privacy concerns on cybersecurity behavior: an analysis using cIPMA,2026,S4210178049,https://doi.org/10.7717/peerj-cs.3910,Felipe A. López,2026-10-05 22:25
W7166879128,Geospatial Distribution of Food Environments and Their Association with Sociodemographic Factors in Two Mid-Sized Chilean Cities,2026,S110785341,https://doi.org/10.3390/nu18132131,Jacqueline Alejandra Araneda-Flores,2026-10-05 22:25
W7167034975,"Variability in hydrography and zooplankton community during a diurnal cycle in the Biobío Canyon, Central Chile",2026,S116120500,https://doi.org/10.1093/plankt/fbag042,Gonzalo S. Saldías,2026-10-05 22:25
W7167038743,Public Goods Provision and Democratic Legitimacy in Latin America: Does Citizen Satisfaction With Local and Political Public Goods Matter?,2026,S91661715,https://doi.org/10.1111/kykl.70071,Andrés Acuña; Javier Antonio León Aravena; César Salazar,2026-10-05 22:25
W7167039678,Selective Dye Adsorption and Antimicrobial Performance of Cellulose–Chitosan Hydrogels and Aerogels: Role of Supramolecular Organization,2026,S123288148,https://doi.org/10.3390/polym18131649,Benjamín Opazo,2026-10-05 22:25
W7167056016,"Accelerometry-measured prolonged and interrupted sedentary behavior and cancer incidence and mortality: A cohort study of 91,292 UK Biobank participants",2026,S197939330,https://doi.org/10.1371/journal.pmed.1004767,Solange Liliana Parra-Soto; Yuebin Lv,2026-10-05 22:25
W7167062693,"Electroactive collagen nanofibrous scaffolds stabilized with polyphenols, dopamine, and reduced graphene oxide for infection-resistant bone regeneration",2026,S22793308,https://doi.org/10.1016/j.colsurfb.2026.115962,Yenisleidys Fernández,2026-10-05 22:25
W7167074492,Reproducible Framework for Mild Cognitive Impairment Classification From Nocturia-Derived Behavioral Patterns Under Extreme Class Imbalance,2026,S2485537415,https://doi.org/10.1109/access.2026.3709288,Gastón Márquez,2026-10-05 22:25
W7167087805,Barrio y bienestar mental en la singularidad de lo patrimonial. Evidencias desde Chile,2026,S2739459161,https://doi.org/10.5354/0717-5051.2026.80243,Aarón Tolindor Napadensky Pastene; Sergio Contreras-Espinoza; Constanza Hidalgo; Arnaldo Reveco,2026-10-05 22:25
W7167252752,Discursos infantiles sobre problemáticas públicas desde una perspectiva crítica,2026,S4210237493,https://doi.org/10.30545/academo.2026.n2.1254,Yesenia Figueroa Figueroa; Héctor Cárcamo Vásquez,2026-10-05 22:25
W7167356690,Weibull Random Fields for Spatially Dependent Positive Data: An Application to Mining Haul Roads,2026,S17395904,https://doi.org/10.1111/insr.70050,Christian Caamaño‐Carrillo,2026-10-05 22:25
W7167468330,"Cambio/continuidad y desarrollo de la historia, desde la comprensión histórica de estudiantes chilenos de educación secundaria",2026,S2736402356,https://doi.org/10.19053/uptc.20275137.n33.2026.19751,Cristián Eduardo Leal Pino,2026-10-05 22:25
W7167494983,An Extension of the Subharmonic Melnikov Method for Resonant Periodic Orbits,2026,S89452420,https://doi.org/10.1002/mma.70870,E. Martínez,2026-10-05 22:25
W7167496670,Optimización digital de la gestión y de la experiencia del paciente en quimioterapia ambulatoria: revisión narrativa y propuesta LA-WEN,2026,S5406967543,https://doi.org/10.58807/revtesela20268265,Paulina Vargas Chávez; José Manuel León Pino; Rosa Castillo Olate; María Antonieta Soto Chico; Luis Gajardo,2026-10-05 22:25
W7167525141,A Heavy-Tailed QLindley Distribution for Modelling Skewed Lifetime Data,2026,S4210192031,https://doi.org/10.3390/math14132395,Diego Ignacio Gallardo,2026-10-05 22:25
W7167703181,Warming reduces fungal endophyte dependency for establishment but amplifies stress-response gene expression in the Antarctic invader Poa annua,2026,S4210232538,https://doi.org/10.3389/ffunb.2026.1868127,Cristian Torres‐Díaz,2026-10-05 22:25
W7167707852,Towards surface-based hydraulic conductivity mapping using seismoelectric signals and data-driven models,2026,S4210236406,https://doi.org/10.1016/j.acags.2026.100377,Roberto Aedo-García; Miguel Valdebenito; Carlos Rey; Gonzalo S. Saldías,2026-10-05 22:25
W7167807688,Slowly rotating condensate dark stars beyond the mean-field approximation,2026,S94052278,https://doi.org/10.1140/epjc/s10052-026-16183-0,Ángel Rincón,2026-10-05 22:25
W7167813588,Database of Effects of caffeine supplementation on crossfit performance in trained athletes,2026,S2738961148,https://doi.org/10.15517/z6k5db81,Claudio Hernández-Mosqueira,2026-10-05 22:25
W7167818443,Effect of high hydrostatic pressure on in vitro digestibility and techno-functional properties of fava bean (Vicia faba L.) protein,2026,S2596909297,https://doi.org/10.3389/fnut.2026.1862046,Dominique Larrea-Wachtendorff,2026-10-05 22:25
W7167886826,Technical and Economic Assessment of Green Hydrogen Trucks Recently Introduced in Chile: Comparative Analysis with Diesel Heavy-Duty Freight Vehicles,2026,S4210205812,https://doi.org/10.3390/app16146956,Pedro Melín,2026-10-05 22:25
W7167890655,Retractación. Alfabetización digital y ciudadanía resiliente: evidencia empírica de futuros docentes chilenos frente a la posverdad,2026,S4210196781,https://doi.org/10.21142/des-1802-2026-e0053,María Teresa Castañeda Díaz; Manuel Pereira Barahona,2026-10-05 22:25
W7168019791,"La configuración de la salud mental escolar en Chile: políticas, tensiones de implementación y desafíos territoriales",2026,S2738740277,https://doi.org/10.70860/ufnt.rbec.e20727,Nelly Lagos-San-Martín; Carlos Ossa Cornejo,2026-10-05 22:25
W7168041550,"Effect of self-regulated learning on academic performance in mathematics, language and science: a network analysis",2026,S4306400562,https://doi.org/10.5281/zenodo.21308210,Carlos Ossa Cornejo,2026-10-05 22:25
W7168113458,Panorama tecnológico para la sustentabilidad del ambiente construido: una visión editorial,2026,S4306401293,,Rafael E. López-Guerrero,2026-10-05 22:25
W7168130167,Optimized phenolic-rich bio-oil from Kraft lignin pyrolysis as a sustainable additive for asphalt binders,2026,S171918450,https://doi.org/10.1016/j.biombioe.2026.109762,Alex Ariel Fernández-Andrade; José L. Concha,2026-10-05 22:25
W7168130361,Revisiting Satellite Chlorophyll–a Retrievals in the River-Influenced Coastal Upwelling Area off Central-Southern Chile,2026,S4210240591,https://doi.org/10.3390/oceans7040059,Gonzalo S. Saldías; Roberto Aedo-García,2026-10-05 22:25
W7168142092,Associations between liking patterns for foods characterised by high/low-fat content and sweet/savoury profiles and health outcomes: findings from the UK Biobank prospective cohort study,2026,S4218381,https://doi.org/10.1017/s0007114526108022,Solange Liliana Parra-Soto,2026-10-05 22:25
W7168173145,Temáticas investigadas en triatlón infantil y juvenil: una revisión sistemática,2026,S2738994920,https://doi.org/10.55040/mc67ft02,Claudio Hernández-Mosqueira,2026-10-05 22:25
W7168185654,Sprint y capacidad de cambiar de dirección según la composición corporal en jóvenes futbolistas,2026,S2738994920,https://doi.org/10.55040/sdmmsz17,Claudio Hernández-Mosqueira,2026-10-05 22:25
W7168254953,"Ohmic heating-assisted pasteurization of beer: Effects on quality, antioxidant, and yeast growth",2026,S132626406,https://doi.org/10.1016/j.ijfoodmicro.2026.111969,Jorge Moreno,2026-10-05 22:25
W7168289378,Ejercicio estructurado tras quimioterapia: Nueva evidencia para mejorar la supervivencia en cáncer de colon,2026,S155962516,https://doi.org/10.4067/s0034-98872026000400602,Solange Liliana Parra-Soto,2026-10-05 22:25
W7168340791,Neurociencia y formación docente: evidencias y aplicaciones pedagógicas desde una revisión sistemática,2026,S2738708330,https://doi.org/10.5209/rced.103371,Nelly Lagos San Martín,2026-10-05 22:25
W7168353755,¿Inflación de notas o mayor aprovechamiento educativo?: un análisis longitudinal de la calificación escolar de secundaria en Chile en los últimos 20 años,2026,S4210177918,https://doi.org/10.31619/caledu.n64.1762,Carlos Rodríguez Garcés; Denisse Espinosa-Valenzuela; Katherine Saavedra Venegas,2026-10-05 22:25
W7168379892,El corredor Punta Arenas-Glaciar Unión,2026,S4387289364,https://doi.org/10.22320/7tpnzc72,Francis Mcgge Keith Bustamante,2026-10-05 22:25
W7168590873,"La crisis climática como crisis civilizatoria: Ecología política, derechos humanos y territorios en disputa",2026,S4387288563,https://doi.org/10.32719/29536782.2026.10.10,José Sandoval Díaz,2026-10-05 22:25
W7168660562,Development of the Integrated Classroom Index (ICI): A Multi-Criteria Assessment of School Classrooms,2026,S4210191137,https://doi.org/10.3390/buildings16142838,María Beatriz Piderit-Moreno,2026-10-05 22:25
W7168783634,"The Unit Extended Exponential Distribution: Properties, Inference and Applications",2026,S4210173132,https://doi.org/10.3390/axioms15070532,Yolanda M. Gómez,2026-10-05 22:25
W7169047193,A vorticity-based velocity-stress formulation for the Stokes-Brinkman eigenvalue problem,2026,S165473669,https://doi.org/10.1016/j.cam.2026.117960,Felipe Lepe,2026-10-05 22:25
W7169105026,"Experiencias de relocalización forzada por el proyecto Embalse La Punilla en la región de Ñuble, Chile",2026,S4387288563,https://doi.org/10.32719/29536782.2026.10.5,Felipe Gutiérrez Acuña; Camila Mora Flores; Matías Contreras Pino; Cristóbal Bravo Ferretti,2026-10-05 22:25
W7169513315,State-Space Time Series Modeling of Long-Term River Flow and Precipitation Trends across Chile (19102015),2026,S86124554,https://doi.org/10.1109/tla.2026.11613862,Francisco Fernando Novoa,2026-10-05 22:25
W7169550447,Computing the Skyline Query over a k2-tree compact data structure,2026,S202381698,https://doi.org/10.1371/journal.pone.0353358,Rodrigo Torres-Avilés; Gilberto Gutiérrez; Martita Muñoz; Mónica Caniupán,2026-10-05 22:25
W7169609130,Water Resource Management in Sustainable Architecture: A Bibliometric Review of Green Buildings and Water Footprint Reduction,2026,S4210191137,https://doi.org/10.3390/buildings16142849,Claudia Muñoz-Sanguinetti,2026-10-05 22:25
W7169719681,(Co)Creating Cultures of Good Treatment in Health Education: What Actions Does the Community Propose?,2026,S4210194710,https://doi.org/10.3390/bs16071211,Marjorie Baquedano-Rodríguez,2026-10-05 22:25
W7169797879,Alcances y desafíos del modelo comunitario en salud mental,2026,S2732126,https://doi.org/10.1590/s0104-12902026240867es,Camila Pérez,2026-10-05 22:25
W7169811065,Âmbito e desafios do modelo comunitário em saúde mental,2026,S2732126,https://doi.org/10.1590/s0104-12902026240867pt,Camila Pérez,2026-10-05 22:25
W7170031288,$$k^2$$-MS: A compact data structure for raster datasets,2026,S4210168194,https://doi.org/10.1007/s10707-026-00578-y,Miguel Saavedra; Gilberto Gutiérrez,2026-10-05 22:25
W7170048153,"Green and Solvent-Free Mechanochemical Route to N,P Co-Doped Tannin-Derived Nanoporous Carbons for Electrochemical Capacitors",2026,S2502047864,https://doi.org/10.1021/acssuschemeng.6c04399,Oscar Pinto; Serguei Alejandro-Martín,2026-10-05 22:25
W7170085173,Integrated geometric refinement of Ti-6Al-4V containment casings balancing mass reduction and constitutive sensitivity under impact loading,2026,S119010594,https://doi.org/10.1177/10567895261469311,César Garrido,2026-10-05 22:25
W7170142704,"An errata-corrected, plant-level dataset of solar, wind and hydropower curtailment in Chile's National Electricity System (2022–2026)",2026,S4306400562,https://doi.org/10.5281/zenodo.21198816,Kerven Cea Morales,2026-10-05 22:25
W7170157895,"An errata-corrected, plant-level dataset of solar, wind and hydropower curtailment in Chile's National Electricity System (2022–2026)",2026,S4306400562,https://doi.org/10.5281/zenodo.21198817,Kerven Cea Morales,2026-10-05 22:25
W7170161899,Low-Temperature-Sintered Fe-Based Self-Lubricating Composites Reinforced with Graphite and Graphene Oxide,2026,S2736800165,https://doi.org/10.3390/lubricants14080283,Aaron Mora; Luis Chandía; Nicolas Landero; Christopher Salvo; Guilherme Oliveira Neves,2026-10-05 22:25
W7170201589,Explicit ℓ-Sylow of genus 2 curves over finite fields,2026,S158116049,https://doi.org/10.1142/s0219498828500132,Edgardo Riquelme,2026-10-05 22:25
W7170410719,"Arquitectura, Estado y ocupación en La Araucanía: estrategias de estandarización y reproducción tipológica",2026,S4210217065,https://doi.org/10.29105/contexto20.32-580,Pablo Fuentes Hernández; Bárbara Viney Sáez Orrego,2026-10-05 22:25
W7170727926,Gravitational wave-black hole imaging correspondence for modified black holes,2026,S4210238307,https://doi.org/10.1103/qrjq-3rnh,Ángel Rincón,2026-10-05 22:25
W7170927405,Radial Oscillations of Quark Stars in Light of Current Astrophysical Constraints: A Comparative Study,2026,S4210238095,https://doi.org/10.1002/prop.70132,Ángel Rincón,2026-10-05 22:25
W7171020124,Beyond Productivity: Technology Adoption and Factor Allocation in Agriculture,2026,S3593595,https://doi.org/10.1111/1467-8489.70145,Ricardo Sepúlveda; Juan Cabas Monje,2026-10-05 22:25
W7171302441,PVMSim User Manual,2026,S4306400562,https://doi.org/10.5281/zenodo.21604349,Carlos Zalazar-Oliva,2026-10-05 22:25
W7171348476,Panorama tecnológico para la sustentabilidad del ambiente construido: una visión editorial,2026,S4210233440,https://doi.org/10.22320/07190700.2026.16.01.00,Rafael Eduardo López-Guerrero; Maureen Trebilcock,2026-10-05 22:25
W7171443445,Integrated Sustainable Model for the Management and Classification of Construction Waste in Unit Cost Analysis,2026,S66250914,https://doi.org/10.1061/jaeied.aeeng-2161,Gonzalo Garcés; Antonio Molina,2026-10-05 22:25
W7171445470,"Evaluación térmica comparativa de una estructura de sombreado vegetal y una malla de sombreado artificial en Parral, Chile",2026,S4210233440,https://doi.org/10.22320/07190700.2026.16.01.10,Nelson Arias Jiménez; Rodrigo Figueroa San-Martín; Diego Pablo Cárdenas Merino,2026-10-05 22:25
W7171503297,"Microstructure, mechanical properties, and wear resistance of novel hot-pressed Fe-SiC reactive cermets",2026,S106928643,https://doi.org/10.1016/j.ceramint.2026.07.509,Marisol Maril; Christopher Salvo,2026-10-05 22:25
W7171504009,Multivariate Neuromuscular Profile and Principal Component Analysis: A Pilot Study in Professional Female Soccer Players,2026,S4210200765,https://doi.org/10.3390/life16081248,Claudio Hernández-Mosqueira,2026-10-05 22:25
W7171504444,Comprehensive or political liberalism in citizenship education? A post-secular response to the convergence thesis,2026,S181524514,https://doi.org/10.1093/jopedu/qhag019,Andrea María Palma Contreras,2026-10-05 22:25
W7171510271,"Arquitectura rural y memoria montuvia: estudio de caso de las viviendas tradicionales de Canuto, Chone (Manabí, Ecuador)",2026,S4210212710,https://doi.org/10.29393/ur22-1rmkc20001,Karen Lorena Loor Flores de Valgas; Gonzalo Cerda Brintrup,2026-10-05 22:25
W7171514319,"An errata-corrected, plant-level dataset of solar, wind and hydropower curtailment in Chile's National Electricity System (2022–2026)",2026,S4306400562,https://doi.org/10.5281/zenodo.21652187,Kerven Cea Morales,2026-10-05 22:25
W7171524713,Development and Characterization of Functional Gummies Enriched with País Grape Extract for Presbyphagia,2026,S2737559645,https://doi.org/10.3390/gels12080674,Peña-Portillo Glenda-Caridad; José Miguel Bastías‐Montes; Virginia García-Flores; Sergio Acuña,2026-10-05 22:25
W7171559865,A new frailty model based on the jørgensen–seshadri–whitmore distribution,2026,S4210184815,https://doi.org/10.1007/s00362-026-01879-y,Diego Ignacio Gallardo,2026-10-05 22:25
W7171630957,"Off-flavor formation in legume protein ingredients: Linking molecular origins, processing-induced transformations, and mitigation strategies",2026,S38919146,https://doi.org/10.1016/j.foodres.2026.120191,Dominique Larrea-Wachtendorff,2026-10-05 22:25
W7171765094,Climatic pluriverses: community contributions to socio-ecological resilience from intercultural territories within climate-extractive entanglements in south-central Chile,2026,S2595931848,https://doi.org/10.3389/fpubh.2026.1841434,Gerson Castillo-Queupul,2026-10-05 22:25
W7171776764,Biochemical fingerprinting for quantitative prediction of ripening time in Chanco-type cheese using integrated volatile and amino acid profiles,2026,S2764726840,https://doi.org/10.1016/j.fbio.2026.109623,Yenisleidys Fernández-Guerrero,2026-10-05 22:25
W7171798450,EM algorithm in the slashed inverse Rayleigh regression model with an application,2026,S4210179087,https://doi.org/10.3934/math.2026938,Diego I. Gallardo; Osvaldo Venegas,2026-10-05 22:25
W7171871992,Adherence to the world cancer prevention recommendations in Chile ‒ An analysis of the national survey of food consumption,2026,S108953488,https://doi.org/10.20960/nh.06480,Solange Liliana Parra-Soto; Carla Villagrán‐Cerro,2026-10-05 22:25
W7172005208,Placental SNV rs8192446 in the ADORA2A gene is associated with Preeclampsia: a pilot study,2026,S52732750,https://doi.org/10.3389/fphys.2026.1843298,Jesenia Acurio; Carlos Escudero,2026-10-05 22:25
W7172027375,Quasinormal modes of a quantum inspired black hole in four dimensions with a cosmological constant,2026,S4210238307,https://doi.org/10.1103/6wbp-wl7x,Ángel Rincón,2026-10-05 22:25
W7172211219,Configurational Drivers of Digital Technology Adoption in Manufacturing SMEs: Evidence from Chile,2026,S72326750,https://doi.org/10.4067/s0718-2724202600024993,Francisco Gatica-Neira; Mario Ramos-Maldonado,2026-10-05 22:25
W7172290708,From hazardous dust to valuable resource: Selective acetic acid leaching of steel mill dust for metal valorisation and Iron recovery via thermochemical reduction,2026,S143946080,https://doi.org/10.1016/j.hydromet.2026.106864,Guilherme Oliveira Neves; Valeria Jara; Daniela Salinas; Christopher Salvo,2026-10-05 22:25
W7172304902,"Lippia umbellata Cav.: Chemical Composition, Insecticidal, and Antimicrobial Activities",2026,S206700086,https://doi.org/10.1002/cbdv.71548,Carlos L. Céspedes; Julio Alarcón,2026-10-05 22:25
W7172387047,A priori error estimates for a conforming VEM for the Oseen eigenvalue problem,2026,S57050787,https://doi.org/10.1007/s10444-026-10339-y,Danilo Amigo; Felipe Lepe; Nitesh Verma,2026-10-05 22:25
W7172427541,Heavy-quark condensate and vacuum energy anomalous dimension at five loops,2026,S187585107,https://doi.org/10.1007/jhep08(2026)018,York Schröder,2026-10-05 22:25
W7172449340,Non-relativistic Chern-Simons supergravity with torsion,2026,S187585107,https://doi.org/10.1007/jhep08(2026)012,Francisco Barriga,2026-10-05 22:25
W7172503863,Critical state characterisation of a natural low-plasticity silt from the Halden NGTS site,2026,S4306400744,https://doi.org/10.1051/e3sconf/202673001011/pdf,Eduardo Parra,2026-10-05 22:25
W7172535329,"FACTORES ASOCIADOS A CALIDAD DE VIDA EN SOBREVIVIENTES DE CÁNCER EN LA REGIÓN DE ÑUBLE, CHILE",2026,S4210193385,https://doi.org/10.29393/ce32-14fcnr60014,Natalia Bello-Escamilla; Romina Moraga-Jaramillo; Rosa Castillo-Olate; Nicolás Landero-Jara; Francisco Rodríguez-Baeza; Catalina Soto-Maureira,2026-10-05 22:25
W7172541225,Dynamic aspects of tumor-immune interaction under dual immunotherapy (effector cells and IL-2),2026,S114104845,https://doi.org/10.1016/j.nonrwa.2026.104718,Carola Gatica; Cláudio Vidal,2026-10-05 22:25
W7196961359,Data-Driven Ensemble Machine Learning for Multi-Horizon Microalgal Bioprocess Forecasting,2026,S4210201879,https://doi.org/10.3390/pr14162536,Robinson Soto‐Ramírez,2026-10-05 22:25
W7201832567,El rezago lector en Chile: una mirada integral a un problema que trasciende la escuela,2026,S4390297081,https://doi.org/10.22320/7wf9br91,Isidora Barra-Ramírez; Amelia Cuell-Velásquez,2026-10-05 22:25
W7201835566,La escuela como espacio de mediación: experiencias pedagógicas para transformar el clima lector,2026,S4390297081,https://doi.org/10.22320/qn0rwj18,Danilo Cremer-Muñoz,2026-10-05 22:25
W7201839436,Dificultades de la comprensión inferencial en textos narrativos en estudiantes de 4° básico,2026,S4390297081,https://doi.org/10.22320/v55b3t38,Evelyn Vargas-Reyes,2026-10-05 22:25
W7201842421,Criterios para la selección de obras literarias en el plan lector: una guía para la educación básica,2026,S4390297081,https://doi.org/10.22320/dnwmhp58,Solange Daza-Gallegos; Cecilia Del Pino-Sandoval; Carla Mendoza-Olmos; Amanda Sáez-Vásquez,2026-10-05 22:25
W7201847345,La escritura como práctica dialógica y colaborativa: una propuesta para la enseñanza autorregulada,2026,S4390297081,https://doi.org/10.22320/xp3c3813,Rubí Magdalena Gaínza-Vásquez,2026-10-05 22:25
W7201849588,Reflexiones sobre la fluidez lectora en el primer ciclo de enseñanza: claves para la comprensión lectora,2026,S4390297081,https://doi.org/10.22320/eqagw848,Sandra Pavez-Núñez; Francisco Lara-Quintana; Ailyne Saldías-Sandoval,2026-10-05 22:25
W7201861919,Bio-Inspired Metal-Free Catalysis: Natural Sugars Enable Efficient CO2 Conversion into Cyclic Carbonates,2026,S4210215241,https://doi.org/10.3390/org7030033,Javier Martı́nez,2026-10-05 22:25
W7201864604,Molecular Interactions and Antioxidant Properties of White Wine Phytochemicals: A Mechanistic Study of Serum Protein Binding,2026,S4210236520,https://doi.org/10.3390/biom16081153,Patricia Arancibia‐Ávila; Fernando Toledo,2026-10-05 22:25
W7201870629,"Poesía, patrimonio y multimodalidad: hacia una enseñanza situada del género lírico en educación básica",2026,S4390297081,https://doi.org/10.22320/vamshw50,Valentín Tapia-Cabrera; Josefa Ormeño-Rocha,2026-10-05 22:25
W7201876775,On the composition of discrete distributions,2026,S4210179087,https://doi.org/10.3934/math.2026973,Diego I. Gallardo,2026-10-05 22:25
W7201892602,Rol de la mentoría docente en la recuperación de aprendizajes de lectura y escritura en el área de lenguaje,2026,S4390297081,https://doi.org/10.22320/zsnmv762,Renata Andrades-Ibarra; Javiera Arias-Echeverría; María de los Ángeles Veloso-Concha,2026-10-05 22:25
W7201900918,Motivación lectora y diseño contextualizado de textos: posibilidades desde la inteligencia artificial en el aula,2026,S4390297081,https://doi.org/10.22320/8j69jm04,Lesly Gacitúa-Olate,2026-10-05 22:25
W7202023185,Mathematical Analysis and Numerical Simulation of a Vector-Borne Zika Model with Sexual Transmission and Spatial Displacement,2026,S190787756,https://doi.org/10.3390/sym18081339,Aníbal Coronel; Esperanza Lozada,2026-10-05 22:25
W7202112960,Decomposing technical efficiency in European pig farming: persistent and transient inefficiency across production systems,2026,S4210206302,https://doi.org/10.1057/s41599-026-08688-6,Juan Cabas Monje; Ricardo Sepúlveda; José María Gil,2026-10-05 22:25
W7202132020,Divergent interfacial behavior of Ca2+ and Mg2+ on magnetite: Impact of ion hydration on adsorption mechanisms and magnesium surface precipitation,2026,S42323631,https://doi.org/10.1016/j.apsusc.2026.168006,Gonzalo R. Quezada,2026-10-05 22:25
W7202160023,Inspection-Oriented Predictive Quality Modeling for MDF Manufacturing Using Industrial Process Data and Machine Learning,2026,S4210219410,https://doi.org/10.3390/systems14080972,Roberto Aedo-García; Miguel A. C. Valdebenito-Chavez; Gerson. Rojas Espinoza; Francisco Ramis Lanyon,2026-10-05 22:25
W7202165382,Predicting Early Dropout in University Entry Cohorts: Temporal Inter-Cohort Validation in a Chilean Public University,2026,S90155489,https://doi.org/10.1177/15210251261477394,Patricia Letelier-Sanz; Manuel Pereira-Barahona; Flavio Valassina-Simonetta,2026-10-05 22:25
W7202224765,L p -Based analysis of a mixed FEM with exactly divergence-free magnetic-field for stationary MHD,2026,S108887460,https://doi.org/10.1051/m2an/2026058,Ricardo Oyarzúa,2026-10-05 22:25
W7202244319,Catalytic co-hydropyrolysis of rice husk and coffee husk mixture toward thermochemical valorisation: Operational conditions,2026,S4210226253,https://doi.org/10.1016/j.rineng.2026.112432,Serguei Alejandro-Martín; Kevin Jhon Fernández-Andrade,2026-10-05 22:25
W7202279825,"Competitive strategies and financial performance: Porter, Bowman or both in Chilean companies?",2026,S8133038,https://doi.org/10.1016/j.ribaf.2026.103577,Carolina Elena Leyton Pavez,2026-10-05 22:25
W7202295200,Existence of heteroclinic connections for delayed models: a method and an application to Nicholson’s model with harvesting,2026,S158842918,https://doi.org/10.1088/1361-6544/ae8350,Adrián Gómez; Cesar Guayasamin,2026-10-05 22:25
W7202380253,Global and Nonglobal Solutions for a Mixed Local-nonlocal Heat Equation,2026,S4210239085,https://doi.org/10.1007/s40306-026-00627-6,Ricardo Castillo; Alex Lira,2026-10-05 22:25
W7203444552,Plural Social Justice in the Graduation Profiles of Social Work Programs at Chilean State Universities,2026,S4210168464,https://doi.org/10.3390/socsci15080548,Cristian Orellana-Fonseca; Rodrigo Arturo Salazar Jiménez; Lury Reyes Pérez,2026-10-05 22:25
W7203464117,Do positive perceptions of aquaculture’s socioeconomic benefits counteract negative views of its environmental impacts? The case of mussel farming in Chile,2026,S56205983,https://doi.org/10.1016/j.marpol.2026.107263,Manuel Villalba; César Salazar,2026-10-05 22:25
W7203474972,Historical competences in curriculum documents and teaching resources used for teacher training at universities in the Southern Macrozone of Chile,2026,S2596526815,https://doi.org/10.3389/feduc.2026.1861765,Rodrigo Salazar Jiménez,2026-10-05 22:25
W7203548022,Applicability of anthropometric indices for assessing speed and agility in children and adolescents: proposed reference values by age and sex,2026,S66095140,https://doi.org/10.1016/j.jped.2026.101596,Camilo Urra-Albornoz,2026-10-05 22:25
W7203636649,Ripsawing of thermally treated southern beech: influence of process parameters on cutting forces and surface roughness,2026,S61428987,https://doi.org/10.1007/s00107-026-02471-9,Maximilian Wentzel,2026-10-05 22:25
W7203642761,Citizenship Education in Engineering Degree Programs: An Analysis of the Academic Literature,2026,S2738008561,https://doi.org/10.3390/educsci16081317,Cristian Orellana-Fonseca,2026-10-05 22:25
W7203655526,Microstructural evolution and early-age performance of recycled hybrid brick powder cementitious mixtures for 3D concrete printing,2026,S2764478331,https://doi.org/10.1016/j.jobe.2026.117130,Claudia Muñoz-Sanguinetti; Mabel Vega‐Coloma,2026-10-05 22:25
W7203662181,Second-order moment equivalence of twisted Gaussian Schell model beams and orbital angular momentum eigenmodes,2026,S128936867,https://doi.org/10.1088/2040-8986/ae9b1d,Thiago S Ferreira; Gustavo Cañas,2026-10-05 22:25
W7203666008,Synthesis and In Vivo Antifungal Evaluation of 3-Acyl-bromoindole Regioisomers: A Multi-Targeting Study on Postharvest Pathogen Control and Molecular Dynamics,2026,S2736332253,https://doi.org/10.3390/antibiotics15080801,Enrique Werner,2026-10-05 22:25
W7203700181,Tensile Response and Energy Absorption of Galvanized Steel Mesh-Reinforced Cement Mortar with Alkali-Resistant Glass Fibers,2026,S18714766,https://doi.org/10.3390/ma19163491,César Garrido,2026-10-05 22:25
W7203755354,"Human-Centered, Multisensory Classroom Refurbishment and the School Experience of Early Adolescents: A Quasi-Experimental Post-Occupancy Evaluation",2026,S4210191137,https://doi.org/10.3390/buildings16163292,María Beatriz Piderit-Moreno,2026-10-05 22:25
W7203767828,"Advanced Power Electronics Converters: Design, Control and Applications",2026,S4210205812,https://doi.org/10.3390/app16168232,Pedro Melín,2026-10-05 22:25
W7203826329,Quantum-Inspired Adaptive Control and Multi-Objective Optimization for Floating Offshore Wind Turbines Under Time-Varying Aero-Hydrodynamic Uncertainties,2026,S2485537415,https://doi.org/10.1109/access.2026.3725594,Jaime Rohten,2026-10-05 22:25
W7203840177,Evolution of structure and texture of the Beta zeolite recrystallization-derived materials: Impact of alkaline concentration and exploratory application towards LDPE catalytic pyrolysis,2026,S19938693,https://doi.org/10.1007/s10934-026-01956-5,Kevin Jhon Fernández-Andrade; Serguei Alejandro-Martín,2026-10-05 22:25
W7203921438,Combining microwave healing and permeability testing in porous asphalt mixtures for blue-green infrastructure pavements,2026,S20715302,https://doi.org/10.1617/s11527-026-03244-9,José L. Concha,2026-10-05 22:25
W7203939459,Non-trivial Periodic Solution to a Second-Order Delay Equation with Bistable Nonlinearity,2026,S28615201,https://doi.org/10.1007/s00009-026-03179-z,Adrián Gómez,2026-10-05 22:25
W7203957150,ANTIMICROBIAL ACTIVITY OF MYCORRHIZIN A PRODUCED BY LIQUID FERMENTATION OF THE ENDOPHYTIC FUNGUS Pezicula cinnamomea (Na-78) ISOLATED FROM Nothofagus alpina IN CHILE,2026,S114494114,https://doi.org/10.4067/s0717-97072026000106503,Karem Henríquez‐Aedo,2026-10-05 22:25
W7203985524,"High surface boron loading in N,B co-doped nanoporous carbons via mechanochemistry: electrochemical performance and counterintuitive aging in acidic electrolytes",2026,S177147899,https://doi.org/10.1016/j.jpowsour.2026.241303,Oscar Pinto; Serguei Alejandro-Martín,2026-10-05 22:25
W7204074456,"Predicting consumers' intention to purchase local foods with GI certification: the interplay of consumer ethnocentrism, place identity, attitude and perceived credibility of origin-labelling",2026,S99313352,https://doi.org/10.1108/bfj-04-2026-0572,José María Gil Roig,2026-10-05 22:25
W7204163370,Understanding self-healing techniques in asphalt mixtures to improve pavement durability,2026,S2764743394,https://doi.org/10.1016/j.trpro.2026.07.028,José L. Concha,2026-10-05 22:25
W7204203637,Epistemologías de la Remitologización,2026,S4306526556,https://doi.org/10.17561/rae.v26.10246,Miguel Alvarado Borgoño,2026-10-05 22:25
W7204205078,"Incidencia y características epidemiológicas de las lesiones autoinfligidas intencionalmente en la Región de Ñuble, Chile, 2023–2024",2026,S4210232697,https://doi.org/10.4067/s0717-92272026000200178,Gustavo Rojas Medina; Jacqueline Araneda-Flores,2026-10-05 22:25
W7204230637,Transparencia empresarial y criterios ESG: análisis de empresas cotizadas chilenas basado en el modelo español de reportabilidad,2026,S2738024636,https://doi.org/10.36995/j.visiondefuturo.2025.30.02.002.es,Fernando Andrés Morales Parada; Andrea Orias Paredes; Jemima Montecinos Salazar,2026-10-05 22:25
W7204233077,Transparencia empresarial y criterios ESG: análisis de empresas cotizadas chilenas basado en el modelo español de reportabilidad,2026,S2738024636,https://doi.org/10.36995/j.visiondefuturo.2026.30.02.002.es,Fernando Andrés Morales Parada; Andrea Orias Paredes; Jemima Montecinos Salazar,2026-10-05 22:25
W7204233218,Corporate transparency and ESG criteria: analysis of chilean listed companies based on the spanish reporting model,2026,S2738024636,https://doi.org/10.36995/j.visiondefuturo.2025.30.02.002.en,Fernando Andrés Morales Parada; Andrea Orias Paredes; Jemima Montecinos Salazar,2026-10-05 22:25
W7204263792,Corporate transparency and ESG criteria: analysis of chilean listed companies based on the spanish reporting model,2026,S2738024636,https://doi.org/10.36995/j.visiondefuturo.2026.30.02.002.en,Fernando Andrés Morales Parada; Andrea Orias Paredes; Jemima Montecinos Salazar,2026-10-05 22:25
W7204434748,"Effect of Freeze Concentration on the Process Parameters, Physicochemical Properties, Total Bioactive Compounds and Antioxidant Capacity of Almond Milk",2026,S2737939966,https://doi.org/10.3390/foods15173021,Guillermo Petzold; Max Vásquez-Senador,2026-10-05 22:25
W7204449748,TSP-1 Endothelial Signaling Impairs Brain Angiogenesis in Preeclampsia,2026,S67880631,https://doi.org/10.1161/hypertensionaha.126.27749,Estefanny Escudero-Guevara; Felipe Troncoso; Hermes Sandoval; Jesenia Acurio; Carlos Escudero,2026-10-05 22:25
W7204638560,Mesoporous silica–coated gold nanorods functionalized with the D3 peptide and loaded with epigallocatechin-3-gallate reduce β-amyloid toxicity in the presence of Zn(II) ions,2026,S4210239156,https://doi.org/10.1016/j.bioadv.2026.215149,Javier Avendaño-Godoy,2026-10-05 22:25
W7204837685,Intra-shift affective dynamics in emergency unit workers: temporal deterioration and recovery windows,2026,S9692511,https://doi.org/10.3389/fpsyg.2026.1895858,Rodolfo Mendoza-Llanos; Sebastián Maureira-Meneses,2026-10-05 22:25
W7204875271,"A flexible moment exponential distribution based on confluent hypergeometric functions: properties, inference, and applications",2026,S4210179087,https://doi.org/10.3934/math.20261108,Yolanda M. Gómez; Osvaldo Venegas,2026-10-05 22:25
W7204905949,Niveles de actividad física del estudiantado de una Facultad de Educación y su relación con la Educación Física y Salud,2026,S2738320308,https://doi.org/10.58727/jshr.114059,Solange Liliana Parra-Soto,2026-10-05 22:25
W7204930661,Finite Volume Modeling of Transient Isothermal Hygroscopic Moisture Transport During Solid Wood Processing for Residential Construction,2026,S4210205812,https://doi.org/10.3390/app16178565,Santiago Riquelme; Luis Felipe Acuna Alegria; Andrés Ramirez,2026-10-05 22:25
W7204988587,Scale Mixture of Akash Distribution with Applications to Income Data,2026,S4210173132,https://doi.org/10.3390/axioms15090659,Luis Firinguetti-Limone; Diego Ignacio Gallardo,2026-10-05 22:25
W7205000887,Energy Balance Based Ultimate Strain Capacity Model for Rectangular Concrete Columns with Limited Confinement Details,2026,S176808670,https://doi.org/10.1186/s40069-026-00963-9,Franco Benedetti,2026-10-05 22:25
W7205708128,Community-Led Urban Interventions Under Uncertainty: A Realist Framework for Diagnosing Uncertainty and Community-Based Mechanisms Through Context–Mechanism–Outcome Configurations,2026,S10134376,https://doi.org/10.3390/su18179020,Stella Schroeder,2026-10-05 22:25
W7206158222,Utilidad de la escala de Disfunción Orgánica Secuencial pediátrica (pSOFA) fuera del área de cuidados intensivos,2026,S4210174470,https://doi.org/10.32641/andespediatr.v97i5.5990,Elias Kassisse El Hage,2026-10-05 22:25
W7206175476,Effects of marine heatwaves and marine cold spells on toxin production in Alexandrium catenella,2026,S201530359,https://doi.org/10.1016/j.envpol.2026.128957,Gonzalo S. Saldías,2026-10-05 22:25
W7206187532,Criterios económicos que configuran el valor percibido en elconsumo sostenible de alimentos: evidencia del casoGoodMeal,2026,S4387288708,https://doi.org/10.22320/x91mm145,Tomás Zapata-Soto; Nataly Guíñez Cabrera,2026-10-05 22:25
W7207664686,Higher-order Chern-Simons extensions to QED in 2 + 1 dimensions,2026,S4210238307,https://doi.org/10.1103/743q-ddwk,Carlos M. Reyes; César Riquelme,2026-10-05 22:25
W7207725030,Publicar sin peaje,2026,S4387288708,https://doi.org/10.22320/qgmnjg21,Marjorie Baquedano; Universidad de ConcepciÃ³n,2026-10-05 22:25
W7208762259,Nonlinear Stability for an Anisotropic Harmonic Oscillator Coupled by a Rotating Cubic Potential,2026,S176689137,https://doi.org/10.1007/s10884-026-10542-x,Claudio Vidal,2026-10-05 22:25
W7208788194,"Climate-related events, human mobility, and migrant health in Latin America and the Caribbean: evidence gaps and public health implications",2026,S9692511,https://doi.org/10.3389/fpsyg.2026.1935839,José Sandoval‐Díaz; Consuelo Suazo‐Muñoz,2026-10-05 22:25
W7211876059,"Mechanical, Redox, and Bioelectrical Coupling in Hydrogels for Cutaneous Regeneration: Network Design and Structure–Property Relationships",2026,S2737559645,https://doi.org/10.3390/gels12090818,Yenisleidys Fernández-Guerrero,2026-10-05 22:25
W7211888302,Sustainable mitigation of acrylamide formation during Maillard reaction using grape pomace extracts obtained by green pressurized liquid extraction,2026,S4387281084,https://doi.org/10.1039/d6fb00322b,Karem Henríquez‐Aedo,2026-10-05 22:25
W7211930856,Confidence intervals for Partial Least Squares: A second-order Edgeworth expansion approach,2026,S69755223,https://doi.org/10.1016/j.chemolab.2026.105884,Luis Firinguetti; Luis Gómez; Rodrigo Araya,2026-10-05 22:25
W7211942210,A Novel Binary Hunger Games Search Algorithm with Data-Driven Repair for the Set Covering Problem,2026,S4210206423,https://doi.org/10.3390/biomimetics11090645,Felipe Cisternas-Caneo,2026-10-05 22:25
W7211950161,De la transferencia a la bidireccionalidad: repensar la vinculación universitaria como proceso relacional a partir de experiencias en Chile y Ecuador,2026,S4210204976,https://doi.org/10.7203/realia.37.32723,José Sandoval Díaz; Soledad Martínez Labrín,2026-10-05 22:25
W7211975766,Modulation of Polyunsaturated Fatty Acid Production and Nutritional Lipid Quality Indices in Rhodotorula mucilaginosa 6S Using Molasses as a Sustainable Carbon Source,2026,S4210236520,https://doi.org/10.3390/biom16091294,Robinson Soto‐Ramírez,2026-10-05 22:25
W7212021331,DEPRESIÓN Y OBESIDAD EN MUJERES: REVISIÓN DE LITERATURA CON SÍNTESIS NARRATIVA,2026,S4210167916,https://doi.org/10.7764/horiz_enferm.96312,Andrea María Palma Contreras; Josefina Larraín-Valenzuela; Sara Ester Díaz-Ferrada,2026-10-05 22:25
W7212022342,"Reproductive Ecology of the Lesser Rhea (Rhea pennata) in the Peruvian Andes: Nesting Sites, Phenology, and Social Organization",2026,S4210168508,https://doi.org/10.3390/ani16182843,David Samata; Juan C. Marin Contreras,2026-10-05 22:25
W7212036131,Conception of citizenship in Chilean social work students beginning their training,2026,S144374558,https://doi.org/10.19137/praxiseducativa-2026-300320,Cristian Orellana-Fonseca; Rodrigo Arturo Salazar Jiménez; Juan José Salinas Valdés; Bruno Bivort Urrutia,2026-10-05 22:25
W7212036808,Geometría y luz. La experiencia lumínica como estrategia didáctica en la enseñanza de la arquitectura,2026,S2739090129,https://doi.org/10.18537/est.v016.n031.a04,Nelson Arias Jiménez; Diego Pablo Cárdenas Merino,2026-10-05 22:25
W7212071778,Prácticas artísticas de resistencia: una aproximación a los imaginarios sociales de artistas chilenos,2026,S2736628935,https://doi.org/10.15446/ts.v28n2.119781,Carmen Gloria Jarpa Arriagada,2026-10-05 22:25
W7212133755,Revelaciones de capital intelectual en memorias corporativas de empresas cotizadas del mercado integrado latinoamericano,2026,S4210222220,https://doi.org/10.64966/ingeniare.v33.44,Fernando Andrés Morales-Parada; Daniela Araneda Cid,2026-10-05 22:25
W7212180404,Heat capacity anomalies and thermal crossovers in finite Su–Schrieffer–Heeger chains,2026,S59012888,https://doi.org/10.1088/1402-4896/aea5af,Alfredo Raya; Cristian Villavicencio,2026-10-05 22:25
W7213222248,When women meet the abstract student: academic-family conflict among women pursuing doctoral studies,2026,S162196882,https://doi.org/10.1080/03075079.2026.2730167,Soledad Martínez Labrín; Soledad Reyes-Pérez; Bruno Bivort Urrutia; Alejandra Segura-Navarrete,2026-10-05 22:25
W7213247573,Structure engineered Pt₂CoNi donut plates with chemical ordering for enhanced oxygen reduction reaction performance,2026,S149937609,https://doi.org/10.1016/j.cej.2026.181872,Christopher Salvo,2026-10-05 22:25
W7213267432,Histological Changes in Normal Human Skin: A Biological Marker in the Pathogenesis of Mpox and its Significance in Emerging Health Events,2026,S94779792,https://doi.org/10.4067/s0717-95022026000301024,María Paz Sáez,2026-10-05 22:25
W7213296386,Development and Preliminary Validation of a Tool to Assess Trainee Teachers’ Perceptions and Use of Digital Sources in a Historical-Thinking Framework: A Conflict Context in Chile,2026,S4210168464,https://doi.org/10.3390/socsci15090631,Rodrigo Arturo Salazar Jiménez,2026-10-05 22:25
W7213303832,Gummies: From Confectionery to Functional Hydrogel-Based Bioactive Delivery Systems,2026,S2737559645,https://doi.org/10.3390/gels12090841,Max Vásquez-Senador; Guillermo Petzold,2026-10-05 22:25
W7213316978,Topology-Driven Compression and Energy Absorption of PLA-Lattice-Reinforced Mortar,2026,S18714766,https://doi.org/10.3390/ma19183932,César Garrido,2026-10-05 22:25
W7213334596,"Brechas y limitaciones en la gestión cultural del patrimonio local en la Región del Biobío: el contexto del valor cultural en las comunas de Lota, Tomé y Yumbel",2026,S4210188114,https://doi.org/10.29393/at533-4blqm20004,Magaly Mella Abalos,2026-10-05 22:25
W7213416087,Effect of pulsed electric field pre-treatment on the Maillard reaction progression and bioactive properties of salmon peptides for the development of meat-like flavoring ingredients,2026,S130676932,https://doi.org/10.1016/j.ifset.2026.104807,Carolina Herrera‐Lavados; Gipsy Tabilo‐Munizaga; Luis Moreno‐Osorio; Mario Pérez‐Won,2026-10-05 22:25
W7213422672,Empoderamiento de mujeres influencers de talla grande: desafíos y cambio social en redes sociales,2026,S2738404260,https://doi.org/10.22395/angr.v25n49a01,Nataly Andrea Guiñez-Cabrera; Catalina Leal-Leal; Tomás Zapata-Soto,2026-10-05 22:25
W7213562052,Speech intelligibility comparison of standalone and two-stage deep learning architectures for behind-the-ear-to-binaural enhancement,2026,S196734849,https://doi.org/10.1038/s41598-026-72055-3,Sebastián Guajardo Herrera,2026-10-05 22:25
W7213786459,Numerical analysis of a three-field formulation for a reverse osmosis model,2026,S201897549,https://doi.org/10.1093/imanum/drag065,Eider Aldana; Ricardo Oyarzúa,2026-10-05 22:25
W7213863045,"Stochastic Analysis of Competing Opinion Dynamics with Trend-Following, Opposition, and Indifference",2026,S77200987,https://doi.org/10.1137/25m1788063,Manuel González-Navarrete,2026-10-05 22:25
W7213907255,Usabilidad y satisfacción de una aplicación para el monitoreo de salud mental en educación,2026,S4390297081,https://doi.org/10.22320/jrycms74,Cristian Javier Enrique Vivanco Ortega; Carlos Javier Ossa Cornejo,2026-10-05 22:25
W7213911243,Representaciones de violencia en el teatro escolar: Percepciones de estudiantes frente a Dulcinea Encadenada,2026,S4390297081,https://doi.org/10.22320/czq3wy15,Tania Faúndez Carreño; Tavita Barriga Silva; Rodrigo Faúndez Carreño; Margarita Aguayo Vergara,2026-10-05 22:25
W7213952464,Educación para el desarrollo sostenible: Reflexiones desde una experiencia doctoral,2026,S4390297081,https://doi.org/10.22320/7fem0x15,Dorka Ruiz-Salinas; Carlos Ossa Cornejo,2026-10-05 22:25
W7214113243,Comparative evaluation of CNN architectures for image-based classification of suspended solids in water under controlled conditions,2026,S2764607366,https://doi.org/10.1007/s40808-026-02904-7,Alfredo Raya,2026-10-05 22:25
W7214144572,"Integrating HPLC-determined vitamins A, E and B-complex (B1, B2, B3, B6, B9) with population intake estimates: insights from Cuba’s inaugural Total Diet Study",2026,S4210183135,https://doi.org/10.1007/s00394-026-04120-6,Yenisleidys Fernández-Guerrero,2026-10-05 22:25
W7214148395,Vitamin D deficiency in Chilean women aged 18-49 years and adults aged ≥65 years: prevalence and associated factors in a nationally representative survey,2026,S59739785,https://doi.org/10.1016/j.nut.2026.113441,Julio Parra‐Flores,2026-10-05 22:25
W7214226918,Posverdad y seguridad ciudadana en el Chile poscrisis (2019-2025). Cuando la noticia asusta más que el delito,2026,S4210196781,https://doi.org/10.21142/des-1803-2026-e0070,Manuel Pereira-Barahona,2026-10-05 22:25
W7214338133,Evaluación Estadística de la Dimensionalidad de la Escala de Medición del Silencio del Empleado: Problemas de Validez Discriminante entre el Miedo y la Resignación,2026,S4210222220,https://doi.org/10.64966/ingeniare.v34.03,Nataly Andrea Guiñez-Cabrera,2026-10-05 22:25
W7214546900,A momentum- and mass-conservative pseudostress-based mixed finite element method for the Stokes problem,2026,S201897549,https://doi.org/10.1093/imanum/drag076,Ricardo Oyarzúa,2026-10-05 22:25
W7214553628,"Assessment of the Impact of Cellulose Label, Adhesive And Metals on the Chemical Recyclability of High-Impact Polystyrene from Yogurt Cups",2026,S193665811,https://doi.org/10.1007/s10924-026-03970-9,Diego Ricciardi; Kevin Jhon Fernández-Andrade; Serguei Alejandro-Martín; Edgar Pastene,2026-10-05 22:25
W7214643497,"Vinos y Cuelchas: identidad territorial en el Valle del Itata, Ñuble, Chile.",2026,S2737040730,https://doi.org/10.25145/j.pasos.2027.25.010,Christian Loyola Gómez; Siu-yen Serrano Zambra,2026-10-05 22:25
W7214648073,Factorization pattern and fields of definition of l-torsion points on the Jacobians of genus-3 hyperelliptic curves,2026,S5407049098,https://doi.org/10.69763/polyjmath.4.10,Edgardo Riquelme Faúndez,2026-10-05 22:25
W7214654738,"Costly Prosociality, Familiarity Among Peers, and School Climate: A Predictive Model",2026,S4210194710,https://doi.org/10.3390/bs16101754,José Sandoval‐Díaz,2026-10-05 22:25
W7214757020,Non-destructive evaluation of the elastic properties of CLT floors by vibration techniques,2026,S2764766352,https://doi.org/10.1016/j.prostr.2026.08.217,Alexander Opazo-Vega; Marcelo Araneda; Alan Jara-Cisterna,2026-10-05 22:25
W7214779173,Bayesian vibration-based identification of CLT mechanical properties and connection stiffness,2026,S2764766352,https://doi.org/10.1016/j.prostr.2026.08.218,Alan Jara-Cisterna,2026-10-05 22:25
W7214972649,"LA ADMINISTRACIÓN ECONÓMICA DE LAS MISIONES FRANCISCANAS EN LA JURISDICCIÓN DE VALDIVIA, CHILE: EL «SALARIO» DE LOS MISIONEROS Y EL ROL DE LOS SÍNDICOS/AS HACIA FINES DEL SIGLO XVIII",2026,S4210190999,https://doi.org/10.15691/07198949.2025.028,Cristián Leal Pino,2026-10-05 22:25
W7215062214,Curricular weight of biological sciences in physical education teacher education in Chile,2026,S2738994920,https://doi.org/10.55040/3z98xg87,Jaime Pacheco-Carrillo,2026-10-05 22:25
W7215085722,Quasi-Static Cyclic Response and Failure Modes of CNC-Machined Pinus radiata D. Don Plywood TIE Joints in the WikiHouse Skylark System: An Exploratory Study,2026,S71324801,https://doi.org/10.3390/f17101173,César Garrido,2026-10-05 22:25
W7215104935,Relación entre parámetros antropométricos con el rendimiento en sprint y la capacidad de salto de jóvenes deportistas de distintos deportes colectivos,2026,S2738994920,https://doi.org/10.55040/he6zq802,Claudio Hernández-Mosqueira,2026-10-05 22:25
W7217147363,Explorando los conocimientos previos de futuros docentes sobre la evaluación diversificada de la lectura domiciliaria,2026,S4306505748,,Ana Carolina Maldonado-Fuentes,2026-10-05 22:25
W7218375605,The greenhushing communication dilemma: Consumer interpretations of promotional skepticism and signal invisibility,2026,S158451771,https://doi.org/10.1080/13527266.2026.2733427,Tomás Zapata-Soto; Nataly Andrea Guiñez-Cabrera; Valentina Gasset-Solar; Diana Sepúlveda-Molina,2026-10-05 22:25
W1569257891,"Adaptación y validación del Faces-20-ESP: Re-conociendo el funcionamiento familiar en Chillán, Chile",2025,S2738484073,https://doi.org/10.11600/rlcsnj.10.1.596,Nelson Zicavo,2026-10-05 22:25
W4387224891,Non-Gaussian statistics of de Sitter spectators: a perturbative derivation of stochastic dynamics,2025,S187585107,https://doi.org/10.1007/jhep12(2025)170,Spyros Sypsas,2026-10-05 22:25
W4390852195,Nonlocal macroscopic models of multi-population pedestrian flows for walking facilities optimization,2025,S153281200,https://doi.org/10.1016/j.apm.2025.115927,Luis Miguel Villada,2026-10-05 22:25
W4405468108,Quasispecies dynamics with time lags and periodic fluctuations in replication,2025,S171842551,https://doi.org/10.1007/s00285-025-02239-4,Edward A. Turner; Francisco Crespo,2026-10-05 22:25
W4405904658,Strongly interacting matter in extreme magnetic fields,2025,S37308595,https://doi.org/10.1016/j.ppnp.2025.104199,Ana Júlia Mizher; Alfredo Raya; Cristian Villavicencio,2026-10-05 22:25
W4405967328,Board of directors and value of Chilean companies,2025,S4210182932,https://doi.org/10.22267/rtend.252601.265,Felipe Muñoz Chávez; Andrea King-Domínguez; Luis Rodolfo Améstica-Rivas,2026-10-05 22:25
W4405973887,¡Otra vez prueba! Construcción epistémica de sentido común de la evaluación educativa en futuros docentes,2025,S4210232212,https://doi.org/10.17227/folios.61-19828,Ana Carolina Maldonado Fuentes; Pedro Sandoval Rubilar,2026-10-05 22:25
W4405984682,Community and territory in social work education in Chile: between new approaches and terminological placebo,2025,S1627031,https://doi.org/10.1080/02615479.2024.2448479,Felipe Saravia; Francisca Díaz,2026-10-05 22:25
W4405989669,Asociación entre el consumo de alimentos orgánicos y la actividad física de adultos residentes en Chile,2025,S2738013834,https://doi.org/10.47197/retos.v63.106211,Solange Liliana Parra-Soto; Carla Villagrán-Cerro; Catalina Ramírez‐Contreras; Lautaro Briones; Cesar Grez; Marcela Rosales; Gloria Cárcamo,2026-10-05 22:25
W4406020420,A Stabilization-Free Virtual Element Method for the Convection–Diffusion Eigenproblem,2025,S151550017,https://doi.org/10.1007/s10915-024-02765-1,David Mora,2026-10-05 22:25
W4406035001,"Effect of Nb and Si Content on Phase Stability, Microstructure and Mechanical Properties of Sintered Ti–Nb–Si Alloys",2025,S4210208383,https://doi.org/10.3390/met15010034,Guilherme Oliveira Neves,2026-10-05 22:25
W4406046643,Finite Element Modelling for Biophysical Models of Nervous System Stimulation: Best Practices for Multiscale Adaptive Meshing,2025,S98183460,https://doi.org/10.1109/tnsre.2024.3525343,Francisco Saavedra,2026-10-05 22:25
W4406062909,A strong mass conservative finite element method for the Navier–Stokes/Darcy coupled system,2025,S7571225,https://doi.org/10.1016/j.aml.2024.109447,Ricardo Oyarzúa; Miguel Serón,2026-10-05 22:25
W4406073477,Comprendiendo los factores que incrementan la vulnerabilidad ante inundaciones en asentamientos costeros irregulares en Chile: El caso de Laguna Verde,2025,S4220651642,https://doi.org/10.55467/reder.v9i1.176,Wolfgang Alejandro Breuer,2026-10-05 22:25
W4406073615,Estrategias de afrontamiento de mujeres ante desastres socionaturales: Un análisis interseccional en contextos rurales y urbanos de Chile,2025,S4220651642,https://doi.org/10.55467/reder.v9i1.183,Daniela Sandoval Muñoz; José Sandoval‐Díaz,2026-10-05 22:25
W4406094022,"ANÁLISIS CRÍTICO DEL FILM “AMÁRRATE A SALAMANCA”: LISÉRGICA, BRUJERÍA Y CULTURA POPULAR",2025,S4390297081,https://doi.org/10.22320/reined.v7i1.6965,Carlos Yévenes Guerra,2026-10-05 22:25
W4406094028,MULTIPLICADORES: UNA ESTRATEGIA PARA LA PROMOCIÓN DEL PROGRAMA DE INGENIERA DE SISTEMAS EN COMUNIDADES INDÍGENAS Y MIGRANTES,2025,S4390297081,https://doi.org/10.22320/reined.v7i1.6964,Teresa Marinelly Agreda Sigindioy,2026-10-05 22:25
W4406095342,Stroke severity shapes extracellular vesicle profiles and their impact on the cerebral endothelial cells,2025,S2090548,https://doi.org/10.1113/jp285907,Estefanny Escudero-Guevara; Hermes Sandoval; Belén Ibáñez; José Manuel León Pino; Jesenia Acurio; Felipe Troncoso; Carlos Escudero,2026-10-05 22:25
W4406097566,Effects of two training workshops upon university students’ learning of critical thinking,2025,S202381698,https://doi.org/10.1371/journal.pone.0316760,Carlos Ossa Cornejo,2026-10-05 22:25
W4406104788,"LOS PLANES DE FORMACIÓN CIUDADANA EN ESCUELAS PÚBLICAS DE LA REGIÓN DE ÑUBLE, CHILE",2025,S4390297081,https://doi.org/10.22320/reined.v7i1.6940,Héctor Cárcamo Vásquez; Kevin Domínguez Parada,2026-10-05 22:25
W4406105488,"DESERCIÓN DOCENTE EN CHILE: FACTORES, CONSECUENCIAS Y POLÍTICAS PÚBLICAS",2025,S4390297081,https://doi.org/10.22320/reined.v7i1.6941,Tavita Andrea Barriga Silva; Diego Eduardo Canales Osorio; José Martín Lagos Contreras,2026-10-05 22:25
W4406153621,Teletrabajo y Conciliación Trabajo-Familia en el Sector Público: Impacto del Género y la Familia,2025,S4210179423,https://doi.org/10.29393/ran11-4tcav30004,Carlos Ossa Cornejo,2026-10-05 22:25
W4406188921,NEW REPORT OF THANATOSIS IN A SOUTH AMERICAN MYRIAPOD,2025,S30808908,https://doi.org/10.1664/nyes-d-24-00001,Emmanuel Vega-Román; Gonzalo A. Collado,2026-10-05 22:25
W4406240344,Effect of milling time on bioactivity and structural properties of CuO-MgO-ZnO metal oxide nanocomposites,2025,S166634186,https://doi.org/10.1016/j.inoche.2025.113945,Judith Vergara-Figueroa; Fabiola Cerda-Leal; Francisco J. Valenzuela-Melgarejo; Kevins Jara-Medina; Christopher Salvo,2026-10-05 22:25
W4406249535,Front Tracking and Parameter Identification for a Conservation Law with a Space-Dependent Coefficient Modeling Granular Segregation,2025,S123777873,https://doi.org/10.4208/aamm.oa-2023-0288,Luis Miguel Villada,2026-10-05 22:25
W4406274918,Out-of-plane monotonic testing and fragility function development of screw and adhesive connections of steel-framed gypsum-board panels,2025,S165454098,https://doi.org/10.1016/j.engstruct.2025.119634,Marco F. Gallegos,2026-10-05 22:25
W4406321271,Is Admission Enough? University Persistence of Students Admitted Through Affirmative Action Policies in Chile,2025,S95227037,https://doi.org/10.1057/s41307-024-00393-w,Denisse Espinosa-Valenzuela; Carlos Rodríguez Garcés,2026-10-05 22:25
W4406321375,Machine Learning-Driven Optimization for Solution Space Reduction in the Quadratic Multiple Knapsack Problem,2025,S2485537415,https://doi.org/10.1109/access.2025.3529317,Diego Yañez-Oyarce; Fredy Humberto Troncoso Espinosa; Carlos Rey,2026-10-05 22:25
W4406322137,The Hardy parabolic problem with initial data in uniformly local Lebesgue spaces,2025,S200871675,https://doi.org/10.1016/j.jde.2025.01.009,Ricardo Castillo,2026-10-05 22:25
W4406329896,Goodness-of-Fit Test for the Bivariate Negative Binomial Distribution,2025,S4210173132,https://doi.org/10.3390/axioms14010054,Francisco Fernando Novoa; Juan Pablo Aguirre-González,2026-10-05 22:25
W4406336110,Stream Virtual Elements for the Navier–Stokes System: Nonstandard Boundary Conditions and Variable Recovery Algorithms,2025,S165512578,https://doi.org/10.1137/24m1633960,David Mora,2026-10-05 22:25
W4406420197,Modernización del espacio cívico en La Araucanía: La plaza republicana a inicios del siglo XX,2025,S4387283128,https://doi.org/10.7770/cuhso-v34n2-art737,Bárbara Viney Sáez Orrego; Pablo Fuentes Hernández,2026-10-05 22:25
W4406425075,Linear stability of the regular N -gon periodic solutions for the planar N -body problem with quasi-homogeneous potential,2025,S131268793,https://doi.org/10.4153/s0008414x24001093,Alex Castillo; Y. Paulina Martínez; Cláudio Vidal,2026-10-05 22:25
W4406429434,Innovative Entrepreneurship and Sustainability: A Bibliometric Analysis in Emerging Countries,2025,S10134376,https://doi.org/10.3390/su17020658,Verónica Peña-Acuña,2026-10-05 22:25
W4406439626,From Traditional Typing to Genomic Precision: Whole-Genome Sequencing of Listeria monocytogenes Isolated from Refrigerated Foods in Chile,2025,S2737939966,https://doi.org/10.3390/foods14020290,Julio Parra‐Flores; Pamela Chavarria,2026-10-05 22:25
W4406518272,Environmental life cycle assessment of encapsulated rejuvenators from mining truck waste tires via pyrolysis for asphalt self-healing,2025,S58516903,https://doi.org/10.1016/j.jclepro.2025.144787,Manuel Chávez-Delgado; José L. Concha,2026-10-05 22:25
W4406527076,Molecular Dynamics Study of Polyacrylamide and Polysaccharide-Derived Flocculants Adsorption on Mg(OH)2 Surfaces at pH 11,2025,S123288148,https://doi.org/10.3390/polym17020227,Gonzalo R. Quezada; Antonia A. Vargas,2026-10-05 22:25
W4406574102,Numerical analysis for a dissipative hyperbolic system with a boundary constraints,2025,S4210195884,https://doi.org/10.1007/s40314-025-03083-4,Jaime E. Muñoz Rivera,2026-10-05 22:25
W4406614666,Crown relative equilibria for the vortex problem,2025,S151579836,https://doi.org/10.1016/j.jmaa.2025.129287,Cláudio Vidal,2026-10-05 22:25
W4406629041,Análisis de casos y gamificación: implementación de metodologías y estrategias activas para la enseñanza de la innovación,2025,S2736436140,https://doi.org/10.22458/ie.v27i42.5129,Andrés Ignacio Seguel Arriagada,2026-10-05 22:25
W4406633365,Discurso oficial del Programa de Acompañamiento y Acceso Efectivo a la Educación Superior PACE: formación del estudiantado universitario,2025,S2736436140,https://doi.org/10.22458/ie.v27i42.5328,Denisse Espinosa-Valenzuela; Carlos Rodríguez Garcés,2026-10-05 22:25
W4406652079,"Burnout y satisfacción laboral en trabajadores/as sociales de la Región de Ñuble, Chile",2025,S4210175692,https://doi.org/10.25100/prts.v0i39.13798,Andrea María Palma Contreras; Francisca Antonia Marchant-Troncoso; Viviana Edith Vera-Meza,2026-10-05 22:25
W4406717369,Institutionalized violence in schools and language displacement: the voices of Mapuche speakers and elders,2025,S9692511,https://doi.org/10.3389/fpsyg.2024.1485569,Miguel Claudio Friz Carrillo; Héctor Torres Cuevas,2026-10-05 22:25
W4406733211,"High diversity of fungal ecological groups from ice-free pristine and disturbed areas in the Fildes Peninsula, King George Island, Antarctica",2025,S202381698,https://doi.org/10.1371/journal.pone.0317571,Christián Núñez; Enzo Manuel Romero; Ramón Ahumada-Rudolph; Jaime R. Cabrera‐Pardo,2026-10-05 22:25
W4406759380,Applying Machine Learning Sampling Techniques to Address Data Imbalance in a Chilean COVID-19 Symptoms and Comorbidities Dataset,2025,S4210205812,https://doi.org/10.3390/app15031132,Gastón Márquez,2026-10-05 22:25
W4406760051,Effect of Block Freeze Concentration on Bioactive Compound Content and Antioxidant Capacity When Applied to Peppermint (Mentha Piperita L.) Infusion,2025,S2737566431,https://doi.org/10.3390/antiox14020129,Indira Pérez; Vivian García-Rojas; Guillermo Petzold,2026-10-05 22:25
W4406765311,"Probability, Statistics and Estimation",2025,S4210173132,https://doi.org/10.3390/axioms14020082,Yolanda M. Gómez,2026-10-05 22:25
W4406773234,Design Strategies Applied to Classroom's Daylight Design Optimization of Classrooms Design,2025,S4210188319,https://doi.org/10.17265/1934-7359/2025.01.006,María Beatriz Piderit-Moreno,2026-10-05 22:25
W4406793036,Efecto del rectificado de cuchillas sobre la calidad superficial de madera cepillada de Pino radiata,2025,S967659979,https://doi.org/10.22320/s0718221x/2025.16,Gerson Rojas; Sergio Contreras Espinoza; Claudio Montero,2026-10-05 22:25
W4406804576,A Low-Cost Evaluation Tool for Synchronization Methods in Three-Phase Power Systems,2025,S4210205812,https://doi.org/10.3390/app15031176,Marcelo E. Reyes; Pedro Melín; Benjamín Cormack,2026-10-05 22:25
W4406874196,"CaCO₃ Radiata Pine Wood Mineralization: Weathering and Mold Resistance, and Effect on Mechanical and Adhesion Properties",2025,S71324801,https://doi.org/10.3390/f16020233,Mario Núñez‐Decap,2026-10-05 22:25
W4406886055,¿Mayor aprendizaje o inflación de calificaciones?: un análisis comparado de los sistemas evaluativos internos y externos en la enseñanza secundaria,2025,S4210175805,https://doi.org/10.5354/2735-7279.2025.74683,Carlos Rodríguez Garcés; David Romero Garrido; Denisse Espinosa-Valenzuela,2026-10-05 22:25
W4406914481,Estimation of the Water Footprint of Wood Construction in Chile Using a Streamlined Input–Output-Based Model,2025,S10134376,https://doi.org/10.3390/su17031061,Ximena Vallejos; Steven Hidalgo; Belén González; Patricio Neumann,2026-10-05 22:25
W4406933716,EM Algorithm in the Slash 2S-Lindley Distribution with Applications,2025,S4210173132,https://doi.org/10.3390/axioms14020101,Diego Ignacio Gallardo,2026-10-05 22:25
W4406944881,Periodic solutions of time-dependent perturbed Hamiltonian systems,2025,S4210187339,https://doi.org/10.1007/s00030-025-01024-y,Cláudio Vidal,2026-10-05 22:25
W4406961328,EMOCIONES EN EL PROCESO FORMATIVO DEL TRABAJADOR SOCIAL: PRIMERAS APROXIMACIONES DESDE LAS BITÁCORAS DE APRENDIZAJE,2025,S4210179916,https://doi.org/10.36367/ntqr.21.1.2025.e1090,Nelly Lagos San Martín,2026-10-05 22:25
W4406991653,Electoral Districts in Chile: Optimizing Socio-Economic Homogeneity and Demographic Balance,2025,S4210219410,https://doi.org/10.3390/systems13020085,Carlos Obreque,2026-10-05 22:25
W4406993839,Impact of high pressure impregnation and air drying on the quality of Dosidicus gigas slices,2025,S196734849,https://doi.org/10.1038/s41598-025-87647-8,Gipsy Tabilo‐Munizaga; Mario Pérez‐Won,2026-10-05 22:25
W4406997063,Numerical Solution of Mathematical Model of Heat Conduction in Multi-Layered Nanoscale Solids,2025,S4210173132,https://doi.org/10.3390/axioms14020105,Aníbal Coronel,2026-10-05 22:25
W4407009449,A new class of unit models with a quantile regression approach applied to contamination data,2025,S69755223,https://doi.org/10.1016/j.chemolab.2025.105322,Yolanda M. Gómez; Diego Ignacio Gallardo,2026-10-05 22:25
W4407039675,Emotional Intelligence and Critical Thinking: Relevant Factors for Training Future Teachers in a Chilean Pedagogy Program,2025,S2737368440,https://doi.org/10.3390/jintelligence13020017,Maritza Palma; Nelly Lagos San Martín; Carlos Ossa Cornejo,2026-10-05 22:25
W4407040412,Estimation of the orthotropic elastic properties of reinforced LVL panels through vibration-based model updating techniques,2025,S102543962,https://doi.org/10.1007/s00226-024-01627-1,Alexander Opazo-Vega; Alan Jara-Cisterna; Franco Benedetti; Mario Núñez‐Decap,2026-10-05 22:25
W4407071606,Competencias de razonamiento lógico-matemático en estudiantes de pedagogía formados en contexto de pandemia,2025,S4210168080,https://doi.org/10.37618/paradigma.1011-2251.2025.e2025024.id1617,Carlos Rodríguez Garcés; David Romero Garrido; Denisse Espinosa-Valenzuela; Geraldo Padilla Fuentes,2026-10-05 22:25
W4407083016,Modelizar sismos para buscar explicaciones científicas: “vibraciones destructivas” una Secuencia enseñanza-aprendizaje en Ciencias para la Ciudadanía,2025,S4210181977,https://doi.org/10.1590/1806-9126-rbef-2024-0306,Edith Herrera San Martín; Cristóbal Andrés Sepúlveda Reyes,2026-10-05 22:25
W4407104522,"What Do We Know About Non-Native, Invasive, and Transplanted Aquatic Mollusks in South America?",2025,S153489431,https://doi.org/10.3390/biology14020151,Gonzalo A. Collado,2026-10-05 22:25
W4407108235,Loss and Downtime Assessment of RC Dual Wall–Frame Office Buildings Toward Resilient Seismic Performance,2025,S10134376,https://doi.org/10.3390/su17031200,Marco F. Gallegos,2026-10-05 22:25
W4407144864,Explorando competencias de modelación matemática y errores en la formación docente,2025,S4210206068,https://doi.org/10.30827/pna.v19i2.30336,Francisco Enrique Rodríguez Alveal,2026-10-05 22:25
W4407148922,Global and blow-up solutions for a heat equation with variable reaction,2025,S68029218,https://doi.org/10.1080/00036811.2025.2459610,Ricardo Castillo,2026-10-05 22:25
W4407160720,Unveiling the intruders: molecular and morphological identification of three invasive freshwater species in a southern Chilean lake,2025,S148760032,https://doi.org/10.1007/s10201-025-00784-x,Gonzalo A. Collado; Rebeca Carballo,2026-10-05 22:25
W4407172847,Higher education students’ perceptions of ChatGPT: A global study of early reactions,2025,S202381698,https://doi.org/10.1371/journal.pone.0315011,Roxana Balbontín-Alvarado,2026-10-05 22:25
W4407181334,"Water Security and Multi-Sector Trade-Offs Under Climate Change: A Hydro-Economic Model for the Biobío River Basin, Chile",2025,S2764718648,https://doi.org/10.1142/s2382624x25400016,Mauricio Leiva,2026-10-05 22:25
W4407196815,Escalas para evaluar la motivación lectora en escolares de primaria,2025,S4210229326,https://doi.org/10.15517/revedu.v49i1.61362,Teresa Marinelly Agreda Sigindioy,2026-10-05 22:25
W4407209611,Nonconforming virtual element method for the Schrödinger eigenvalue problem,2025,S4210205691,https://doi.org/10.1016/j.camwa.2025.01.035,Dibyendu Adak; Jesus Vellojin,2026-10-05 22:25
W4407209694,"A new species of ?Diploctenium (Anthozoa: Meandrinidae) from the Trihueco Formation (Lower Paleocene), south-central Chile",2025,S171471881,https://doi.org/10.11646/zootaxa.5584.2.8,Gonzalo A. Collado; Fernando F. Galleguillos,2026-10-05 22:25
W4407212799,Diet quality of Chilean schoolchildren: How is it linked to adherence to dietary guidelines?,2025,S202381698,https://doi.org/10.1371/journal.pone.0318206,Jacqueline Araneda Flores,2026-10-05 22:25
W4407218034,"Some Planar (n, 1)-Stacked Central Configurations",2025,S4210173502,https://doi.org/10.1007/s00574-025-00442-x,Cláudio Vidal,2026-10-05 22:25
W4407318375,Study of interior hygrometry profiles for the hygrothermal assessment of social housing envelopes in humid temperate climates,2025,S2764478331,https://doi.org/10.1016/j.jobe.2025.112031,Roberto Arriagada-Bustos; Ariel Bobadilla-Moreno,2026-10-05 22:25
W4407320743,Using implementation science to develop and deploy an oncology electronic health record,2025,S2898224164,https://doi.org/10.1016/j.imu.2025.101625,Gastón Márquez,2026-10-05 22:25
W4407353919,Material Textile Design as a Trigger for Transdisciplinary Collaboration: Coating Bio-Based Textiles Using Waste from the Wood Industry,2025,S4210205742,https://doi.org/10.3390/coatings15020216,Jimena Alarcón Castro; Catalina Fuenzalida Fernández; Florencia Alarcón Carrasco,2026-10-05 22:25
W4407511787,Responsabilidad social universitaria y satisfacción laboral. El caso de directivos en una universidad estatal de Chile,2025,S4210211945,https://doi.org/10.4067/s0718-50062025000100001,Carlos Mauricio Salazar Botello; Omar Acuña-Moraga; Shangrila Fitri Amin,2026-10-05 22:25
W4407558058,Deep Eutectic Solvent‐Based Cocoa ( Theobroma cacao L.) Bean Shell Flavonoid Release: A Comparative Study of Extraction Kinetic Models,2025,S151747869,https://doi.org/10.1111/jfpe.70054,Elaine Benítez‐Correa; José Miguel Bastías‐Montes; Sergio Acuña,2026-10-05 22:25
W4407633955,On convergence performance of classic and novel power flow algorithms for dynamic simulation of distribution smart grids with renewable sources,2025,S111975091,https://doi.org/10.1007/s00202-025-02994-z,Miguel Parada Contzen,2026-10-05 22:25
W4407657725,Use of a Yeast Protein-Based Intumescent Fire Retardant Bioadditive as Thermal and Mechanical Reinforcement for a PVAc Adhesive for Wood Products,2025,S4210205812,https://doi.org/10.3390/app15042051,Marcela Vidal-Vega; Mario Núñez-Decap; Arturo Fernández-Pérez,2026-10-05 22:25
W4407735659,Unraveling the demographic and socioeconomic factors shaping subjective health status in Chile over three decades: implications for health policy,2025,S200437886,https://doi.org/10.1186/s12889-025-21720-9,Marjorie Baquedano-Rodríguez,2026-10-05 22:25
W4407739761,Global existence versus blow-up for a Hardy-Hénon parabolic equation on arbitrary domains,2025,S200871675,https://doi.org/10.1016/j.jde.2025.02.047,Ricardo Castillo,2026-10-05 22:25
W4407742175,Improved Antioxidant Capacity by Block Cryoconcentration of Opuntia ficus-indica L. Mill (Green and Red) Juice,2025,S4210178366,https://doi.org/10.3390/appliedchem5010004,Guillermo Petzold,2026-10-05 22:25
W4407752094,A characterization of the reachable profiles of entropy solutions for the elementary wave interaction problem of convex scalar conservation laws,2025,S4210179087,https://doi.org/10.3934/math.2025145,Aníbal Coronel; Fernando Huancas,2026-10-05 22:25
W4407773939,Contribution of Reading Comprehension to Cognitive Reserve in Aging: a Scoping Review,2025,S4387280997,https://doi.org/10.56294/saludcyt20251184,Marilyn San Martín Cofré; Bárbara Farías-Fritz,2026-10-05 22:25
W4407775955,Enhanced aromatic hydrocarbon production from biomass-plastic co-hydropyrolysis over Ni/MOF-derived catalyst,2025,S178362034,https://doi.org/10.1016/j.indcrop.2025.120749,Carlos Romero-Unda; Kevin Jhon Fernández-Andrade; Serguei Alejandro-Martín,2026-10-05 22:25
W4407785938,Insecticidal Potential of Baccharis macraei Essential Oils: An Ecological Approach to Their Volatile Composition in Insect Management,2025,S2738977497,https://doi.org/10.3390/agronomy15030509,Julio Alarcón,2026-10-05 22:25
W4407880378,On a Sum of Two Akash Distributions: Inference and Applications,2025,S4210173132,https://doi.org/10.3390/axioms14030158,Luis Firinguetti-Limone,2026-10-05 22:25
W4407904780,Association Between Food Habits with Mental Health and Executive Function in Chilean Children and Adolescents,2025,S2736895435,https://doi.org/10.3390/children12030268,Claudio Hernández-Mosqueira,2026-10-05 22:25
W4407914971,Effect of the Initial Damage State on the Seismic Behavior of A Five-Story CLT Building,2025,S4210191137,https://doi.org/10.3390/buildings15050727,Franco Benedetti; Julieta Álvarez M.; Alan Jara-Cisterna; Alexander Opazo-Vega; Víctor Rosales,2026-10-05 22:25
W4407955700,Attributes and effects of the invasive air-breathing freshwater snail Physa acuta on ecosystem properties and services,2025,S41031980,https://doi.org/10.1071/mf25023,Gonzalo A. Collado,2026-10-05 22:25
W4407973314,Prolonged Power Outages and Air Quality: Insights from Quito’s 2023–2024 Energy Crisis,2025,S946213959,https://doi.org/10.3390/atmos16030274,Serguei Alejandro-Martín,2026-10-05 22:25
W4408050601,Obtaining bioactive peptides by enhancing enzymatic hydrolysis of salmon by-product proteins through pulsed electric fields (PEF),2025,S38919146,https://doi.org/10.1016/j.foodres.2025.116103,Carolina Herrera‐Lavados; Gipsy Tabilo‐Munizaga; Nailín Carvajal-Mena; Mario Pérez‐Won,2026-10-05 22:25
W4408163011,Usefulness of the Mini-Nutritional Assessment in screening for sarcopenia in a sample of institutionalized older persons - A cross-sectional study,2025,S108953488,https://doi.org/10.20960/nh.05491,Orietta Segura-Badilla,2026-10-05 22:25
W4408165018,Optical and electrical properties of cadmium sulphide thin films coated with fungal-derived core/shell silver nanoparticles,2025,S2764987357,https://doi.org/10.1016/j.surfin.2025.106166,Claudia Oviedo; M. Salamanca-Flores; Arturo Fernández-Pérez,2026-10-05 22:25
W4408178021,Conceptual Metaphors About Voice in the Teacher-Student Interaction System During Western Classical Singing Lessons,2025,S15409311,https://doi.org/10.1016/j.jvoice.2025.02.021,Jaime Crisosto-Alarcón,2026-10-05 22:25
W4408188218,"Seminarios de título de la carrera de Pedagogía en Educación Física de la Universidad de Concepción, Chile: Un análisis Bibliométrico",2025,S4210205299,https://doi.org/10.29035/rcaf.26.1.5,Claudio Hernández-Mosqueira,2026-10-05 22:25
W4408196259,Enhancing rheological and self-healing properties of aged bitumen using a pyro-rejuvenator from waste tyres,2025,S29980478,https://doi.org/10.1016/j.conbuildmat.2025.140639,Manuel Chávez-Delgado; José L. Concha,2026-10-05 22:25
W4408216419,Uso de viñetas para explorar conocimientos previos sobre retroalimentación en formación inicial docente,2025,S2737867514,https://doi.org/10.22235/pe.v18i1.4167,Ana Carolina Maldonado Fuentes,2026-10-05 22:25
W4408223977,9-Hydroxyaristoquinolone: A New Indole Alkaloid Isolated from Aristotelia chilensis with Inhibitory Activity of NF-κB in HMC-3 Microglia Cells,2025,S10623703,https://doi.org/10.3390/ijms26062419,Jaime R. Cabrera‐Pardo,2026-10-05 22:25
W4408247083,plan maestro en el campo científico-discursivo de la planificación urbana. Una revisión desde Scopus,2025,S4210209653,https://doi.org/10.4206/aus.2024.n36-03,Aarón Tolindor Napadensky Pastene; María-Jose Ugarte,2026-10-05 22:25
W4408274892,Spatial Near-Elliptical Symmetric Periodic Orbits of Perturbed Kepler Problems: From Existence to Stability,2025,S161160597,https://doi.org/10.1137/24m1666689,Cláudio Vidal,2026-10-05 22:25
W4408290926,Parametric quantile regression based on the inverse Gaussian distribution,2025,S188551233,https://doi.org/10.1080/00949655.2025.2476758,Diego Ignacio Gallardo,2026-10-05 22:25
W4408291568,CMS results for the γ γ production at the LHC: Do they give a hint for a Higgs boson of the maximally C P symmetric two-Higgs-doublet model?,2025,S4210238307,https://doi.org/10.1103/physrevd.111.055009,M. Maniatis,2026-10-05 22:25
W4408295256,Review of Documented Cases and New Teratological Records in Chilean Myriapods,2025,S123423509,https://doi.org/10.3157/021.132.0208,Emmanuel Vega-Román; Gonzalo A. Collado,2026-10-05 22:25
W4408306338,Saberes indígenas e educação nas Américas: experiências e perspectivas,2025,S4210236008,https://doi.org/10.4000/13g1c,Héctor Torres Cuevas,2026-10-05 22:25
W4408306348,Savoirs autochtones et éducation dans les Amériques : expériences et perspectives,2025,S4210236008,https://doi.org/10.4000/13g17,Héctor Torres Cuevas,2026-10-05 22:25
W4408306416,Saberes indígenas y educación en las Américas: experiencias y perspectivas,2025,S4210236008,https://doi.org/10.4000/13g1b,Héctor Torres Cuevas,2026-10-05 22:25
W4408306439,Indigenous Knowledge and Education in the Americas: Experiences and Perspectives,2025,S4210236008,https://doi.org/10.4000/13g19,Héctor Torres Cuevas,2026-10-05 22:25
W4408324829,Identidad profesional y progreso académico en la formación inicial de futuros profesores chilenos: un estudio mixto,2025,S2739009134,https://doi.org/10.15443/rl3419,José Sandoval‐Díaz,2026-10-05 22:25
W4408390003,Comprehensive analysis of improved LiFePO4 kinetics: Understanding barriers to fast charging,2025,S177147899,https://doi.org/10.1016/j.jpowsour.2025.236747,Marisol Maril; Pablo Tobosque,2026-10-05 22:25
W4408408300,Habitat use by pudu deer (Pudu puda) in native forests of coastal range in Southern Chile,2025,S4210187125,https://doi.org/10.1007/s13364-025-00786-1,Miguel Yáñez,2026-10-05 22:25
W4408453327,Morphological and molecular analyses of mountain centipede snake (Serpentes: Tantilla) reveal a new species from Venezuelan Andes,2025,S4387287688,https://doi.org/10.20935/acadbiol7534,Pablo Athenogoras Moreno-Pérez,2026-10-05 22:25
W4408456540,Ciencias para la ciudadanía y formación inicial de profesores de ciencias: aportes desde la revisión sistemática a un modelo de formación,2025,S2736711335,https://doi.org/10.1590/s1413-24782025300003,Edith Herrera San Martín,2026-10-05 22:25
W4408464125,The influence of a submarine canyon on the wind-driven downwelling circulation over the continental shelf,2025,S152701455,https://doi.org/10.5194/os-21-643-2025,Pedro A. Figueroa; Gonzalo S. Saldías,2026-10-05 22:25
W4408476140,The influence of solid lubricant reservoir's morpho-dimensional evolution on the sliding wear of sintered iron-based self-lubricant composites,2025,S16737290,https://doi.org/10.1016/j.wear.2025.206032,Guilherme Oliveira Neves,2026-10-05 22:25
W4408498419,Measuring and strengthening intelligence and emotional competencies in higher education: A systematic analysis,2025,S4387280997,https://doi.org/10.56294/saludcyt20251503,Nelly Lagos San Martín,2026-10-05 22:25
W4408499189,First Record of Aplanochytrium on the Chilean Coast and its Biotechnological Potential: Expanding the Geographic Distribution of Labyrinthulomycetes,2025,S73111969,https://doi.org/10.1111/jeu.70007,Pamela Jara‐Zapata; Patricia Arancibia‐Ávila; Cristian Torres‐Díaz; Edgar Pastene; Nicolás Reyes‐Quinteros,2026-10-05 22:25
W4408505353,Structural analyses of Glycyrrhiza glabra C-glycosyltransferase: a molecular dynamics study to elucidate catalytically active complexes,2025,S179810352,https://doi.org/10.1039/d4ob01814a,Fabiola Estefany Medina,2026-10-05 22:25
W4408532386,Allocation of Strategic Positions for Storage of Meat Products Requiring Cold Chain,2025,S2737939966,https://doi.org/10.3390/foods14061010,Rodrigo Linfati,2026-10-05 22:25
W4408551535,Erioflorin and Erioflorin Acetate Induce Cell Death in Advanced Prostate Cancer Through ROS Increase and NF-κB Inhibition,2025,S4210179895,https://doi.org/10.3390/jox15020045,Jaime R. Cabrera‐Pardo,2026-10-05 22:25
W4408575807,Dominant Wind Patterns Under the Influence of Atmospheric Rivers: Implications for Coastal Upwelling off Central‐Southern Chile,2025,S4210200322,https://doi.org/10.1029/2024jc021444,Gonzalo S. Saldías,2026-10-05 22:25
W4408621251,The Shared Weighted Lindley Frailty Model for Clustered Failure Time Data,2025,S126457381,https://doi.org/10.1002/bimj.70044,Diego Ignacio Gallardo,2026-10-05 22:25
W4408666551,The survival challenge of the lizard Phymaturus vociferator in central Chile,2025,S202303835,https://doi.org/10.1163/15685381-bja10222,Marcela A. Vidal; Felipe Barraza-Acuña; Valentina Cifuentes; Gonzalo A. Collado; Cristian Torres‐Díaz; Patricio Chandía,2026-10-05 22:25
W4408669834,REPRESENTACIONES SOBRE LA EDUCACIÓN SEXUAL DESDE LA PERSPECTIVA DEL PROFESORADO,2025,S4390297081,https://doi.org/10.22320/reined.v7i1.7087,Sara Díaz Ferrada; Ignacio Farías Díaz; Constanza Gouet Bascur; Héctor Cárcamo Vásquez,2026-10-05 22:25
W4408715749,Optimal pricing of protected areas under multiple sites demand models,2025,S136211407,https://doi.org/10.1016/j.ecolecon.2025.108604,Mauricio Leiva,2026-10-05 22:25
W4408717907,Genomic Introgression and Adaptation of Southern Seabird Species Facilitate Recent Polar Colonization,2025,S57552105,https://doi.org/10.1093/molbev/msaf053,Juan Carlos Marín,2026-10-05 22:25
W4408727529,"Price Elasticity of the Residential Water Demand in Latin America: Empirical Analysis for Chile, Colombia, and Peru",2025,S2764718648,https://doi.org/10.1142/s2382624x25400065,Mauricio Leiva,2026-10-05 22:25
W4408733759,A general and unified class of gamma regression models,2025,S69755223,https://doi.org/10.1016/j.chemolab.2025.105382,Diego Ignacio Gallardo,2026-10-05 22:25
W4408734234,Modeling and dynamics near irregular elongated asteroids,2025,S153084011,https://doi.org/10.1007/s10569-025-10244-4,E. Martínez,2026-10-05 22:25
W4408756212,Why do (some) people in informal settlements in Latin America grow food today and what is their struggle?,2025,S82902237,https://doi.org/10.1080/13549839.2025.2477016,Claudio Araneda; Roberto Burdiles,2026-10-05 22:25
W4408780669,"Comprehensive Review of Plant Protein Digestibility: Challenges, Assessment Methods, and Improvement Strategies",2025,S4210205812,https://doi.org/10.3390/app15073538,Juan Esteban Reyes,2026-10-05 22:25
W4408815470,"Weighted pseudo S-asymptotic $(N,\lambda )$-periodic solutions to Volterra difference equations",2025,S61795452,https://doi.org/10.1186/s13661-025-02035-5,Silvia Rueda,2026-10-05 22:25
W4408827728,The spaces in between: an actor network analysis of alternative food systems in Latin America and the Caribbean,2025,S4210212157,https://doi.org/10.3389/fsufs.2025.1460343,Roberto Burdiles; Claudio Araneda,2026-10-05 22:25
W4408829001,Comparison of triple quadrupole and hybrid quadrupole-time-of-flight mass analyzers for LC-MS/MS determination of casein and ovalbumin in wines,2025,S176136234,https://doi.org/10.1016/j.chroma.2025.465906,Karem Henríquez‐Aedo,2026-10-05 22:25
W4408892079,Relationship between the architectural and constructive characteristics of dwellings and the adaptive actions of their occupants,2025,S133853345,https://doi.org/10.1007/s12053-025-10312-6,Paula Gacitúa-Ferrada; Laura Marín-Restrepo,2026-10-05 22:25
W4408920641,Improving IT/Business Alignment in DevOps: Business Capability for Adopting BizDevOps,2025,S4210172359,https://doi.org/10.1002/smr.70016,L Caro,2026-10-05 22:25
W4408921586,Ultrasound as a novel separation technique in block freeze concentration applied to peppermint ( Mentha piperita L.) infusion,2025,S23579880,https://doi.org/10.1111/1750-3841.70157,Indira Pérez; Tatiana Beldarraín-Iznaga; Guillermo Petzold,2026-10-05 22:25
W4408991488,Centrifugal Partition Chromatography Is a Powerful Tool for the Isolation of Antibiofilm Quantum Carbon Dots Synthesized by Hydrothermal Treatment of Avocado Peels,2025,S108911230,https://doi.org/10.3390/molecules30071525,Nandis Fiallos; Sergio Acuña; Diana Correa-Otero; Matías Venegas-Toloza; Tatiana Beldarraín-Iznaga; Josefina Burgos; Francisca Fuentes; Francisco Bustamante; Girlenne Christiansen; Julio Alarcón; Edgar Pastene,2026-10-05 22:25
W4408994597,Self-assembled PAMAM-G4 dendrimer nanoparticles with Phloxine B as photosensitizer for antimicrobial photodynamic therapy,2025,S131016564,https://doi.org/10.1016/j.ijpharm.2025.125534,Yuly Andrea Guarín-González; G. Cabello,2026-10-05 22:25
W4409037605,Inhibitory Potential of the Drimane Sesquiterpenoids Isotadeonal and Polygodial in the NF-kB Pathway,2025,S108911230,https://doi.org/10.3390/molecules30071555,Jaime R. Cabrera‐Pardo,2026-10-05 22:25
W4409038073,"Perceived Facilitators and Barriers, From the Perspective of Users, of a Multicomponent Intervention in Older People Using an Asynchronous Telehealth Modality During the COVID‐19 Pandemic: A Qualitative Research",2025,S114231005,https://doi.org/10.1155/jare/6839569,Solange Liliana Parra-Soto,2026-10-05 22:25
W4409045874,Formación en psicología comunitaria para la intervención psicosocial con personas mayores: una experiencia de aprendizaje-servicio,2025,S4210200106,https://doi.org/10.5565/rev/qpsicologia.2118,José Sandoval‐Díaz; Consuelo Suazo‐Muñoz; Jerónimo Vega-Ortega; Soledad Martínez Labrín; Cristóbal Bravo Ferretti; Samuel Pérez Norambuena,2026-10-05 22:25
W4409088801,Association between low dairy consumption and determinants of health in Latin American university students: a multicenter study,2025,S108953488,https://doi.org/10.20960/nh.05513,Israel Ríos; Solange Liliana Parra-Soto; Jacqueline Flores,2026-10-05 22:25
W4409136752,Preliminary study of Acacia dealbata logs for use in construction: Visual characterization and non-destructive testing,2025,S967659979,https://doi.org/10.22320/s0718221x/2025.23,Manuel Suazo Uribe; Alexander Opazo-Vega; Claudio Montero,2026-10-05 22:25
W4409150701,"Impacts of conventional and industrial wastewaters-based media on biomass production, nutrient dynamics, and fatty acid profile in a thraustochytrid culture",2025,S113958752,https://doi.org/10.1080/10826068.2025.2484606,Pedro Contreras; Claudia Oviedo; Cinthia Vásquez-Sandoval; José Navarrete,2026-10-05 22:25
W4409165132,Relationship between body mass index and lower limb power in children and adolescents,2025,S2738099451,https://doi.org/10.4081/ejtm.2025.13509,Camilo Urra-Albornoz,2026-10-05 22:25
W4409171309,"Aprendizaje basado en movimiento, efectos sobre el rendimiento académico: una revisión sistemática con metaanálisis a partir de ensayos controlados",2025,S2738013834,https://doi.org/10.47197/retos.v66.113159,Claudio Hernández-Mosqueira,2026-10-05 22:25
W4409190824,Westervelt-Based Modeling of Ultrasound-Enhanced Drug Delivery,2025,S131276044,https://doi.org/10.1007/s00332-025-10157-4,Julio Careaga,2026-10-05 22:25
W4409201222,Advancing agricultural sustainability: Nanoparticles and zeolites for pathogenic fungal control and seed germination,2025,S2764726840,https://doi.org/10.1016/j.fbio.2025.106409,Ramón Ahumada-Rudolph; Manuel Nova; Paola Méndez; Jaime R. Cabrera‐Pardo; S. Pino; Carlos L. Céspedes,2026-10-05 22:25
W4409205995,"Thermophysical properties and antioxidant capacity of spray-dried curcumin multilayered microcapsules stabilized by gelatin, gum arabic and tannic acid",2025,S4387290589,https://doi.org/10.18686/fnc281,Ricardo Villalobos‐Carvajal; Tatiana Beldarraín-Iznaga,2026-10-05 22:25
W4409213076,Development and Application of Novel SSR Markers to Assess the Genetic Diversity and Population Structure of Phacelia secunda Along an Altitudinal Gradient in the Central Chile Andes,2025,S4210230202,https://doi.org/10.3390/plants14071135,Cristian Torres‐Díaz; Ana Ortíz-Sepúlveda; Darío Farias-Cantillana,2026-10-05 22:25
W4409214058,EM Algorithm in the Modified Slash Power Maxwell Distribution with an Application,2025,S4210173132,https://doi.org/10.3390/axioms14040276,Yolanda M. Gómez,2026-10-05 22:25
W4409250933,Ultra-thin CdS:Al buffer layer integration to enhance the fill factor in CdS/PbS solar cells: A comprehensive study of structural and photovoltaic properties,2025,S67716761,https://doi.org/10.1016/j.jallcom.2025.180286,G. Cabello; Arturo Fernández-Pérez,2026-10-05 22:25
W4409261570,Predicción de Riesgo Cardiovascular en una Población de Atención Primaria Mediante el uso de Machine learning,2025,S2737798596,https://doi.org/10.18845/tm.v38i2.7167,Fredy Humberto Troncoso Espinosa; Juan San Martín-Durán,2026-10-05 22:25
W4409268178,Perceptions of Learning Assessment in Practicum Students vs. Initial Teacher Education Faculty in Chilean Physical Education: A Comparative Study of Two Cohorts,2025,S2738008561,https://doi.org/10.3390/educsci15040459,Samuel Pérez Norambuena; Jorge Gallardo-Fuentes,2026-10-05 22:25
W4409293240,Social Representations of Formal Volunteers and Spontaneous Volunteers in Socio-Natural Disaster Risk Management Contexts,2025,S4210194710,https://doi.org/10.3390/bs15040497,Matías Peña-Garay; José Sandoval‐Díaz,2026-10-05 22:25
W4409307314,"Assessment of essential mineral (Ca, Mg, P, K, Na, Cu, Fe, and Zn) intakes from cuban diets and their health implications: Insights from a total diet study",2025,S165809374,https://doi.org/10.1016/j.jtemb.2025.127649,Yenisleidys Fernández-Guerrero,2026-10-05 22:25
W4409316554,Power sharing and voltage regulation control for grid forming of future distribution circuits with multiple voltage references,2025,S151498627,https://doi.org/10.1016/j.epsr.2025.111668,Miguel Parada Contzen,2026-10-05 22:25
W4409317781,Experimental and numerical investigation on stainless steel corrugated girders subjected to patch loading,2025,S165454098,https://doi.org/10.1016/j.engstruct.2025.120221,Euro Casanova,2026-10-05 22:25
W4409318985,Effect of Alkali and Permanganate Treatments on Terminalia catappa Leaf Fibers: Efficient Reinforcements to Be Used in Eco-Friendly Composites,2025,S4210239500,https://doi.org/10.1021/acsomega.4c02715,Cecilia Bustos,2026-10-05 22:25
W4409337941,On the dynamics of the Muthuswamy–Chua systems in RR3,2025,S187806540,https://doi.org/10.1063/5.0255329,Y. Paulina Martínez,2026-10-05 22:25
W4409342789,Review: The potential role of placental extracellular vesicles in blood-brain barrier disruption and neuroinflammation in preeclampsia,2025,S171513543,https://doi.org/10.1016/j.placenta.2025.04.001,Carlos Escudero,2026-10-05 22:25
W4409350021,Households' preferences for door-to-door recycling service: A choice experiment in southern Chile,2025,S136211407,https://doi.org/10.1016/j.ecolecon.2025.108605,César Salazar,2026-10-05 22:25
W4409351221,Public opinion towards stuttering: The differentiated beliefs and reactions between Chilean men and women.,2025,S4387287557,https://doi.org/10.56294/dm2025744,Yasna Sandoval,2026-10-05 22:25
W4409368558,"Chalcopyrite Flotation, Molecular Design and Smart Industry: A Review",2025,S10623703,https://doi.org/10.3390/ijms26083613,Gonzalo R. Quezada,2026-10-05 22:25
W4409376449,A general and unified parameterization of the beta distribution: A flexible and robust beta regression model,2025,S152229401,https://doi.org/10.1111/stan.70007,Diego Ignacio Gallardo,2026-10-05 22:25
W4409386202,De novo transcriptome assembly and functional annotation supports potential biotechnological applications for the non-model thraustochytrid Ulkenia visurgensis Lng2,2025,S75702506,https://doi.org/10.1016/j.gene.2025.149492,Pedro Contreras; José Navarrete; Claudia Oviedo,2026-10-05 22:25
W4409399776,"Respuesta a carta al editor: ""Importancia de construir con miradas propias el camino de la investigación de la Familia en América Latinaâ€",2025,S2738484073,https://doi.org/10.11600/rlcsnj.14.2.2642,Nelson Zicavo-Martínez,2026-10-05 22:25
W4409407995,Fungal diversity from Fildes Peninsula (Antarctica) and their antibiosis bioactivity against two plant pathogens,2025,S119912628,https://doi.org/10.71150/jm.2411029,Enzo Manuel Romero; Ramón Ahumada-Rudolph; Christián Núñez; Jaime R. Cabrera‐Pardo,2026-10-05 22:25
W4409409364,Structure–Performance Relationship of Anionic Polyacrylamide in Pyrite-Containing Tailings: Insights into Flocculation Efficiency,2025,S123288148,https://doi.org/10.3390/polym17081055,Gonzalo R. Quezada,2026-10-05 22:25
W4409425000,The role of host mobility in the transmission and spread of Echinococcus granulosus: A Chile-based mathematical modeling approach,2025,S46544255,https://doi.org/10.1371/journal.pntd.0012948,Aníbal Coronel,2026-10-05 22:25
W4409456444,Brechas Teórico-Prácticas al Enseñar Ciencias para la Ciudadanía por Profesores de Ciencias en Formación Inicial,2025,S4210167575,https://doi.org/10.22600/1518-8795.ienci/2025v30n1p37,Edith Herrera San Martín,2026-10-05 22:25
W4409532943,El «desierto» nihilista que se expande por el mundo ha llegado a Gotham.,2025,S4210185775,https://doi.org/10.22370/panambi.2024.18.4323,Emilio Álvarez Ortega,2026-10-05 22:25
W4409536221,Machine Learning and Industrial Data for Veneer Quality Optimization in Plywood Manufacturing,2025,S4210201879,https://doi.org/10.3390/pr13041229,Mario Ramos-Maldonado; Felipe Gutiérrez; Rodrigo Gallardo-Venegas; Cecilia Bustos; Eduardo Contreras; Leandro Lagos,2026-10-05 22:25
W4409540721,Colaboración y desempeño académico en física introductoria en-línea: una exploración mediante análisis de redes sociales,2025,S4210211945,https://doi.org/10.4067/s0718-50062025000200071,Rodrigo E. Muñoz; Javier Pulgar; Iván R. Sánchez,2026-10-05 22:25
W4409569866,Price relationships between differentiated agricultural products. Do energy and climate shocks matter?,2025,S3034372847,https://doi.org/10.1186/s40100-025-00355-9,Andrés Acuña,2026-10-05 22:25
W4409578280,Inferential and predictive procedures for inverse gamma regression model,2025,S188551233,https://doi.org/10.1080/00949655.2025.2492878,Diego Ignacio Gallardo,2026-10-05 22:25
W4409590060,Enhanced robotic cross-laminated timber panel assembly process,2025,S4210169634,https://doi.org/10.1016/j.dibe.2025.100667,Bryan González; Alexander Opazo-Vega; Rodrigo García Álvarado,2026-10-05 22:25
W4409655958,Spatiotemporal variations of aquatic vegetation in Maracaibo Lake: Remote sensing and machine learning approach with Google Earth Engine,2025,S2764483130,https://doi.org/10.1016/j.ejrs.2025.04.001,Karen Escalona,2026-10-05 22:25
W4409665627,Periodic Solutions for the Spatial Non-homogeneous Straight Segment Problem,2025,S113416816,https://doi.org/10.1007/s44198-025-00274-9,Cláudio Vidal,2026-10-05 22:25
W4409688939,A semilinear heat equation with variable reaction and singular initial data,2025,S68029218,https://doi.org/10.1080/00036811.2025.2489469,R. Castillo,2026-10-05 22:25
W4409695537,Theoretical conformational analysis of cross-linking bonds in fungal hydrophobin from Aspergillus fumigatus,2025,S178711970,https://doi.org/10.1080/07391102.2025.2496289,Fabiola Estefany Medina; Juana Coloma; Claudia Oviedo,2026-10-05 22:25
W4409731753,A virtual element method for a convective Brinkman-Forchheimer problem coupled with a heat equation,2025,S4210205691,https://doi.org/10.1016/j.camwa.2025.04.015,Danilo Amigo; Felipe Lepe,2026-10-05 22:25
W4409761097,Efficient Computation of the K Nearest Neighbors Query Using Incremental Radius on a k²-tree,2025,S2485537415,https://doi.org/10.1109/access.2025.3564185,Rodrigo Torres-Avilés; Mónica Caniupán,2026-10-05 22:25
W4409778417,Coupled Finite Volume Methods for Settling in Inclined Vessels With Natural Convection,2025,S89452420,https://doi.org/10.1002/mma.10981,Julio Careaga,2026-10-05 22:25
W4409791427,A stability result for a discontinuity jump inverse problem on linear elasticity equation,2025,S1393328,https://doi.org/10.1088/1361-6420/add0d6,Jorge Aguayo,2026-10-05 22:25
W4409800092,Overturning resistance of concrete curved walls manufactured with additive construction,2025,S2764478331,https://doi.org/10.1016/j.jobe.2025.112770,Euro Casanova; Nelson Hidalgo; Michael Valdebenito; Rodrigo García Álvarado,2026-10-05 22:25
W4409801223,Digital Hoarding in the Workplace: A Structural Equation Modeling Approach,2025,S5407047571,https://doi.org/10.17013/wjis.v1i4.23,Natalia Bravo-Adasme; Elizabeth E. Grandón,2026-10-05 22:25
W4409884608,Desempeño en la Evaluación Nacional Diagnóstica (END): una mirada desde el perfil de ingreso y rendimiento académico de futuros profesores chilenos,2025,S4210217308,https://doi.org/10.19053/uptc.20278306.v15.n1.2025.18586,Carlos Rodríguez Garcés; Denisse Espinosa-Valenzuela; María Teresa Castañeda Díaz; David Romero Garrido,2026-10-05 22:25
W4409921963,Desnaturalización y Norma-tensión: dos demandas a la intervención social contemporánea,2025,S4210184370,https://doi.org/10.5354/2735-6620.2025.76506,Juan Saavedra,2026-10-05 22:25
W4409972079,Diversity in Chilean Bean Varieties: Effects of Water Cooking on Nutrition and Culinary Quality,2025,S54368951,https://doi.org/10.1007/s11130-025-01355-2,Sergio Acuña; José Miguel Bastías‐Montes; Ivo-Franco Gajardo-Poblete; Nicole-Andrea Galdames-Zúñiga; Patricio-Oliva-Moresco,2026-10-05 22:25
W4409978400,Constructing Parenthood in Non-Biological Same-Sex Households: Negotiation of Care Roles Among Couples in Chile,2025,S4387284462,https://doi.org/10.56397/jrssh.2025.04.07,Xin Liu,2026-10-05 22:25
W4409990044,Impacto del estilo de enseñanza docente en el aprendizaje procedimental en estudiantes universitarios Chilenos,2025,S4387282692,https://doi.org/10.55777/rea.v18i35.5048,Perla del Rocío Sánchez Ávila,2026-10-05 22:25
W4410037057,On Nested Central Configurations of the 3n Body Problem,2025,S131276044,https://doi.org/10.1007/s00332-025-10162-7,Cláudio Vidal,2026-10-05 22:25
W4410053578,Discurso sobre “infancia”. Categoría en disputa en la instalación del Sistema sobre Garantías y Protección Integral de la Niñez y la Adolescencia en Chile.,2025,S4210174102,https://doi.org/10.5354/0718-2236.2025.78771,Isaac Ruiz Muñoz,2026-10-05 22:25
W4410068918,Aquafaba and Cinnamon Essential Oil for the Production of Biodegradable and Compostable Wine Vineyard Waste-Based Material,2025,S4210208384,https://doi.org/10.3390/resources14050076,Ricardo Villalobos‐Carvajal,2026-10-05 22:25
W4410125719,Contrapuntos y aspiraciones en la formación del arte en Chile: Instituto y Museo de Arte Moderno (1959-1965),2025,S956840341,https://doi.org/10.5209/aris.100305,Bárbara Viney Sáez Orrego,2026-10-05 22:25
W4410128310,"Velocidad de golpes según indicadores antropométricos, tejido graso y fuerza muscular en mujeres jóvenes tenistas",2025,S2738013834,https://doi.org/10.47197/retos.v67.112984,Claudio Hernández-Mosqueira,2026-10-05 22:25
W4410158004,Cosmology with explicit and spontaneous background fields,2025,S120662888,https://doi.org/10.1088/1475-7516/2025/05/014,Carlos M. Reyes; César Riquelme,2026-10-05 22:25
W4410192523,MÉTODOS DE ENSEÑANZA DE LA LENGUA INGLESA EN EDUCACIÓN SUPERIOR. UNA REVISIÓN SISTEMÁTICA (2021-2024),2025,S4390297081,https://doi.org/10.22320/reined.v7i1.7155,Florencia Benavente Rubio,2026-10-05 22:25
W4410200655,Bioactive component behavior of cryoconcentrated beet juice after enrichment of osmodehydrated apple slices assisted with ohmic heating,2025,S4210169910,https://doi.org/10.1007/s13197-025-06309-9,Jorge J. Moreno; Guido Sáez‐Trautmann; Guillermo Petzold; Constanza Pavez-Guajardo; Siluana Katia Tischer Seraglio,2026-10-05 22:25
W4410219491,Formación práctica del profesorado de Lengua y Literatura: hacia un modelo didáctico y colaborativo para la enseñanza de la literacidad,2025,S4210196781,https://doi.org/10.21142/des-1702-2025-0021,Mauricio Alejandro Castro-Cifuentes,2026-10-05 22:25
W4410242569,A Heuristic Approach for Last-Mile Delivery with Consistent Considerations and Minimum Service for a Supply Chain,2025,S4210192031,https://doi.org/10.3390/math13101553,Esteban Santana Contreras; Rodrigo Linfati,2026-10-05 22:25
W4410256534,"Comparative cytotaxonomic studies in the Alstroemeria werdermannii Bayer complex (Alstroemeriaceae), endemic to northern Chile.",2025,S2737511393,https://doi.org/10.1590/2447-536x.v31.e312825,Nicolás Villalobos,2026-10-05 22:25
W4410260115,Balancing Friendship and Exploration: Grouping Strategies and Their Impact on Classroom Dynamics,2025,S143721676,https://doi.org/10.1080/00220973.2025.2495244,Javier Pulgar; Morín Órdenes-Escobar; Diego Ramírez,2026-10-05 22:25
W4410287948,Invariant-region-preserving WENO schemes for one-dimensional multispecies kinematic flow models,2025,S148709879,https://doi.org/10.1016/j.jcp.2025.114081,Juan Barajas-Calonge; Luis Miguel Villada,2026-10-05 22:25
W4410320175,Assessing the Alignment of Chilean Food-Based Dietary Guidelines on Cancer Prevention: A Content Analysis,2025,S4210214101,https://doi.org/10.3390/healthcare13101133,Solange Liliana Parra-Soto,2026-10-05 22:25
W4410364165,¿Cómo rendimos en pandemia?: la influencia de la naturaleza del contenido y los pactos de colaboración en la evaluación en línea en una universidad chilena,2025,S2737829505,https://doi.org/10.18046/recs.i45.08,Carlos Rodríguez Garcés; Denisse Espinosa-Valenzuela; David Romero Garrido,2026-10-05 22:25
W4410397236,Enhancing Office Comfort with Personal Comfort Systems: A Data-Driven Machine Learning Approach,2025,S4210191137,https://doi.org/10.3390/buildings15101676,Paulina Wegertseder; Roberto Aedo-García,2026-10-05 22:25
W4410444082,Statistical Literacy and Thinking in Future Mathematics Teachers,2025,S2739092582,https://doi.org/10.1590/2175-6236131123vs02,Francisco Rodríguez-Alveal,2026-10-05 22:25
W4410444656,Alfabetización y Pensamiento Estadístico en Futuros Docentes de Matemática,2025,S2739092582,https://doi.org/10.1590/2175-6236131123vs01,Francisco Rodríguez-Alveal,2026-10-05 22:25
W4410506156,Preliminary Investigation of the Properties of Oriented Strand Boards Produced Using Green Adhesives,2025,S4210191137,https://doi.org/10.3390/buildings15101702,Mario Núñez‐Decap; Felipe Díaz-Stuardo; Marcela Vidal-Vega; Camila Opazo-Carlsson; Boris Moya-Rojas,2026-10-05 22:25
W4410561751,Relación entre estrategias metacognitivas y motivación al pensamiento crítico en estudiantes de pedagogía de tres universidades chilenas,2025,S4210203867,https://doi.org/10.54104/papeles.v17n33.2091,Carlos Ossa Cornejo,2026-10-05 22:25
W4410598866,A Simplified Model Validation for the Energy Assessment of Opaque Adaptive Façades with Variable Thermal Resistance,2025,S198098182,https://doi.org/10.3390/en18112682,Ismael Palacios Mackay; Laura Marín-Restrepo,2026-10-05 22:25
W4410608606,Unveiling economic barriers to cultural consumption in Chile: insights from SHAP analysis and predictive modeling,2025,S4210179427,https://doi.org/10.1108/arla-07-2024-0147,Sixto Valdés-Elizalde; Rodolfo Mendoza-Llanos; Pedro G. Campos,2026-10-05 22:25
W4410747107,Characterization and Evaluation of Interferential Current Stimulation for Functional Electrical Stimulation,2025,S40391745,https://doi.org/10.1111/aor.15027,Francisco Saavedra,2026-10-05 22:25
W4410757356,Regularity and Stabilization of Magneto-Elastic Systems,2025,S104354797,https://doi.org/10.1007/s00245-025-10271-5,Jaime E. Muñoz Rivera,2026-10-05 22:25
W4410783070,International mobility in the context of student experiences: contributions for policy development at regional state universities in Chile,2025,S187925018,https://doi.org/10.1080/14767724.2025.2509868,Jaime Soto Muñoz; Estephanie Abarca-Nuñez; Ignacio Bisbal Grandal,2026-10-05 22:25
W4410816531,"Multi-proxy analysis of El Olivar camelids (1,090-1,440 cal AD): Evaluating the presence of llamas (Lama glama, Linnaeus 1758) in the Semiarid North of Chile before the arrival of the Inca",2025,S202381698,https://doi.org/10.1371/journal.pone.0323497,Juan Camilo Marín,2026-10-05 22:25
W4410820701,Self-healing asphalt with optimised tyre-based pyro-rejuvenator,2025,S164770093,https://doi.org/10.1016/j.fuel.2025.135747,Manuel Chávez-Delgado; José L. Concha,2026-10-05 22:25
W4410827186,"A Make-to-Order Capacitated Lot-Sizing Model with Parallel Machines, Eligibility Constraints, Extra Shifts, and Backorders",2025,S4210192031,https://doi.org/10.3390/math13111798,Felipe T. Muñoz,2026-10-05 22:25
W4410841646,A shared frailty regression model for clustered survival data,2025,S150263959,https://doi.org/10.1177/09622802251338984,Diego Ignacio Gallardo,2026-10-05 22:25
W4410847320,The barriers perceived by Chilean athletes with disability at different social ecological levels,2025,S196734849,https://doi.org/10.1038/s41598-025-04211-0,Luiz Gustavo Teixeira Fabrício dos Santos,2026-10-05 22:25
W4410877387,Clean-Label Starch Extraction from Agri-Food by-Products by Nonthermal Technologies,2025,S4210228085,https://doi.org/10.1007/s43555-025-00061-z,Danela Silva-Ferrer; Gipsy Tabilo‐Munizaga; Dominique Larrea-Wachtendorff,2026-10-05 22:25
W4410883407,"Convergencias y divergencias en la percepción de actores clave frente a los impactos de la industria acuícola. Caso de la mitilicultura en la Región de los Lagos, Chile",2025,S32100302,https://doi.org/10.4067/s0718-34022025000200107,Manuel Villalba; Cristián Oliva,2026-10-05 22:25
W4410883626,Doping Effect of Zirconia with Lanthanum for the Selective Oxidation Reaction of Thioanisole,2025,S4210221416,https://doi.org/10.1002/slct.202500903,Daniela A. Salinas,2026-10-05 22:25
W4410925136,Assessing the pressure of agriculture and forestry over carbon flows in South-Central Chile applying the Human Appropriation of Net Primary Production framework,2025,S44455300,https://doi.org/10.1016/j.jenvman.2025.125994,Steven Hidalgo; Patricio Neumann,2026-10-05 22:25
W4410957689,Minimum optical depth multiport interferometers for approximating arbitrary unitary operations and pure states,2025,S164566984,https://doi.org/10.1103/physreva.111.062603,Gustavo Cañas,2026-10-05 22:25
W4410975491,Solid Lubrication Performance of Multilayer Ti 3 CNT x Carbonitrides,2025,S4210191493,https://doi.org/10.1021/acsanm.5c01993,Paulina Valenzuela; William Gacitúa,2026-10-05 22:25
W4410976885,"Chitosan-coated Liposomes Loaded with Green Tea Polyphenols Incorporated into Apple Juice: Characterization, Stability, In Vitro Digestion, and Sensory Analysis",2025,S181365921,https://doi.org/10.1007/s11947-025-03918-2,Mario Pérez‐Won,2026-10-05 22:25
W4411017856,On the unique continuation property for the two-dimensional sloshing problem,2025,S34928686,https://doi.org/10.1007/s00033-025-02496-9,Ariel Pérez,2026-10-05 22:25
W4411028130,"Desastre posdesastre. Políticas unidimensionales sin evaluación posterior y recurrencia de desastres: El caso de Nonguén, Chile, como caso característico de políticas inexactas",2025,S4210172960,https://doi.org/10.22320/07183607.2025.28.51.03,Denisse Schmidt-Gómez; Ignacio Bisbal Grandal; Javiera Pavez-Estrada,2026-10-05 22:25
W4411037304,Adapting the Bogenhausen Dysarthria Scales (BoDyS) to Chilean Spanish Speakers: Face and Content Validation,2025,S122317144,https://doi.org/10.3390/brainsci15060604,Marcela Sanhueza-Garrido; Virginia García-Flores; Sebastián Contreras-Cubillos; Jaime Crisosto-Alarcón,2026-10-05 22:25
W4411040584,Promoting reflection through an engaged action research practicum,2025,S128384658,https://doi.org/10.1080/09650792.2025.2514448,Corinne Barger; S. Lara,2026-10-05 22:25
W4411051589,Dynamics Around Elongated Bodies: The Role of Asymmetric Mass Distribution and Rotation Rate,2025,S207254130,https://doi.org/10.1007/s40295-025-00503-9,E. Martínez,2026-10-05 22:25
W4411070412,"Consumer Habits, Food Purchase Prioritization, and Body Weight During Confinement of Mexican Population in the COVID-19 Pandemic",2025,S33754043,https://doi.org/10.2174/0115734013342401250530064150,Solange Liliana Parra-Soto,2026-10-05 22:25
W4411092002,Diagnostic research for older persons in resource-limited settings,2025,S108953488,https://doi.org/10.20960/nh.05865,Orietta Segura-Badilla,2026-10-05 22:25
W4411145285,Self-select groups increase stability but reduce collaboration in high school physics,2025,S4210190682,https://doi.org/10.1103/physrevphyseducres.21.010157,Diego Ramírez; Javier Pulgar,2026-10-05 22:25
W4411150458,Reduced geometry and its role in explicit spacetime symmetry violation,2025,S4210238307,https://doi.org/10.1103/physrevd.111.124011,Carlos M. Reyes,2026-10-05 22:25
W4411152308,"Presencia de síntomas de ansiedad y depresión en estudiantes de una universidad privada de Chillán, Chile.",2025,S4306527691,https://doi.org/10.22517/25395203.25656,Pamela Montoya-Cáceres,2026-10-05 22:25
W4411153769,"Nanoemulsion of Gomortega keule Essential Oil: Characterization, Chemical Composition, and Anti-Yeast Activity Against Candida spp.",2025,S30283931,https://doi.org/10.3390/pharmaceutics17060755,Enrique Werner,2026-10-05 22:25
W4411158178,Functional Adaptation and Emergent User Solutions in Domestic Tasks: Supporting Aging in Place Through a Field Study on Design Challenges Among Older Adults in Chile,2025,S4210214101,https://doi.org/10.3390/healthcare13121369,Karina Neira-Zambrano,2026-10-05 22:25
W4411165216,La lectura en la formación inicial docente en universidades del centro-sur de Chile,2025,S4210211945,https://doi.org/10.4067/s0718-50062025000300025,Nelly M. San Martín,2026-10-05 22:25
W4411176623,Surface Nitriding and Solid Lubricant Impregnation of Sintered Steels: A Positive Synergic Effect,2025,S4210169712,https://doi.org/10.1115/1.4068902,Guilherme Oliveira Neves,2026-10-05 22:25
W4411192441,Assessing the contribution of torrefaction during Chilean Oak pyrolysis: A kinetic/thermodynamic study and evolved gases compositional analysis,2025,S178362034,https://doi.org/10.1016/j.indcrop.2025.121296,Kevin Jhon Fernández-Andrade; Javiera Valentina Ocampo-Bustamante; María Graciela Aguayo; Serguei Alejandro-Martín,2026-10-05 22:25
W4411196355,Optimizing multi-vehicle inventory routing problem for waste collection with overflow-level-dependent service times in bins,2025,S196821226,https://doi.org/10.1016/j.cie.2025.111323,Isaías Sepúlveda-Campos; Carlos Obreque,2026-10-05 22:25
W4411210492,"Modelo probabilístico para explicar distribución espacial en Echinolittorina peruviana (Lamarck, 1822) en costa rocosa (23°S, Antofagasta, Chile)",2025,S4210171840,https://doi.org/10.30550/j.azl/2099,Diego Ignacio Gallardo,2026-10-05 22:25
W4411211950,Dietary Patterns and Sustainable Lifestyles: A Multicenter Study from Latin America and Spain,2025,S2737939966,https://doi.org/10.3390/foods14122065,Solange Liliana Parra-Soto; Jacqueline Alejandra Araneda-Flores,2026-10-05 22:25
W4411234278,Modified Bimodal Exponential Distribution with Applications,2025,S4210173132,https://doi.org/10.3390/axioms14060461,Yolanda M. Gómez,2026-10-05 22:25
W4411263124,Incidencia de la ansiedad ante la evaluación en la comprensión lectora de estudiantes de educación secundaria,2025,S4210211982,https://doi.org/10.46954/revistages.v8i1.157,Rosa Yanett Anabalón Villa,2026-10-05 22:25
W4411267601,"Profesores en formación: Percepciones y actitudes hacia educación STEAM, Revisión sistemática de literatura",2025,S2738618503,https://doi.org/10.15359/ree.29-2.18627,María del Rosario Heredia-Sacio; Edith Herrera San Martín,2026-10-05 22:25
W4411273390,Evaluation of clinical activities of dietitians-nutritionists in 13 countries using the Professional weighted Activities Score (PwAS): A proposed tool for assessing performance in hospital settings based on activity prioritization,2025,S59739785,https://doi.org/10.1016/j.nut.2025.112877,Solange Liliana Parra-Soto; Diego Pavez,2026-10-05 22:25
W4411275200,Profiles of Aggressiveness and Stress in Spanish Adolescents,2025,S2739472552,https://doi.org/10.3390/ejihpe15060112,Nelly Lagos San Martín,2026-10-05 22:25
W4411332995,Unlocking the potential of sugarcane bagasse: a comprehensive analysis for advanced energy conversion,2025,S2736711265,https://doi.org/10.1186/s40643-025-00878-5,Daniel Travieso Pedroso,2026-10-05 22:25
W4411377192,EFECTO DE LA MÚSICA SOBRE LAS HABILIDADES COGNITIVAS EN EL ENVEJECIMIENTO SALUDABLE: UNA REVISIÓN NARRATIVA,2025,S4404663351,https://doi.org/10.70198/iep.v1i26.286,Marilyn San Martín Cofré; Barbara Farías Fritz; Paloma Ramírez Paredes; C. Mardones,2026-10-05 22:25
W4411407850,"Características físicas de jugadores de fútbol americano, según su posición de juego, pertenecientes a un club de la región del Biobío",2025,S2736737268,https://doi.org/10.15359/mhs.22-1.18344,Luis Felipe Castelli Correia de Campos; Luiz Gustavo Teixeira Fabrício dos Santos,2026-10-05 22:25
W4411410086,The Chilean burden of disability-adjusted life years due to cardiovascular diseases: Results from the Global Burden of Disease Study 2021,2025,S202381698,https://doi.org/10.1371/journal.pone.0325519,Jacqueline Alejandra Araneda-Flores,2026-10-05 22:25
W4411451631,A Changepoint Detection-Based General Methodology for Robust Signal Processing: An Application to Understand Preeclampsia’s Mechanisms,2025,S4210179121,https://doi.org/10.3390/bioengineering12060675,Patricio Cumsille; Felipe Troncoso; Hermes Sandoval; Jesenia Acurio; Carlos Escudero,2026-10-05 22:25
W4411451885,Los discursos procedimentales y géneros de incitación a la acción según Jean-Michel Adam,2025,S4387284219,https://doi.org/10.56487/enfoques.v37i1.1216,Federico Carlos Pastene Labrí­n,2026-10-05 22:25
W4411453414,Implementation of a Non-Intrusive Primal–Dual Method with 2D-3D-Coupled Models for the Analysis of a DCB Test with Cohesive Zones,2025,S4210205812,https://doi.org/10.3390/app15126924,Ignacio Fuenzalida-Henríquez,2026-10-05 22:25
W4411453673,Adherence to the EAT-Lancet Diet Among Urban and Rural Latin American Adolescents: Associations with Micronutrient Intake and Ultra-Processed Food Consumption,2025,S110785341,https://doi.org/10.3390/nu17122048,Jacqueline Alejandra Araneda-Flores,2026-10-05 22:25
W4411471995,Series Compensated Low Frequency Transformers Emulating Multipulse Rectifiers for Harmonic Current Content Minimization in Electrical Grids,2025,S2485537415,https://doi.org/10.1109/access.2025.3581891,Pedro Melín,2026-10-05 22:25
W4411500589,"The Rise of Mussel Aquaculture in Chile: Causes, Effects, and Challenges",2025,S60775588,https://doi.org/10.1111/raq.70045,Marjorie Baquedano-Rodríguez,2026-10-05 22:25
W4411576367,Future engineering competencies for a sustainable world: an integral framework for engineering education in the Industry 4.0 era,2025,S129922104,https://doi.org/10.1108/ijshe-08-2024-0531,Gonzalo Garcés,2026-10-05 22:25
W4411636059,VEM approximation for the Stokes eigenvalue problem: A priori and a posteriori error analysis,2025,S40006715,https://doi.org/10.1016/j.cma.2025.118156,Dibyendu Adak; Felipe Lepe,2026-10-05 22:25
W4411679992,"Análisis de la carga externa de un equipo profesional de fútbol chileno considerando la posición de juego, la calidad del equipo oponente y la localía de juego",2025,S2738013834,https://doi.org/10.47197/retos.v70.111926,Claudio Hernández-Mosqueira,2026-10-05 22:25
W4411680965,EL LIBRO DE LA EDUCACIÓN EMOCIONAL EN LA ESCUELA,2025,S4390297081,https://doi.org/10.22320/reined.v7i1.7239,Nelly Lagos San Martín,2026-10-05 22:25
W4411681060,FpN UNA PRÁCTICA EDUCATIVA PARA FILOSOFAR EN EL AULA,2025,S4390297081,https://doi.org/10.22320/reined.v7i1.7240,Paula Cardona Ruiz,2026-10-05 22:25
W4411681061,CAJAS DE LA CALMA: UNA EXPERIENCIA DE TRANSFERENCIA INTERSECTORIAL CON APRENDIZAJE Y SERVICIO,2025,S4390297081,https://doi.org/10.22320/reined.v7i1.7246,María Elena Lucares Salas,2026-10-05 22:25
W4411687588,Unlocking Agricultural Productivity: The Role of Land Rental Markets in Reducing Resource Misallocation,2025,S154775064,https://doi.org/10.1111/agec.70049,Ricardo Sepúlveda,2026-10-05 22:25
W4411690699,Quantum harmonic oscillator with complex frequency and thermal wave propagation in materials,2025,S104875562,https://doi.org/10.1016/j.physleta.2025.130771,Alfredo Raya; Alfredo Raya,2026-10-05 22:25
W4411724319,Inactividad física y riesgo de mortalidad por todas las causas en Chile: Resultados de la Encuesta Nacional de Salud 2009-2010,2025,S155962516,https://doi.org/10.4067/s0034-98872025000600401,Solange Liliana Parra-Soto,2026-10-05 22:25
W4411735584,Conservation status assessment of Scolopendromorpha (Chilopoda) species in Chile,2025,S98049309,https://doi.org/10.1590/s1984-4689.v42.e24055,Emmanuel Vega-Román; Gonzalo A. Collado,2026-10-05 22:25
W4411754829,Financial risk-adjusted returns: an empirical study of Chilean mutual funds,2025,S4210187844,https://doi.org/10.47460/uct.v29i127.968,Andrea King-Domínguez; Luis Rodolfo Améstica-Rivas,2026-10-05 22:25
W4411755406,Finite-energy sum rules at finite chemical potential and zero temperature,2025,S94052278,https://doi.org/10.1140/epjc/s10052-025-14421-5,Alfredo Raya; Cristian Villavicencio,2026-10-05 22:25
W4411789716,Well-being criteria in office buildings from the occupants’ perspective: an exploratory mixed method approach,2025,S140500131,https://doi.org/10.1080/00038628.2025.2523263,Maureen Trebilcock; Jaime Soto Muñoz; Paulina Wegertseder,2026-10-05 22:25
W4411791656,Concepciones sobre la evaluación del aprendizaje en educación física escolar: tensiones entre el currículum esperado y el aplicado,2025,S4210200448,https://doi.org/10.22347/2175-2753v17i55.5030,Ana Carolina Maldonado Fuentes; Pedro Sandoval Rubilar,2026-10-05 22:25
W4411847990,A new proportional hazard model with applications to breastfeeding data,2025,S196734849,https://doi.org/10.1038/s41598-025-08219-4,Yolanda M. Gómez; Diego Ignacio Gallardo,2026-10-05 22:25
W4411853185,Perspectiva emancipadora en las orientaciones evaluativas en el currículum de Educación Física en Chile,2025,S2738533341,https://doi.org/10.17163/alt.v20n2.2025.09,Samuel Pérez Norambuena; Marcela Mora Donoso,2026-10-05 22:25
W4411911122,Frustración verde: las tensiones emocionales del marketing sostenible en seguidores de greenfluencers,2025,S4210216302,https://doi.org/10.17979/redma.2025.29.1.11962,Tomás Zapata-Soto; Nataly Andrea Guiñez-Cabrera; Catalina Leal-Leal,2026-10-05 22:25
W4411920100,Del feed a la pantalla: Influencers y narrativas transmedia en la serie Pombo,2025,S4210228620,https://doi.org/10.1387/zer.27392,Catalina Leal-Leal; Tomás Zapata,2026-10-05 22:25
W4411975591,"Homonymy and triple homonymy among species names of fossil Flabellum corals (Scleractinia: Flabellidae), with proposals for their replacement names",2025,S143791635,https://doi.org/10.1017/jpa.2025.10107,Gonzalo A. Collado; Fernando F. Galleguillos,2026-10-05 22:25
W4411983259,profesor como sujeto emocional: confrontación de visiones epistemológicas,2025,S4210238748,https://doi.org/10.38123/rre.v5i2.464,Juan Pablo Hidalgo-Ortiz,2026-10-05 22:25
W4411991538,"Growth rates and response to nutrient variability in the green tide forming alga Ulva stenophylloides from Algarrobo Bay, Chile",2025,S205788060,https://doi.org/10.1016/j.marenvres.2025.107338,Gonzalo S. Saldías,2026-10-05 22:25
W4412005390,Validación a Nivel Local de Herramientas Psicométricas Para Medir Afrontamiento y Consumo de Sustancias: un Estudio Correlacional en Chile,2025,S4306527053,https://doi.org/10.70478/rpye.2025.20.14,Antonia Nazar-Mena; Francisca Gonzales-Romero; Mónica Pino Muñoz,2026-10-05 22:25
W4412009836,Circadian gene polymorphisms and cancer: Insights into development and risk,2025,S75142505,https://doi.org/10.1080/07420528.2025.2522816,Danixa Llanos; Kevins Jara-Medina; Luis Lillo; G. Cabello; Constanza Lagunas; Francisco J. Valenzuela-Melgarejo,2026-10-05 22:25
W4412059452,Model for the assessment of rectangular reinforced concrete columns with limited confinement details,2025,S4210226253,https://doi.org/10.1016/j.rineng.2025.105985,Franco Benedetti,2026-10-05 22:25
W4412076378,Boceto inmersivo: Impacto en la formación en diseño de estudiantes nativo-digitales,2025,S4210228583,https://doi.org/10.5354/0719-837x.2025.78845,Fernando Palma Fanjul; Gabriel Cereceda Bálic,2026-10-05 22:25
W4412076422,Factores relacionados con la satisfacción en viviendas sociales en Colombia y Chile: análisis con modelos de ecuaciones estructurales,2025,S2739459161,https://doi.org/10.5354/0717-5051.2025.76912,Francisco Gatica Neira,2026-10-05 22:25
W4412076430,"Vivienda de mineros fuera del company town en Lota, Chile: ¿un tipo de paternalismo industrial estatal?",2025,S2739459161,https://doi.org/10.5354/0717-5051.2025.74710,María Isabel López Meza; Pablo Fuentes Hernández; P. van de Heyden,2026-10-05 22:25
W4412084866,Unveiling the prevalence and antimicrobial resistance landscape of Pantoea genus in veterinary clinical strains: Insights from a cohort study,2025,S2898245483,https://doi.org/10.1016/j.onehlt.2025.101130,Julio Parra‐Flores,2026-10-05 22:25
W4412103088,Impact of distributed generation on the stability and operation of electric power systems: Analysis of scenarios including energy storage systems,2025,S4389158105,https://doi.org/10.1177/27533735251353062,Lesyani Teresa León Viltre,2026-10-05 22:25
W4412108045,Automatic clustering by automatically generated algorithms,2025,S900972176,https://doi.org/10.1016/j.engappai.2025.111596,Carlos Rey,2026-10-05 22:25
W4412147491,Compressibility and Rheology of Clay Tailings: Effects of Sodium Polyacrylate in Presence of Divalent Cations,2025,S123288148,https://doi.org/10.3390/polym17141903,Gonzalo R. Quezada,2026-10-05 22:25
W4412373489,"Tribological Performance of High-Chromium Cast Irons: Effect of Chromium Content, Amount of Chromium Carbides (M₇C₃) and Loading Conditions on Wear Resistance",2025,S116094739,https://doi.org/10.1007/s11249-025-02040-w,Paulina Valenzuela; William Gacitúa,2026-10-05 22:25
W4412389968,Multilayer Double Emulsion Encapsulation of Limosilactobacillus reuteri Using Pectin-Protein Systems,2025,S2737939966,https://doi.org/10.3390/foods14142455,Kattya Rodríguez; Diego Catalán; Juan Esteban Reyes-Parra; Keyla Tortoló-Cabañas; Marbelis Valdés Veliz; Ricardo Villalobos‐Carvajal,2026-10-05 22:25
W4412393589,"Biomimetic Lattice Structures Design and Manufacturing for High Stress, Deformation, and Energy Absorption Performance",2025,S4210206423,https://doi.org/10.3390/biomimetics10070458,César Garrido,2026-10-05 22:25
W4412396987,Racismo hacia pueblos originarios en Latinoamérica: metasíntesis,2025,S4387283688,https://doi.org/10.51247/pdlc.v6i3.629,Pablo Alcota,2026-10-05 22:25
W4412422293,Adapted DFTB3 Repulsive Potentials Reach DFT Accuracy for Hydride Transfer Reactions in Enzymes,2025,S21117631,https://doi.org/10.1002/jcc.70174,David Adrian Saez,2026-10-05 22:25
W4412427254,Assessing the functional response Holling type IV for the diatoms–zooplankton interaction,2025,S88315673,https://doi.org/10.1016/j.ecolmodel.2025.111249,Y. Paulina Martínez; Claudio Manríquez,2026-10-05 22:25
W4412435165,Modifying the surface roughness of solar glass: A passive mitigation method of soiling,2025,S2764877105,https://doi.org/10.1016/j.seta.2025.104447,Pablo Tobosque,2026-10-05 22:25
W4412458247,Positive periodic solutions for systems of linear functional differential inequalities,2025,S151579836,https://doi.org/10.1016/j.jmaa.2025.129882,José Oyarce,2026-10-05 22:25
W4412463892,Ejection–Collision Orbits in the Parabolic Restricted Three-Body Problem,2025,S131276044,https://doi.org/10.1007/s00332-025-10189-w,Jaime Andrade; J. V. Guzmán,2026-10-05 22:25
W4412477412,Experimental assessment of the energy potential of pellets produced from beekeeping wastes by updraft gasification,2025,S105637730,https://doi.org/10.1016/j.enconman.2025.120206,Daniel Travieso Pedroso,2026-10-05 22:25
W4412487381,Adherence to four dietary indices and the risk of all‐cause and cause‐specific dementia: Findings from the UK Biobank study,2025,S148394532,https://doi.org/10.1111/dom.16609,Solange Liliana Parra-Soto,2026-10-05 22:25
W4412490443,Childhood OSAS and Obesity: Prospective Associations of Anthropometric Markers With Objective Sleep Outcomes in the CHAT Trial,2025,S123151105,https://doi.org/10.1111/jsr.70156,Catalina Ramírez‐Contreras; Verónica Palma Elgueta; Lautaro Briones,2026-10-05 22:25
W4412507473,"Enhanced Monoaromatic Formation via Hydropyrolysis of Torrefied Chilean Oak over Metal (Ga, Zn) Supported on Modified Natural Zeolite",2025,S186935893,https://doi.org/10.1021/acs.energyfuels.5c02905,Kevin Jhon Fernández-Andrade; Serguei Alejandro-Martín,2026-10-05 22:25
W4412561796,Propiedades psicométricas de la Escala de Satisfacción en la Relación (SCR) de adultos emergentes,2025,S4210173226,https://doi.org/10.24265/liberabit.2025.v31n1.1058,Iván Iturra Hernández; Consuelo Castellón Avilés; Nelson Zicavo Martínez; Mauricio Mercado-Aravena,2026-10-05 22:25
W4412587166,Comparative analysis of quantity take-off in reinforcing steel bars in apartment buildings based on CAD and BIM method: a case study,2025,S2764799587,https://doi.org/10.1080/15623599.2025.2535746,Gonzalo Garcés,2026-10-05 22:25
W4412603309,An Image-Based Water Turbidity Classification Scheme Using a Convolutional Neural Network,2025,S2738402919,https://doi.org/10.3390/computation13080178,Alfredo Raya,2026-10-05 22:25
W4412613672,Leveraging business intelligence for strategie growth: a case study of small and medium-sized enterprises (SMEs) in the construction industry,2025,S4210222220,https://doi.org/10.4067/s0718-33052024000100240,Gonzalo Garcés; Cristian Cea,2026-10-05 22:25
W4412629783,"Under threat: Land use change, distribution and conservation of poorly-known endemic microsnails from the coast of Chile",2025,S2898452301,https://doi.org/10.1016/j.ancene.2025.100486,Gonzalo A. Collado; Nicolás Villalobos,2026-10-05 22:25
W4412648567,A Stokes-Brinkman-Type Formulation for The Eigenvalue Problem in Porous Media,2025,S151550017,https://doi.org/10.1007/s10915-025-02993-z,Felipe Lepe; Jesus Vellojin,2026-10-05 22:25
W4412656446,A Partially Varying‐Coefficient Model With Skew‐T Random Errors for Environmental Data Modeling,2025,S17114410,https://doi.org/10.1002/env.70029,Christian Caamaño‐Carrillo,2026-10-05 22:25
W4412684216,Community Resilience to Disaster Risk in Older Adults: Socio‑Community Attributes and Resilient Dimensions Produced via Participatory Strategies,2025,S72553257,https://doi.org/10.1002/jcop.70030,José Sandoval‐Díaz; Consuelo Suazo‐Muñoz,2026-10-05 22:25
W4412696141,A vorticity wavepacket breaking within a rapidly rotating vortex through an off-axis critical layer,2025,S97772544,https://doi.org/10.1080/03091929.2025.2502906,P. Caillol,2026-10-05 22:25
W4412711242,"Escuelas para hacer ciudad. Origen y reiteración en la arquitectura escolar en La Araucanía, Chile",2025,S2739090129,https://doi.org/10.18537/est.v014.n028.a20,Pablo Fuentes Hernández; Bárbara Viney Sáez Orrego,2026-10-05 22:25
W4412711532,Identification of Novel Bioactive Molecules in Black Chiloe’s Giant Garlic (Allium ampeloprasum L.) by Green Microwave-Assisted Extraction and Effect-Directed Analysis Using High-Performance Thin Layer Chromatography-Bioassay and Mass Spectrometry,2025,S2737566431,https://doi.org/10.3390/antiox14080913,Karem Henríquez‐Aedo,2026-10-05 22:25
W4412718057,Edge state robustness in the SSH model with impurities: Topoelectric circuit simulations toward topological heterostructures,2025,S34296711,https://doi.org/10.1016/j.physb.2025.417609,Alfredo Raya,2026-10-05 22:25
W4412718368,"Diseño de estudio comparativo entre Colombia, Brasil, Chile y México a partir del estado actual y tendencias de la evaluación y su relación con la formación del profesorado universitario",2025,S4210230295,https://doi.org/10.4067/s0718-07052025000100235,Mónica Cardona Valencia,2026-10-05 22:25
W4412724325,Del closet al algoritmo,2025,S5407033805,https://doi.org/10.33264/prpa.2025.01.15,Juan Urzúa-Pineda,2026-10-05 22:25
W4412733535,"Human-robot synergy in building construction: advances, challenges, and future horizons for construction 5.0",2025,S5407036627,https://doi.org/10.1007/s44290-025-00297-7,Gonzalo Garcés,2026-10-05 22:25
W4412743882,El estado como determinante en el desarrollo y sostenibilidad de las MYPES: un análisis comparativo entre Trujillo-Perú y Concepción-Chile,2025,S4387288708,https://doi.org/10.22320/hem.v24i1.7166,Danilo Bernabé Sepúlveda Mellado,2026-10-05 22:25
W4412773395,Transverse moisture diffusion in Eucalyptus nitens wood,2025,S37840076,https://doi.org/10.1080/17480272.2025.2535511,Rubén A. Ananías; Natalia Pérez-Peña; L. Salvo,2026-10-05 22:25
W4412785776,"Impact of Temperature, pH, Electrolytes, Approach Speed, and Contact Area on the Coalescence Time of Bubbles in Aqueous Solutions with Methyl Isobutyl Carbinol",2025,S123288148,https://doi.org/10.3390/polym17141974,Jorge H. Saavedra; Gonzalo R. Quezada; Paola D. Bustos; Joaquim Contreras; Ignacio Salazar,2026-10-05 22:25
W4412816506,Circularidad como alternativa sostenible en la autoconstrucción de viviendas en zonas vulnerables de Latinoamérica,2025,S4210188977,https://doi.org/10.14718/revarq.2025.27.5704,Claudia Muñoz-Sanguinetti,2026-10-05 22:25
W4412834067,¿Filosofía para Niños coloniza o descoloniza al sujeto? Reflexiones en torno a los fundamentos y la práctica del programa de Filosofía para Niños,2025,S4220651285,https://doi.org/10.21703/2735-6353.2025.1.24.2913,Paula Cardona Ruiz,2026-10-05 22:25
W4412847069,Cámaras oscuras habitables. Análisis comparativo de los determinantes espaciales que inciden en la experiencia contemplativa,2025,S1028766512,https://doi.org/10.32995/rev180.num-55.(2025).art-1370,Nicolás Antonio Sáez Gutiérrez; Ignacio Bisbal Grandal,2026-10-05 22:25
W4412892784,Workpiece Coordinate System Measurement for a Robotic Timber Joinery Workflow,2025,S4210191137,https://doi.org/10.3390/buildings15152712,Francisco Javier Quitral-Zapata; Rodrigo García Álvarado,2026-10-05 22:25
W4412894074,Efficient Detection and Classification of Suspended Solids in Water Using MobileNetV2 under Different Lighting Conditions,2025,S156179317,https://doi.org/10.1061/joeedu.eeeng-8164,Alfredo Raya,2026-10-05 22:25
W4412895974,Lots of Digital Files? How Digital Hoarding Is Related to the Academic Performance of University Students,2025,S15239247,https://doi.org/10.3390/ijerph22081186,Natalia Bravo-Adasme; Elizabeth E. Grandón; Nicolás Bravo; Margarita Valdés,2026-10-05 22:25
W4412897542,A conforming and mass conservative pseudostress-based mixed finite element method for the stationary Stokes problem,2025,S21314667,https://doi.org/10.1007/s10092-025-00655-y,Ricardo Oyarzúa,2026-10-05 22:25
W4412925068,Genetic variants and clinical determinants affecting the response to 5-Fluorouracil-based treatment in Chilean patients with advanced colorectal cancer,2025,S2596394214,https://doi.org/10.3389/fonc.2025.1589724,María A. Lavanderos,2026-10-05 22:25
W4412933188,Organizational Ethics and Middle Management: A Case Study in the Retail Industry,2025,S4210179423,https://doi.org/10.29393/ran11-11omvf40011,Verónica Peña-Acuña; Valentina Chávez-Venegas; Ignacio Quintana-Figueroa,2026-10-05 22:25
W4412954581,Green/Blue Initiatives as a Proposed Intermediate Step to Achieve Nature-Based Solutions for Wildfire Risk Management,2025,S4210172554,https://doi.org/10.3390/fire8080307,Stella Schroeder,2026-10-05 22:25
W4412979874,Well-posedness and numerical analysis of an elapsed time model with strongly coupled neural networks,2025,S39612629,https://doi.org/10.1016/j.cnsns.2025.109144,Luis Miguel Villada,2026-10-05 22:25
W4412994661,Valorizing Biomass Waste: Hydrothermal Carbonization and Chemical Activation for Activated Carbon Production,2025,S4210202005,https://doi.org/10.3390/biomass5030045,Serguei Alejandro-Martín,2026-10-05 22:25
W4413026642,Investigation of flash sintering effects on the NiO-GDC nanocomposites synthesized by one-step method,2025,S38732884,https://doi.org/10.1007/s43207-025-00534-w,Christopher Salvo,2026-10-05 22:25
W4413027261,Optimal control problem and reaction identification term for carrier-borne epidemic spread with a general infection force and diffusion,2025,S4210240239,https://doi.org/10.3934/era.2025202,Aníbal Coronel; Alex Tello,2026-10-05 22:25
W4413033091,"""La rápida confianza en los escombros”: memorias y perspectivas en narrativas chilenas, argentinas y españolas recientes",2025,S4210215706,https://doi.org/10.29344/0717621x.51.3709,Juan Pablo Amaya González,2026-10-05 22:25
W4413034489,A fast and selective method to determine biogenic amines in beers using high-performance thin-layer chromatography,2025,S4210230864,https://doi.org/10.1007/s00764-025-00373-9,Karem Henríquez‐Aedo,2026-10-05 22:25
W4413049188,Security discussions in quantum software projects on GitHub,2025,S37879656,https://doi.org/10.1016/j.jss.2025.112585,Gastón Márquez,2026-10-05 22:25
W4413058153,"Validation of a typology for informally produced places: the study case of Piura, Peru",2025,S59829311,https://doi.org/10.1080/17549175.2025.2529181,Stella Schroeder,2026-10-05 22:25
W4413062458,Resolución de problemas y conocimientos culturales: desafíos y oportunidades presentes en la formación continua de profesores de matemáticas,2025,S4210168080,https://doi.org/10.37618/paradigma.1011-2251.2025.e2025033.id1660,Miguel Claudio Friz Carrillo,2026-10-05 22:25
W4413098208,Rol parental educativo: Representaciones de Profesores de Enseñanza Media,2025,S4210237493,https://doi.org/10.30545/academo.2025.n3.1213,Karina Gajardo Jara; Héctor Cárcamo Vásquez,2026-10-05 22:25
W4413110883,Healthy eating score and all-cause mortality: prospective findings from the Chilean National Health Survey,2025,S4218381,https://doi.org/10.1017/s0007114525104212,Solange Liliana Parra-Soto,2026-10-05 22:25
W4413113069,Bioprospecting of Chilean Labyrinthulomycetes: Laboratory Evaluation of PUFA and Carotenoid Production in Isolates From Diverse Natural Environments,2025,S73111969,https://doi.org/10.1111/jeu.70035,Pamela Jara‐Zapata; Patricia Arancibia‐Ávila; Cristian Torres‐Díaz; Edgar Pastene; Nicolás Reyes‐Quinteros,2026-10-05 22:25
W4413123338,Financiamiento en la Educación Superior: Un estudio bibliométrico de los costos de titulación,2025,S4210208179,https://doi.org/10.18004/ucsa/2409-8752/2025.012.02.122,Valeria Venegas-Campos; Luis Rodolfo Améstica-Rivas; Andrea King-Domínguez,2026-10-05 22:25
W4413124795,Territorios y tipos ideales: la incidencia del centralismo eurocéntrico en la narración de tipos humanos y territorios en Joaquín Díaz Garcés.,2025,S4210192412,https://doi.org/10.29393/rtr8-6timc20006,Miguel Alvarado Borgoño; Cecilia Carolina Suazo,2026-10-05 22:25
W4413129403,An Efficient Workload-balancing Algorithm for a Parallel Environment Using Hybrid Spatio-temporal Indexes,2025,S58563349,https://doi.org/10.3897/jucs.164671,Claudio Gutiérrez-Soto,2026-10-05 22:25
W4413136316,Interplay between mechanical properties and tribological performance for multilayer Ti3C2T coatings,2025,S2764987357,https://doi.org/10.1016/j.surfin.2025.107375,Paulina Valenzuela; William Gacitúa,2026-10-05 22:25
W4413162807,La atención visual a través de imágenes políticas en Instagram: un estudio con seguimiento ocular,2025,S2736652932,https://doi.org/10.56754/0718-4867.2025.3747,Alejandro Arros-Aravena; Angela Ferrada Sepúlveda; Jaime Castro Leyton,2026-10-05 22:25
W4413164272,Palladium on Zirconia-Titania Catalyst for Reductive Amination of Furfural,2025,S2736604622,https://doi.org/10.1595/205651326x17550851489133,Alex A. Fernández-Andrade; Konstanza Ortiz-Araya,2026-10-05 22:25
W4413195548,Assessing the viability of energetic valorization of textile waste through fluidized bed catalytic combustion with carbon capture,2025,S2764466794,https://doi.org/10.1039/d5re00234f,Walter Fernández Benítez; Daniel Travieso Pedroso,2026-10-05 22:25
W4413198747,Chemically Modified Alginate-Based Hydrogel-Matrices in Drug Delivery,2025,S4210218005,https://doi.org/10.3390/macromol5030036,Erik Alpizar-Reyes,2026-10-05 22:25
W4413211397,Survival of first line biological and targeted synthetic disease-modifying anti-rheumatic drugs in patients with rheumatoid arthritis in Chile,2025,S2756385725,https://doi.org/10.1016/j.reuma.2025.501946,Allan D. Burboa; Yolanda M. Gómez,2026-10-05 22:25
W4413232741,How feasible is climate-resilient building design within the Global South context? Insights from Latin American residential sector,2025,S6846437,https://doi.org/10.1016/j.enbuild.2025.116277,Rafael E. López-Guerrero,2026-10-05 22:25
W4413273594,Periodic Solutions and KAM Tori for the Planar Non-Homogeneous Straight Segment,2025,S47823441,https://doi.org/10.1007/s12346-025-01356-1,Cláudio Vidal,2026-10-05 22:25
W4413295144,ChatGPT-generated versus human direct corrective feedback on L2 writing,2025,S130873806,https://doi.org/10.1016/j.system.2025.103805,Belén Muñoz Muñoz,2026-10-05 22:25
W4413309570,The multivariate shared truncated normal frailty model with application to medical data,2025,S196734849,https://doi.org/10.1038/s41598-025-15903-y,Diego Ignacio Gallardo; Yolanda M. Gómez,2026-10-05 22:25
W4413323789,Educación emocional aplicada: Fortaleciendo habilidades socioemocionales en contextos educativos y sanitarios,2025,S4390297081,https://doi.org/10.22320/reined.v7i2.7366,Mónica Cardona Valencia,2026-10-05 22:25
W4413350514,Percepción de docentes feministas sobre su práctica educativa: facilitadores y barreras para implementar una educación feminista en el contexto educativo chileno,2025,S4210213034,https://doi.org/10.5354/2452-5014.2025.79857,Soledad Martínez Labrín,2026-10-05 22:25
W4413353013,"A Dempster–Shafer, Fusion-Based Approach for Malware Detection",2025,S4210192031,https://doi.org/10.3390/math13162677,Claudio Gutiérrez-Soto,2026-10-05 22:25
W4413353435,Self‑sustained Fenton depolymerization of Kraft lignin under ambient conditions,2025,S2764859491,https://doi.org/10.1016/j.jece.2025.118812,Serguei Alejandro-Martín,2026-10-05 22:25
W4413420143,"La Carpintería de Ribera como Patrimonio en Resistencia: Dimensión Arquitectónica y Urbana en Caracolitos, Calbuco",2025,S4210212710,https://doi.org/10.29393/ur20-2rilm20002,Luisa Ríos Hernández; María Isabel López Meza,2026-10-05 22:25
W4413424962,"Reconciliar la Memoria: Estudio de Interpretación Patrimonial en Sitios de Memoria de Concepción, Chile",2025,S4210212710,https://doi.org/10.29393/ur20-1pmde30001,Daniela Matus Cuevas; María Isabel López Meza; Eduardo Solís Álvarez,2026-10-05 22:25
W4413430758,Rethinking the hidden energy poverty indicator: Using electricity consumption quartiles to identify vulnerable households in South-Central Chile,2025,S135262353,https://doi.org/10.1016/j.tej.2025.107499,Sergio Contreras-Espinoza,2026-10-05 22:25
W4413436147,The role of government credit in enhancing agricultural productivity: Evidence from Chile,2025,S141184754,https://doi.org/10.1016/j.econmod.2025.107267,Ricardo Sepúlveda,2026-10-05 22:25
W4413445452,"La Carpintería de Ribera como Patrimonio en Resistencia: Dimensión Arquitectónica y Urbana en Caracolitos, Calbuco",2025,S4210212710,https://doi.org/10.29393/ur20-6mmec20006,José Antonio Rodríguez Miranda; Gonzalo Cerda Brintrup,2026-10-05 22:25
W4413500181,EXPLORACIÓN CUALITATIVA DE LA FORMACIÓN TRANSVERSAL EN SALUD: PERSPECTIVAS SOBRE INTELIGENCIA Y COMPETENCIAS EMOCIONALES,2025,S4210179916,https://doi.org/10.36367/ntqr.21.3.2025.e1247,Nelly Lagos San Martín; Marcela del Carmen Concha Toro,2026-10-05 22:25
W4413547659,Tracking microplastics and the associated ecological risk in the southwestern Pacific Ocean,2025,S101229256,https://doi.org/10.1016/j.marpolbul.2025.118613,Ramón Ahumada-Rudolph; Manuel Nova,2026-10-05 22:25
W4413562794,Alfabetización estadística en la formación universitaria de futuros profesores de matemática de educación secundaria chilena,2025,S4210211945,https://doi.org/10.4067/s0718-50062025000400013,Francisco Rodríguez-Alveal,2026-10-05 22:25
W4413741290,On the regularity for thermoelastic systems of phase-lag parabolic type,2025,S54937123,https://doi.org/10.1080/01495739.2025.2514482,Jaime E. Muñoz Rivera,2026-10-05 22:25
W4413756583,"Transformaciones territoriales derivadas de la actividad turística, comuna de Quillón, región de Ñuble, Chile.",2025,S4394708470,https://doi.org/10.58210/nhyg682,Jaime Rebolledo Villagra; Christian Loyola Gómez; Juan Rivas Maldonado,2026-10-05 22:25
W4413761170,Near-elliptical symmetric periodic orbits in the Hamiltonian galactic-tidal model,2025,S138062970,https://doi.org/10.1140/epjs/s11734-025-01864-w,Cláudio Vidal,2026-10-05 22:25
W4413777563,Extracellular Vesicles Derived From Endometrial Stem Cells Preconditioned With PGE2‐Reverse Myofibroblast Phenotype in Mare Endometrial Cells: A Novel Anti‐Fibrotic Approach,2025,S125242520,https://doi.org/10.1002/mrd.70053,Belén Ibáñez; Carlos Escudero,2026-10-05 22:25
W4413779607,Recent Advances in the Analysis of Functional and Structural Polymer Composites for Wind Turbines,2025,S123288148,https://doi.org/10.3390/polym17172339,César Garrido,2026-10-05 22:25
W4413802788,Efficient algorithms to calculate the Hausdorff distance on point sets represented by a $$k^2\text {-tree}$$,2025,S4210168194,https://doi.org/10.1007/s10707-025-00557-9,Fernando Domínguez; Gilberto Gutiérrez; Miguel Romero; Fernando Santolaya,2026-10-05 22:25
W4413807579,Cross-canyon variability in zooplankton backscattering strength in a river-influenced upwelling area,2025,S152701455,https://doi.org/10.5194/os-21-1833-2025,Macarena Díaz-Astudillo; Gonzalo S. Saldías,2026-10-05 22:25
W4413818342,Boosting electrochemical capacitor performance by nitrogen and boron doping of nanoporous tannin-derived carbon electrodes,2025,S2764865925,https://doi.org/10.1016/j.est.2025.118280,Oscar Pinto,2026-10-05 22:25
W4413818677,Percepción del estudiantado beneficiario de la Política de Gratuidad: su vínculo con el ingreso y permanencia en la Universidad del Bío-Bío,2025,S4210229326,https://doi.org/10.15517/revedu.v49i2.61312,Margarita Aguayo Vergara; Gonzalo Pérez García; Francisca Torres Aguayo,2026-10-05 22:25
W4413866217,"Agua, metabolismos y acumulación desigual de tiempos: fracturas y resistencias territoriales en el Valle Central de Chile",2025,S4210170482,https://doi.org/10.5418/ra2024.v20i43.19414,Alexander Panez Pinto,2026-10-05 22:25
W4413878840,Abelian integrals for polynomials with trivial global monodromy on C 2,2025,S200871675,https://doi.org/10.1016/j.jde.2025.113726,Salomón Rebollo-Perdomo,2026-10-05 22:25
W4413921583,Identificación y valoración de Sitios Patrimoniales Geomorfológicos (SPG) de la Región de Ñuble- Chile,2025,S4210224591,https://doi.org/10.35424/regeo.167.2023.3553,Claudia Paola Espinoza Lizama,2026-10-05 22:25
W4413948013,How to Assess Urban Food Resilience? Moving Towards Food Security in Chilean Cities,2025,S10134376,https://doi.org/10.3390/su17177924,Ana Zazo Moratalla,2026-10-05 22:25
W4413958876,Pesticide Pollution of Surface Waters: Investigating Agricultural Transformations and Community Exposure in Chile’s Central Valley,2025,S10134376,https://doi.org/10.3390/su17177911,Alexander Panez Pinto,2026-10-05 22:25
W4413963184,Criterios de Intervención en el Patrimonio moderno del Campus de la Universidad de Concepción,2025,S4210212710,https://doi.org/10.29393/ur20-5indg20005,Daniel Maceiras Bravo; Gonzalo Cerda Brintrup,2026-10-05 22:25
W4413973604,Equitable subsidy amounts for upfront energy costs in developing countries,2025,S94499970,https://doi.org/10.1016/j.eneco.2025.108890,Daniel Mahn,2026-10-05 22:25
W4413979650,Diagnóstico e intervención no-quirúrgica de sulcus vocal concomitante con disfonía psicógena: un estudio de caso,2025,S4210201465,https://doi.org/10.1590/1982-0216/202527510324s,Jaime Crisosto-Alarcón; Alejandra Jara-Beltrán; Antonia Higuera-Umanzor; Francisca San Martín-Briones; Geraldine Irribarra-Gutiérrez,2026-10-05 22:25
W4414000408,Impact of bio-based phase change materials on the thermal inertia of panels made from medium-density fiberboard (MDF) residues,2025,S29980478,https://doi.org/10.1016/j.conbuildmat.2025.143434,Gustavo E. Rodríguez,2026-10-05 22:25
W4414010877,Formación por competencias. Modelo de Desempeño de Aprendizaje aplicado a una carrera Universitaria,2025,S4390297081,https://doi.org/10.22320/reined.v7i2.7399,Jacqueline Santos Luarte; Marcela Mora Donoso; Juan Alejandro Saldías Mardones; Ricardo Uribe Manríquez,2026-10-05 22:25
W4414010956,Representaciones del rol que los profesores en formación asignan a las familias en materia educativa,2025,S4210237493,https://doi.org/10.30545/academo.2025.n3.1263,Héctor Cárcamo Vásquez,2026-10-05 22:25
W4414040473,Chemical Composition and Lipids from “Tofu” of Chilean Phaseolus vulgaris,2025,S54368951,https://doi.org/10.1007/s11130-025-01391-y,Katherine Márquez,2026-10-05 22:25
W4414048622,feria fluvial de Valdivia: arquitectura efímera y color,2025,S4210209653,https://doi.org/10.4206/aus.2025.n37-09,Gonzalo Cerda Brintrup,2026-10-05 22:25
W4414048741,El mujereo como dispositivo identitario-comunicativo en la comunidad LGBTIQA+ en Chile: una mirada sociopragmática desde la perspectiva de sus hablantes,2025,S4210169275,https://doi.org/10.5354/0719-4692.2025.80050,Jaime Crisosto-Alarcón,2026-10-05 22:25
W4414056092,Evaluating the impact of thermal bridges on the thermal performance of concrete and mass timber buildings: Case study in Chile,2025,S2764363796,https://doi.org/10.1016/j.csite.2025.107014,Rafael E. López-Guerrero,2026-10-05 22:25
W4414066473,Rheology Modifying Reagents for Clay-Rich Mineral Suspensions: A Review,2025,S123288148,https://doi.org/10.3390/polym17172427,Gonzalo R. Quezada,2026-10-05 22:25
W4414095443,Rheological and Chemical Effects of Waste Tire Pyrolytic Oil and Its Encapsulation as Rejuvenators on Asphalt Binders,2025,S123288148,https://doi.org/10.3390/polym17182449,José L. Concha,2026-10-05 22:25
W4414103716,Arnold diffusion in the elliptic Hill four-body problem: geometric method and numerical verification*,2025,S158842918,https://doi.org/10.1088/1361-6544/adfff8,Claudio Sierpe,2026-10-05 22:25
W4414112052,Global existence results for coupled parabolic systems with general sources and some extensions involving degenerate coefficients,2025,S200871675,https://doi.org/10.1016/j.jde.2025.113765,Ricardo Castillo; Kerven Cea; Alex Lira,2026-10-05 22:25
W4414112223,Efectos del aprendizaje servicio en el profesorado universitario: impacto social y bienestar emocional de su práctica educativa a partir de incidentes críticos,2025,S2738013834,https://doi.org/10.47197/retos.v71.116340,Samuel Pérez Norambuena,2026-10-05 22:25
W4414112814,Novel tool for assessing food safety and environmental health applying effective atomic number (Zeff),2025,S2764726840,https://doi.org/10.1016/j.fbio.2025.107569,Carlos L. Céspedes,2026-10-05 22:25
W4414136021,Reparameterized slashed lognormal regression model: Diagnostics and application to mineral data,2025,S69755223,https://doi.org/10.1016/j.chemolab.2025.105523,Diego Ignacio Gallardo,2026-10-05 22:25
W4414148458,The two-Higgs doublet model beyond tree-level: a gauge-invariant formalism,2025,S187585107,https://doi.org/10.1007/jhep09(2025)065,M. Maniatis,2026-10-05 22:25
W4414156990,A Global Review of Vegetation’s Interaction Effect on Urban Heat Mitigation Across Different Climates,2025,S4210174142,https://doi.org/10.3390/urbansci9090361,Rafael E. López-Guerrero,2026-10-05 22:25
W4414160251,"On the diurnal-semidiurnal cycles of physical and biological inter-processes in the upper water column of Reloncaví Sound, northern Patagonia",2025,S205788060,https://doi.org/10.1016/j.marenvres.2025.107482,Macarena Díaz-Astudillo; Gonzalo S. Saldías,2026-10-05 22:25
W4414209948,Heritage Governance and Adaptive Reuse in Southern Chile: Case Studies from Lota and Punta Arenas,2025,S4210234514,https://doi.org/10.3390/heritage8090370,María Isabel López Meza,2026-10-05 22:25
W4414249493,Review of Enargite Flotation—Part I: Surface Characterization and Advances in Selective Flotation,2025,S2737336974,https://doi.org/10.3390/min15090971,Jorge H. Saavedra,2026-10-05 22:25
W4414252397,Better bone health in children and adolescents represents better performance in physical fitness,2025,S108953488,https://doi.org/10.20960/nh.05860,Rossana Gómez‐Campos; Camilo Urra-Albornoz,2026-10-05 22:25
W4414291544,Cognición Social de los Cuidadores y Control Inhibitorio en Niños Escolarizados: Una Revisión Sistemática,2025,S4404669843,https://doi.org/10.5093/apea2025a1,Sol Lagos-Carrasco; Amanda Flores-López; Catalina Rodríguez-Fuenzalida,2026-10-05 22:25
W4414334649,A Virtual Reality-Based Exploration of Chilean Apartment Models with Features from the Surrealist Illustrations of Roberto Matta,2025,S4210191137,https://doi.org/10.3390/buildings15183380,Rodrigo García Álvarado; Barría-Chateau Hernán,2026-10-05 22:25
W4414383758,Dynamical Mass Generation in QED: Miransky scaling and Schrödinger-like infinite well and barrier potentials supporting a bound state,2025,S190936833,https://doi.org/10.1007/s00601-025-02010-x,Alfredo Raya,2026-10-05 22:25
W4414386461,Percepción y reacción de estudiantes universitarios hacia distintos tipos de feedback correctivo escrito,2025,S1029440727,https://doi.org/10.5209/clac.83277,Fabiola Bocaz,2026-10-05 22:25
W4414390781,Mathematical Modeling of Population Dynamics of Pollinators: A Survey,2025,S153489431,https://doi.org/10.3390/biology14091308,Aníbal Coronel; Esperanza Lozada; Jorge Torres,2026-10-05 22:25
W4414446445,Exploring centrifugal-percolation as an innovative external force in block freeze concentration technology applied to peppermint infusion,2025,S38919146,https://doi.org/10.1016/j.foodres.2025.117550,Indira Pérez; Nandis Fiallos-Maravilla; Guillermo Petzold,2026-10-05 22:25
W4414473710,Synthesis and Characterization of Phosphorylated Cellulose Nanocrystals: Exploring Factors for Enhanced Thermal and Colloidal Stability,2025,S123288148,https://doi.org/10.3390/polym17192581,Diego López; María Graciela Aguayo; Mario Núñez‐Decap; Benjamín Opazo,2026-10-05 22:25
W4414497304,Relación entre el índice de masa corporal y el índicetri-ponderal con la prueba de caminata de seis minutos en adultos mayores,2025,S4306521251,https://doi.org/10.12873/453cossio,Camilo Urra-Albornoz,2026-10-05 22:25
W4414531696,Reparameterized flexible cure models with direct interpretation via the lambert W function,2025,S4210179087,https://doi.org/10.3934/math.2025991,Diego Ignacio Gallardo; Yolanda M. Gómez; Héctor J. Gómez,2026-10-05 22:25
W4414540700,Classroom network analysis as pedagogical compass: unveiling educators’ network-informed teaching decisions,2025,S53559421,https://doi.org/10.1080/13540602.2025.2565798,Javier Pulgar; Pablo De Ruyt; Francisco José Martínez-Salinas; Carmen Cecilia Espinoza Melo; Iván Sánchez,2026-10-05 22:25
W4414560055,Experimental investigation of twist conservation in nonlinear optical three-wave mixing,2025,S2764453006,https://doi.org/10.1103/63bq-lq1l,Gustavo Cañas,2026-10-05 22:25
W4414590100,Sustainable food production,2025,S4210217573,https://doi.org/10.31285/agro.29.1598,Gladys Quezada-Figueroa; Orietta Segura-Badilla,2026-10-05 22:25
W4414612088,On Doubly-Generalized-Transmuted Distributions,2025,S190787756,https://doi.org/10.3390/sym17101606,Yolanda M. Gómez; Diego Ignacio Gallardo,2026-10-05 22:25
W4414623399,A Java Library to Perform S-Expansions of Lie Algebras,2025,S4210173132,https://doi.org/10.3390/axioms14100735,Igor Kondrashuk,2026-10-05 22:25
W4414653293,Evaluation of the Concentration of Ethanol as a Vehicle for the Administration of Resveratrol Measured Through Its Antioxidant Effect in the Hippocampus of Wistar Rats,2025,S73438289,https://doi.org/10.1155/jnme/6614635,Gladys Quezada-Figueroa; Orietta Segura-Badilla,2026-10-05 22:25
W4414699444,"Tipologías diferentes, satisfacción similar: relocalización en viviendas sociales unifamiliares y multifamiliares en Colombia y Chile",2025,S74930560,https://doi.org/10.5354/0718-8358.2025.76172,Francisco Gatica Neira,2026-10-05 22:25
W4414779596,Impact of atmospheric rivers on coastal oceanographic conditions off central-southern Chile,2025,S196734849,https://doi.org/10.1038/s41598-025-17997-w,Gonzalo S. Saldías,2026-10-05 22:25
W4414790295,Telepráctica en Atención Temprana: Reflexión Fonoaudiológica con un enfoque en la educación parental y el vínculo afectivo,2025,S4390297081,https://doi.org/10.22320/reined.v7i2.7440,Mónica Cardona Valencia,2026-10-05 22:25
W4414804843,Survival of first line biological and targeted synthetic disease-modifying anti-rheumatic drugs in patients with rheumatoid arthritis in Chile,2025,S4210171731,https://doi.org/10.1016/j.reumae.2025.501946,Allan D. Burboa; Yolanda M. Gómez,2026-10-05 22:25
W4414821110,Knowledge management and organizational performance,2025,S4210199945,https://doi.org/10.34024/prometeica.2025.32.19799,Yarisel Bueno-Broterson; Sergio Araya,2026-10-05 22:25
W4414847793,Geometric Numerical Test via Collective Integrators: A Tool for Orbital and Attitude Propagation,2025,S190787756,https://doi.org/10.3390/sym17101652,Jersson Villafañe,2026-10-05 22:25
W4414848370,Study of the Deformation by Compression of a Premolar with and Without Ceramic Restoration Using Speckle Optical Interferometry,2025,S4210205812,https://doi.org/10.3390/app151910708,Erik Baradit; Miguel Yáñez; Cristhian Aguilera,2026-10-05 22:25
W4414883050,Municipal multidimensional poverty increases the risk of acute myocardial infarction: a retrospective cohort study with sex-stratified analyses in Chile’s public health system,2025,S79054089,https://doi.org/10.1136/bmjopen-2025-102239,Natalia Bello-Escamilla,2026-10-05 22:25
W4414896620,Early Oral Cancer Detection with AI: Design and Implementation of a Deep Learning Image-Based Chatbot,2025,S4210205812,https://doi.org/10.3390/app151910792,Gastón Márquez,2026-10-05 22:25
W4414909486,Diseño y validación de un cuestionario para evaluar la comprensión gráfica de estudiantes rurales,2025,S4210235661,https://doi.org/10.33996/revistahorizontes.v9i40.1140,Francisco Rodríguez-Alveal,2026-10-05 22:25
W4414976918,Bridging code and timely feedback: integrating generative AI into a programming platform,2025,S4210178049,https://doi.org/10.7717/peerj-cs.3070,Alejandra Segura-Navarrete,2026-10-05 22:25
W4414993806,Waste Tire Pyrolysis and Distillation for Designing Effective Asphalt Rejuvenators,2025,S186935893,https://doi.org/10.1021/acs.energyfuels.5c03533,Manuel Chávez-Delgado; Claudio Álvarez; José L. Concha,2026-10-05 22:25
W4415002329,"Ultrasonic agglomeration applied to Durvillea Antarctica and Arthrospira platensis flours: Effects on thermophysical properties, protein conformational changes and microstructure",2025,S98026630,https://doi.org/10.1016/j.foodchem.2025.146687,Mario Pérez‐Won; Gipsy Tabilo‐Munizaga,2026-10-05 22:25
W4415046474,Compressive Behavior of 316L Stainless Steel Lattice Structures for Additive Manufacturing: Experimental Characterization and Numerical Modeling,2025,S4210206423,https://doi.org/10.3390/biomimetics10100680,César Garrido,2026-10-05 22:25
W4415163899,Blow-up and global mild solutions for a Hardy-Hénon parabolic equation on the Heisenberg group,2025,S4210187339,https://doi.org/10.1007/s00030-025-01135-6,Ricardo Castillo,2026-10-05 22:25
W4415188437,Effects of Long-Term Institutionalization on the Linguistic-Communicative Performance of Patients with Schizophrenia,2025,S4210214101,https://doi.org/10.3390/healthcare13202592,Yasna Sandoval; Carlos Rojas; Jaime Crisosto-Alarcón; Solange Liliana Parra-Soto; Gabriel Lagos Riveros,2026-10-05 22:25
W4415213805,Forest dynamics in environmental protection and fire spread: a mathematical model,2025,S4210195884,https://doi.org/10.1007/s40314-025-03435-0,Diego Espejo,2026-10-05 22:25
W4415216945,Mathematical analysis of an inverse problem for a reaction-diffusion system originated in epidemiology,2025,S4210169615,https://doi.org/10.56754/0719-0646.2702.363,Aníbal Coronel; Esperanza Lozada; Jorge Torres,2026-10-05 22:25
W4415229979,Periodic solutions of symmetric bi-Kepler perturbations and applications,2025,S200871675,https://doi.org/10.1016/j.jde.2025.113848,D. E. Espejo; Cláudio Vidal,2026-10-05 22:25
W4415247219,Limit cycles in the plane: Contributions from Chile,2025,S4210169615,https://doi.org/10.56754/0719-0646.2702.391,Salomón Rebollo-Perdomo,2026-10-05 22:25
W4415283312,A Multi-Objective Simulation–Optimization Framework for Emergency Department Efficiency Using RSM and Goal Programming,2025,S4210219410,https://doi.org/10.3390/systems13100912,Carlos Obreque,2026-10-05 22:25
W4415312543,A new methodology for generating personalised routes for logistics in music festivals by considering time windows,2025,S52125040,https://doi.org/10.1504/ijlsm.2025.149187,Rodrigo Linfati,2026-10-05 22:25
W4415321496,"Assessment of the Psychometric Validity of the OIT-WHO Work Stress Scale in Teachers in the Ñuble Region, Chile",2025,S5407043527,https://doi.org/10.56294/hl2025755,Gabriel Lagos Riveros; Yasna Sandoval; Bárbara Farías-Fritz; Carolina Luengo Martínez; Carlos Rojas,2026-10-05 22:25
W4415322221,A virtual element method for the Biot-Brinkman equations using Nitsche’s technique,2025,S40006715,https://doi.org/10.1016/j.cma.2025.118447,David Mora; Nitesh Verma,2026-10-05 22:25
W4415350689,Effect of COVID-19 Infection on the Immune Response to the SARS-CoV-2 Vaccine in Rheumatoid Patients,2025,S4210226090,https://doi.org/10.3390/covid5100179,Yolanda M. Gómez,2026-10-05 22:25
W4415376313,Agricultural R&D impact evaluation: Insights from three decades of research impact assessment in agriculture,2025,S32361082,https://doi.org/10.1093/erae/jbaf037,José María Gil Roig,2026-10-05 22:25
W4415382361,The Goldilocks phenomenon: an autobiographical inquiry into becoming EFL teacher educators,2025,S25881491,https://doi.org/10.1080/13664530.2025.2569722,Corinne Barger,2026-10-05 22:25
W4415384256,"The heavy-tailed chi-square model: properties, estimation and application to wind speed data",2025,S4210179087,https://doi.org/10.3934/math.20251060,Diego Ignacio Gallardo; Héctor W. Gómez,2026-10-05 22:25
W4415395121,Argumentos filosóficos para la defensa o rechazo de la vacunación obligatoria contra el COVID-19,2025,S4210203842,https://doi.org/10.18359/rlbi.7631,Paula Cardona Ruiz,2026-10-05 22:25
W4415436110,Las experiencias escolares y el pensamiento docente sobre la asignatura de Educación Física y Salud,2025,S4210205299,https://doi.org/10.29035/rcaf.26.2.9,Solange Liliana Parra-Soto,2026-10-05 22:25
W4415441105,Enseñanza de mejores prácticas para la evaluación del pliegue tricipital en estudiantes de Educación física,2025,S4306521251,https://doi.org/10.12873/453urra,Camilo Urra-Albornoz,2026-10-05 22:25
W4415443459,Revisiting wormhole solutions in Unimodular Gravity: energy conditions and exotic matter requirements,2025,S2500088085,https://doi.org/10.1140/epjp/s13360-025-06960-3,Mauricio Cataldo,2026-10-05 22:25
W4415497423,An Experimental Evaluation of k 2 ‐Tree on External Memory,2025,S122199241,https://doi.org/10.1002/spe.70028,Gilberto Gutiérrez; Miguel Romero; Fernando Santolaya; Mónica Caniupán; Rodrigo Torres,2026-10-05 22:25
W4415527081,Clima Sexista y Vulneración de Derechos Laborales en Académicos: Un Estudio Mixto en dos Regiones de Chile,2025,S4210208152,https://doi.org/10.17583/generos.17659,Bárbara Farías-Fritz; Andrea María Palma Contreras; Marilyn San Martín-Cofré,2026-10-05 22:25
W4415530638,Thermoelastic beam of type I with second gradient,2025,S165473669,https://doi.org/10.1016/j.cam.2025.117180,Jaime E. Muñoz Rivera,2026-10-05 22:25
W4415531511,Divulgación sobre temas sustentables en el sector de empresas de retail en el mercado de capitales chileno,2025,S4210237701,https://doi.org/10.31637/epsir-2026-2089,Fernando Andrés Morales Parada,2026-10-05 22:25
W4415555828,Maternal high-fat diet induces sex-dependent alterations in progenitor cell dynamics and impairs neurogenesis in the embryonic mouse cerebral cortex,2025,S175775512,https://doi.org/10.1016/j.lfs.2025.124049,Carlos Escudero,2026-10-05 22:25
W4415564694,Unveiling the 2017 Karenia Bloom in NW Chilean Patagonia by Integrating Remote Sensing and Field Data,2025,S4210222090,https://doi.org/10.3390/microorganisms13112440,Gonzalo S. Saldías,2026-10-05 22:25
W4415611537,Combining a ‘multi-bioassay screening’ approach with metabolomics for in depth exploration of four Andean-Patagonian fungi,2025,S127984601,https://doi.org/10.1016/j.phytol.2025.103349,Jonhatan Gómez Espinoza; Jaime R. Cabrera‐Pardo,2026-10-05 22:25
W4415622137,Divalent cation effects on magnetite-montmorillonite-polyacrylamide systems: From colloidal behavior to molecular interactions,2025,S2764592206,https://doi.org/10.1557/s43580-025-01422-5,Gonzalo R. Quezada,2026-10-05 22:25
W4415623483,Effect of pulsed electric fields (PEF) and ultrasound (US) assisted-extraction technologies on the recovery of functional clean-label starches from banana peels,2025,S26760650,https://doi.org/10.1016/j.lwt.2025.118669,Danela Silva-Ferrer; Dominique Larrea-Wachtendorff; Gipsy Tabilo‐Munizaga; Mario Pérez‐Won,2026-10-05 22:25
W4415625720,Integrating Social Conflicts into Sustainable Decision-Making of the Forest-to-Lumber Supply Chain,2025,S71324801,https://doi.org/10.3390/f16111644,Jorge Félix Mena-Reyes; Francisco Vergara-Streinesberger; Virna Ortíz-Araya; Rodrigo Linfati,2026-10-05 22:25
W4415646926,Melatonin modulates the gene expression of WEE1 kinase and clock genes: a crosstalk between the molecular clocks of the placenta?,2025,S2597401208,https://doi.org/10.3389/fendo.2025.1640635,Carlos Venegas; Kevins Jara-Medina; Nicole Cueto; G. Cabello; Constanza Lagunas; Luis Lillo; Francisco J. Valenzuela-Melgarejo,2026-10-05 22:25
W4415647920,Optimal Location of Charging Stations for Electric Vehicles in Distribution Networks: A Literature Review,2025,S198098182,https://doi.org/10.3390/en18215616,Yandi A. Gallego Landera; Lesyani Teresa León Viltre; Fredy Antonio Muñoz Jarpa,2026-10-05 22:25
W4415659690,Entrenamiento con balón medicinal para mejorar la fuerza muscular de las extremidades superiores en adolescentes de 15 a 17 años,2025,S2738994920,https://doi.org/10.17979/sportis.2025.11.4.11915,Camilo Urra-Albornoz,2026-10-05 22:25
W4415659698,Impacto de una pretemporada de siete semanas en el rendimiento físico y composición corporal de jóvenes futbolistas chilenos,2025,S2738994920,https://doi.org/10.17979/sportis.2025.11.4.12179,Claudio Hernández-Mosqueira,2026-10-05 22:25
W4415679815,"Study Protocol and Baseline Cardiometabolic Characterization of the RIO-Study (Response to an Intervention with Omega-3): A Randomized, Double-Blind, Placebo-Controlled Crossover Trial on Lipid and Inflammatory Profiles in Overweight and Obese Adults with Hypertriglyceridemia in Valdivia, Chile",2025,S110785341,https://doi.org/10.3390/nu17213397,Catalina Ramírez‐Contreras,2026-10-05 22:25
W4415680462,Experimental and Molecular Dynamics Study of Pyrite Effects on the Flocculation of Clayey Tailings in Seawater,2025,S123288148,https://doi.org/10.3390/polym17212895,Gonzalo R. Quezada,2026-10-05 22:25
W4415700433,"Assessing the sentinel capacity of mollusks, seawater and sediments for monitoring antimicrobial resistance in the marine environment",2025,S2594976040,https://doi.org/10.3389/fvets.2025.1625423,Nicolás Reyes‐Quinteros; Nicolás Galarce,2026-10-05 22:25
W4415719820,Anomalous dimensions and critical exponents for the Gross-Neveu-Yukawa model at five loops,2025,S4210238307,https://doi.org/10.1103/lmpx-n3mj,York Schröder,2026-10-05 22:25
W4415724633,Hybrid Origin of Alpaca ( Vicugna pacos ) During Domestication of Camelids in the Mid‐Holocene,2025,S22454499,https://doi.org/10.1111/mec.70167,Juan Carlos Valdez Marín,2026-10-05 22:25
W4415726658,On the Gaussian assumption in the estimation of parameters for dark energy models,2025,S2898356015,https://doi.org/10.1016/j.dark.2025.102155,Luis Firinguetti; Marcos Peña,2026-10-05 22:25
W4415761476,Performance comparison of public–private partnerships and traditionally procured hospitals,2025,S128059648,https://doi.org/10.1080/01446193.2025.2576548,Daniel Mahn,2026-10-05 22:25
W4415811813,Influence of Marital and Parental Status on Public Reactions to Stuttering in Chile: A Socio-Demographic Study,2025,S15239247,https://doi.org/10.3390/ijerph22111662,Yasna Sandoval; Carlos Rojas; Bárbara Farías-Fritz; Gabriel Lagos,2026-10-05 22:25
W4415814653,Molluscs from South America to the World: Who and Where Are They?,2025,S153489431,https://doi.org/10.3390/biology14111538,Gonzalo A. Collado,2026-10-05 22:25
W4415815493,"Isolation and Characterization of a Novel Bacteriophage KpCCP1, Targeting Multidrug-Resistant (MDR) Klebsiella Strains",2025,S4210202795,https://doi.org/10.3390/sci7040157,Fabiola Cerda-Leal,2026-10-05 22:25
W4415841473,Surgery scheduling problem considering the affinity and preferences in the surgical team,2025,S59475652,https://doi.org/10.1007/s10729-025-09737-3,Guillermo Latorre-Núñez,2026-10-05 22:25
W4415881085,Plataforma Integral para la Acreditación de Carreras de Pedagogía: Marco Conceptual y Validación en TRL 2,2025,S4390297081,https://doi.org/10.22320/reined.v7i2.7482,Francisco Fernando Novoa; Marcela Mora Donoso,2026-10-05 22:25
W4415935611,"Barrio, bienestar mental, percepciones estéticas e integración urbana. Caso población Crav-Penco, Chile",2025,S4210175025,https://doi.org/10.15446/bitacora.v35n2.120083,Aarón Tolindor Napadensky Pastene; Martin Soto-Carcamo,2026-10-05 22:25
W4415938313,Lipschitz stability and reconstruction in inverse problems for semi-discrete parabolic operators,2025,S1393328,https://doi.org/10.1088/1361-6420/ae1bcb,J. López‐Ríos,2026-10-05 22:25
W4415943252,Paradigmas y metodologías de investigación en el campo de la Etnomatemática,2025,S4386621998,https://doi.org/10.54541/reviem.v5i1.147,Miguel Claudio Friz Carrillo,2026-10-05 22:25
W4415953951,"Invisible tenants: a case of parasitism in Akymnopellis chilensis (Gervais, 1847) (Chilopoda: Scolopendromorpha: Scolopendridae)",2025,S194835164,https://doi.org/10.1080/00222933.2025.2577097,Emmanuel Vega-Román,2026-10-05 22:25
W4415977212,Tableros a base de chapas de madera de Pino radiata reforzados con fibras de ingeniería y adhesivos,2025,S967659979,https://doi.org/10.22320/s0718221x/2025.38,Mario Núñez‐Decap; Marcela Vidal Vega; Boris Moya Rojas; Camila Opazo Carlsson; Gerson Rojas,2026-10-05 22:25
W4415985405,A Mixed Finite Element Method for the Velocity-Pseudostress Formulation of the Oseen Eigenvalue Problem,2025,S165512578,https://doi.org/10.1137/24m1696950,Felipe Lepe; Jesus Vellojin,2026-10-05 22:25
W4415992535,Meta-síntesis: ¿Cómo se estudian los desastres en América Latina?,2025,S4210201890,https://doi.org/10.32995/praxispsy.v27i43.314,Pablo Alcota,2026-10-05 22:25
W4416021198,Spatial survival models based on Weibull random fields,2025,S2765037494,https://doi.org/10.1016/j.spasta.2025.100943,Christian Caamaño‐Carrillo; Diego Ignacio Gallardo,2026-10-05 22:25
W4416072466,Persistence of microcystin-LR in a warm monomictic lake under anthropogenic pressure in south-central Chile,2025,S11732831,https://doi.org/10.1007/s10661-025-14782-0,Nicolás Reyes‐Quinteros; Claudia Leal-Medina; Pamela Jara‐Zapata; Patricia Arancibia‐Ávila,2026-10-05 22:25
W4416114431,Clasificación de defectos en tableros melamínicos mediante imágenes multiespectrales y redes neuronales convolucionales,2025,S967659979,https://doi.org/10.22320/s0718221x/2025.39,Cristhian Aguilera; Cristhian Aguilera; Samuel Bustos Puentes; Christopher A. Flores,2026-10-05 22:25
W4416130195,Cryptic Heleobia populations (Caenogastropoda: Cochliopidae) from northern Chilean highlands: evidence of high-altitude speciation,2025,S190011727,https://doi.org/10.1007/s13127-025-00684-z,Gonzalo A. Collado,2026-10-05 22:25
W4416139601,"A perfect storm: How digital transformation, changing office spaces and the blurring of work and non-work lives are driving the individualisation of social workers’ practice in England",2025,S156637263,https://doi.org/10.1177/14733250251395852,Felipe Saravia,2026-10-05 22:25
W4416165816,When Algorithms Tell Their Story: Turning Execution Traces into Explanatory Videos by Means of a Trustworthy Architecture Based on Parse Trees,2025,S181659395,https://doi.org/10.1007/s10796-025-10661-8,Tomás Lermanda; Clemente Rubio-Manzano,2026-10-05 22:25
W4416180142,Implementation of extreme collaboration methodology in a Capstone project course,2025,S196734849,https://doi.org/10.1038/s41598-025-16699-7,Luis Cifuentes,2026-10-05 22:25
W4416191931,Mixed-Integer Linear Programming Models for the Vehicle Routing Problem with Release Times and Reloading at Mobile Satellites,2025,S4210192031,https://doi.org/10.3390/math13223638,Raúl Soto-Concha; Jorge Félix Mena-Reyes; Rodrigo Linfati,2026-10-05 22:25
W4416247262,Cartografía social en la gestión comunitaria del riesgo de desastres: una revisión sistemática,2025,S4210219893,https://doi.org/10.5027/psicoperspectivas-vol24-issue3-fulltext-3414,José Sandoval‐Díaz; Consuelo Suazo‐Muñoz,2026-10-05 22:25
W4416271418,Corporate information disclosed on the website of companies listed on the Colombian stock exchange as a determining factor,2025,S2738719836,https://doi.org/10.22567/rep.v14i2.1070,Fernando Andrés Morales Parada; Reinier Höllander Sanhueza,2026-10-05 22:25
W4416312905,Quantizations of local Calabi–Yau threefolds and their moduli of vector bundles,2025,S53865935,https://doi.org/10.1080/00927872.2025.2578684,Francisco Rubilar,2026-10-05 22:25
W4416339841,Small Extracellular Vesicles from Preeclamptic Women and Hypoxic Placentas Disrupt Blood-Brain Barrier Integrity via CLDN5 Reduction,2025,S171513543,https://doi.org/10.1016/j.placenta.2025.08.028,Hermes Sandoval; Belén Ibáñez; Moisés Contreras; Felipe Troncoso; Jesenia Acurio; Carlos Escudero,2026-10-05 22:25
W4416343698,EVALUATION OF NUCLEOTIDE VARIATIONS IN THE ADORA2A GENE AND THEIR ASSOCIATION WITH PREECLAMPSIA,2025,S171513543,https://doi.org/10.1016/j.placenta.2025.08.114,Carlos Escudero,2026-10-05 22:25
W4416343753,Umbilical endothelium-derived thrombospondin-1 (TSP-1) of preeclampsia decreases the angiogenic capacity of brain endothelial cells,2025,S171513543,https://doi.org/10.1016/j.placenta.2025.08.159,Esthefanny Escudero; Jesenia Acurio; Carlos Escudero,2026-10-05 22:25
W4416392757,Broadband Response Enhancement of a Pitching Wave Energy Converter Using a Nonlinear Stiffness Mechanism Under Dry Friction Effects,2025,S198098182,https://doi.org/10.3390/en18226022,Braulio Neira; Fabián Gonzalo Pierart; Claudio Villegas,2026-10-05 22:25
W4416409211,High Prevalence of Food Insecurity and Associated Risk Factors in Chilean and Immigrant Women from South-Central Chile,2025,S2737939966,https://doi.org/10.3390/foods14223973,Alejandra Rodríguez‐Fernández; Marcela Ruíz-De la Fuente; Eduard Antonio Maury-Sintjago,2026-10-05 22:25
W4416409249,"Salud mental positiva en estudiantes de enfermería, Chile",2025,S4210175345,https://doi.org/10.6018/eglobal.656331,Juan Pablo Hidalgo-Ortiz,2026-10-05 22:25
W4416413297,Design and Validation of the Index of Adherence to the Dietary Guidelines for Chile 2022 (GABAS-Index 17),2025,S110785341,https://doi.org/10.3390/nu17223621,Catalina Ramírez‐Contreras; Jaime Crisosto-Alarcón; Solange Liliana Parra-Soto; Jorge Burdiles-Aguirre; Gianella Liabeuf; Lautaro Briones,2026-10-05 22:25
W4416506026,Ovatifolin Purified from Leptocarpha rivularis Induces Cell Death in A375 and A2058 Melanoma Cancer Cells,2025,S2737566431,https://doi.org/10.3390/antiox14121392,Jaime R. Cabrera‐Pardo,2026-10-05 22:25
W4416596559,Validation of Body Surface Area Equations for Estimating Fat-Free Mass by Dual X-Ray Absorptiometry in a Regional Chilean Sample Aged 4 to 85 Years,2025,S4210172076,https://doi.org/10.3390/diagnostics15232982,Camilo Urra-Albornoz,2026-10-05 22:25
W4416690850,The State of Practice About Security in Telemedicine Systems in Chile: Exploratory Study,2025,S2764650051,https://doi.org/10.2196/77395,Gastón Márquez,2026-10-05 22:25
W4416763536,Discontinuous Galerkin approximation for a stokes-Brinkman-type formulation of the eigenvalue problem in porous media,2025,S40006715,https://doi.org/10.1016/j.cma.2025.118570,Felipe Lepe,2026-10-05 22:25
W4416764756,Metamortar Composites Reinforced with Re-Entrant Auxetic Cells: Mechanical Performance and Enhanced Energy Absorption,2025,S123288148,https://doi.org/10.3390/polym17233153,Jorge Fernández; César Garrido,2026-10-05 22:25
W4416818618,On the regularity of solutions and optimal error estimates for a spatial semi-discrete finite element approximation of the Oberbeck-Boussinesq model,2025,S39612629,https://doi.org/10.1016/j.cnsns.2025.109536,J. Bravo-Olivares; Luis Friz,2026-10-05 22:25
W4416820488,Perspectivas de hermanos mayores ante el diagnóstico de TEAen hermanos menores: enfoque fenomenológico,2025,S4210173226,https://doi.org/10.24265/liberabit.2025.v31n2.1040,Mauricio Mercado-Aravena,2026-10-05 22:25
W4416820496,Análisis espectral de potencia en el área occipital durante ojos cerrados y ojos abiertos,2025,S4210173226,https://doi.org/10.24265/liberabit.2025.v31n2.1085,Diego Ignacio Gallardo; Yohan Sebastián Chaparro Gómez,2026-10-05 22:25
W4416828255,Desarrollo profesional de profesores de ciencias: un itinerario formativo para la reflexión sobre la Naturaleza de la Ciencia y Tecnología (NdCyT),2025,S4210175031,https://doi.org/10.48082/espacios-a25v46n06p16,Ivan R. SANCHEZ-SOTO,2026-10-05 22:25
W4416833766,A priori and a posteriori error bounds for the fully mixed FEM formulation of poroelasticity with stress-dependent permeability,2025,S201897549,https://doi.org/10.1093/imanum/draf101,Segundo Villa–Fuentes,2026-10-05 22:25
W4416853003,Machine-learning interatomic potential for barium sulfide: From thermodynamic properties to crystal growth kinetics,2025,S77047749,https://doi.org/10.1063/5.0304792,Roberto E. Rozas,2026-10-05 22:25
W4416855237,Factores socioeconómicos y contexto escolar en los puntajes de la prueba de admisión de Matemáticas en Chile: un análisis multinivel,2025,S4210232918,https://doi.org/10.4151/07189729-vol.64-iss.3-art.1617,Geraldo Padilla Fuentes; Claudia Alexandra Suazo Ruiz,2026-10-05 22:25
W4416876227,Seguridad urbana en tensión: desafíos estructurales del urbanismo latinoamericano,2025,S4210172960,https://doi.org/10.22320/07183607.2025.28.52.00,Stella Schroeder,2026-10-05 22:25
W4416876889,Deep-learning-based prediction of precipitable water vapor in the Chajnantor area,2025,S205231332,https://doi.org/10.1051/0004-6361/202556107,Alison Matus-Bello,2026-10-05 22:25
W4416893720,On a new class of frailty regression models for clustered survival data,2025,S188551233,https://doi.org/10.1080/00949655.2025.2584734,Diego Ignacio Gallardo,2026-10-05 22:25
W4416904119,Stress Situations and Speech Fluency: A Pilot Study of Oral Presentations in Immersive Virtual Reality Environments,2025,S4210194710,https://doi.org/10.3390/bs15121652,Yasna Sandoval; Bárbara Farías-Fritz; Luis Gajardo; Soledad Quezada Cáceres; Gabriel Lagos Riveros; Carlos Rojas,2026-10-05 22:25
W4416917031,Resin-Reinforced Auxetic Structures with Re-Entrant Struts for Improved Energy Absorption,2025,S123288148,https://doi.org/10.3390/polym17233176,César Garrido; Jorge Fernández,2026-10-05 22:25
W4416925830,Nivel de humanización de la atención y percepción del trato al usuario en una unidad de oncología de un hospital público de Chile,2025,S2738008052,https://doi.org/10.58807/indexenferm20257822,Paulina Vargas Chávez; Verónica Chandia Reyes; José Manuel León Pino,2026-10-05 22:25
W4416945497,Modeling PM2.5 Pollution Using a Truncated Positive Student’s-t Distribution: A Case Study in Chile,2025,S4210192031,https://doi.org/10.3390/math13233838,Diego Ignacio Gallardo,2026-10-05 22:25
W4416950568,Statistical knowledge of future secondary mathematics teachers in reading and arguing graphical information,2025,S2764699309,https://doi.org/10.29333/ejmste/17503,Francisco Rodríguez-Alveal,2026-10-05 22:25
W4416955244,A priori and a posteriori error analyses of a fully-mixed finite element method for the coupled Navier–Stokes/Darcy problem,2025,S40006715,https://doi.org/10.1016/j.cma.2025.118598,Ricardo Oyarzúa; Segundo Villa–Fuentes,2026-10-05 22:25
W4416992640,conversando con... Pezo Von Ellrichshausen,2025,S4306508922,https://doi.org/10.4995/ega.2025.25122,Rodrigo García Álvarado,2026-10-05 22:25
W4417038315,Plant Variety Registration in Transition: Opportunities for Innovation and Reform in The European Union,2025,S89947762,https://doi.org/10.1111/1746-692x.70007,José María Gil Roig,2026-10-05 22:25
W4417038801,"Exploring the “Tip of the Tongue” and “Feeling of Knowing” Phenomena During Advanced Aging: The Interplay of Age of Acquisition, Vocabulary and Verbal Fluency",2025,S4210194710,https://doi.org/10.3390/bs15121686,Carlos Rojas; Yasna Sandoval; Bárbara Farías-Fritz; Gabriel Lagos,2026-10-05 22:25
W4417051609,Discurso disfraz vehículo del neoliberalismo en propaganda del programa Jóvenes Escribiendo el Futuro,2025,S4404662943,https://doi.org/10.61303/0718-3631.v34i54.523,Juan Saavedra,2026-10-05 22:25
W4417060458,Integración de Plickers como estrategia para el aprendizaje significativo en educación superior,2025,S4390297081,https://doi.org/10.22320/reined.v7i2.7596,Patricia Carolina Huerta Riveros,2026-10-05 22:25
W4417060519,Diseño y validación de un Cuestionario sobre Competencia Digital en Formación Docente,2025,S4390297081,https://doi.org/10.22320/reined.v7i2.7601,Mario Bravo Molina,2026-10-05 22:25
W4417104260,Modeling the spatial distribution of violence against women: evidence from metropolitan Chile,2025,S4210196583,https://doi.org/10.1007/s42001-025-00444-1,Christian Caamaño‐Carrillo; Sergio Contreras-Espinoza; Cristian Zarate,2026-10-05 22:25
W4417107660,A Hybrid Type-2 Fuzzy Double DQN with Adaptive Reward Shaping for Stable Reinforcement Learning,2025,S4210200511,https://doi.org/10.3390/ai6120319,Jaime Rohten,2026-10-05 22:25
W4417113314,Designing a Virtual Reality Platform for University Students: An Immersive Approach to Developing Oral Presentation Skills,2025,S2738008561,https://doi.org/10.3390/educsci15121655,Yasna Sandoval; Carlos Rojas; Gabriel Lagos Riveros; Bárbara Farías-Fritz; Soledad Quezada Cáceres; Luis Gajardo,2026-10-05 22:25
W4417195594,Modelos de producción escrita: fundamentos y propuesta metodológica para la didáctica de la escritura en educación superior,2025,S2739091560,https://doi.org/10.21703/rexe.v24i56.2920,Mauricio Alejandro Castro-Cifuentes; Constanza Suazo-Muñoz,2026-10-05 22:25
W4417278632,Explaining Urban Transformation in Heritage Areas: A Comparative Analysis of Predictive and Interpretive Machine Learning Models for Land-Use Change,2025,S4210192031,https://doi.org/10.3390/math13243971,Pablo González-Albornoz; Clemente Rubio-Manzano; María Isabel López Meza,2026-10-05 22:25
W4417288700,Ultrahigh Damping Efficiency in Laser Powder Bed Fusion Kelvin Metamaterials for Hysteretic Applications,2025,S156255550,https://doi.org/10.1002/adem.202502470,César Garrido,2026-10-05 22:25
W4417295095,Critical incidents linked to health during a service-learning experience in the initial training of physical education teachers,2025,S192935422,https://doi.org/10.1080/17430437.2025.2539825,Samuel Pérez Norambuena,2026-10-05 22:25
W4417322421,In vitro and in silico analysis of anticancer and antioxidant potential of camphor derivatives,2025,S196734849,https://doi.org/10.1038/s41598-025-27596-4,Luis Fernandez-Hernandez,2026-10-05 22:25
W4417329406,Characterization of the Biodeterioration Caused by the Fungus Serpula lacrymans in Lignocellulosic Materials of Building Envelopes,2025,S4210191137,https://doi.org/10.3390/buildings15244513,Rodrigo Espinoza Maldonado; Ariel Bobadilla-Moreno; José Navarrete; Paula Herrera,2026-10-05 22:25
W4417330477,"Formación ciudadana y gobernanza escolar en algunas escuelas de la región del Biobío, Chile",2025,S2738406816,https://doi.org/10.15517/w62jxy05,Cristian Orellana-Fonseca; Rodrigo Arturo Salazar Jiménez,2026-10-05 22:25
W4417336287,Estándares de la Profesión Docente en Biología: una aproximación micro-macro para la formación inicial en el contexto universitario chileno,2025,S4210220510,https://doi.org/10.29035/rce.18.57,Nabil Marzuka-Nassr; Iván Sánchez,2026-10-05 22:25
W4417405966,Impacto de la estructura de costos en la rentabilidad del sector sanitario,2025,S4393914559,https://doi.org/10.56563/costosygestion.110.e1,Estela Rodríguez Quezada; Cecilia Gallegos Muñoz,2026-10-05 22:25
W4417419935,Effects of concurrent training in metabolic syndrome markers of morbidly obesity patients according muscle quality index and age,2025,S108953488,https://doi.org/10.20960/nh.05915,Claudio Hernandes-Mosqueira,2026-10-05 22:25
W4417424366,Reversible symmetric periodic solutions in spatial perturbed systems,2025,S131268793,https://doi.org/10.4153/s0008414x25101910,ANDERSON MERCADO; Cláudio Vidal,2026-10-05 22:25
W4417432323,Tutorías virtuales en la formación continua de docentes de educación de personas jóvenes y adultas – EJA,2025,S4210230889,https://doi.org/10.29378/plurais.v10iesp1.21750,Raquel A Aburto-Godoy,2026-10-05 22:25
W4417435102,Ética de la acción colectiva en la formación profesional del Trabajo Social en Chile: fortaleciendo la politicidad juvenil en contextos neoliberales,2025,S4387283128,https://doi.org/10.7770/cuhso-v35n1-art855,Héctor Agustín Vargas Muñoz,2026-10-05 22:25
W4417435564,Hallazgos vocales y laríngeos en sujetos con trastornos del espectro de hipermovilidad y condiciones relacionadas: una revisión sistemática,2025,S4210190511,https://doi.org/10.4067/s0718-481620250003001437,Jaime Crisosto-Alarcón; Daniela Gutiérrez-Garrido; Danilo Arrau-Gallardo,2026-10-05 22:25
W7104021607,Estándares de la profesión docente y conocimiento profesional del futuro profesor de Biología,2025,S4210199778,https://doi.org/10.5354/2452-5855.2025.74227,Nabil Marzuca-Nassr,2026-10-05 22:25
W7104601421,Efectos de un periodo de desentrenamiento de cuatro semanas en la composición corporal y rendimiento físico de jóvenes futbolistas chilenos,2025,S2738013834,https://doi.org/10.47197/retos.v74.116229,Claudio Hernández-Mosqueira,2026-10-05 22:25
W7105837946,"Environmental assessment of energetic valorization of textile waste via fluidized bed combustion with post-combustion catalytic treatment, thermal plasma application, and carbon capture",2025,S2764466794,https://doi.org/10.1039/d5re00433k,Walter Fernández Benítez; Carlos Labra Fierro; Daniel Travieso Pedroso,2026-10-05 22:25
W7105901526,Guía Ilustrada de Microalgas: 14 Géneros Representativos de Aguas Continentales,2025,S4306400562,https://doi.org/10.5281/zenodo.17633057,"Reyes-Quinteros, Nicolás; Leal-Medina, Claudia",2026-10-05 22:25
W7105929253,Guía Ilustrada de Microalgas: 14 Géneros Representativos de Aguas Continentales,2025,S4306400562,https://doi.org/10.5281/zenodo.17633058,"Nicolás Reyes‐Quinteros; Leal-Medina, Claudia",2026-10-05 22:25
W7106147360,"Profesores en formación: Percepciones y actitudes hacia educación STEAM, Revisión sistemática de literatura",2025,S2738618503,https://doi.org/10.17613/0wgj1-mwm88,"Heredia-Sacio, María del Rosario; Herrera-San Martín, Edith del Carmen",2026-10-05 22:25
W7106158165,"Profesores en formación: Percepciones y actitudes hacia educación STEAM, Revisión sistemática de literatura",2025,S2738618503,https://doi.org/10.17613/nnxnh-rmf72,"Heredia-Sacio, María del Rosario; Herrera-San Martín, Edith del Carmen",2026-10-05 22:25
W7106841335,Transnumeración y argumentación estadística en el profesorado en formación y en activo de educación básica,2025,S2738964976,https://doi.org/10.15359/ru.39-1.20,Francisco Rodríguez-Alveal,2026-10-05 22:25
W7109974521,FILOSOFÍA DE LA EDUCACIÓN PARA UNA REFLEXIÓN DOCENTE AUTÓNOMA,2025,S2737687728,https://doi.org/10.1590/es.301069,Paula Cardona-Ruiz,2026-10-05 22:25
W7110844151,Chia Mucilage as a Natural Biopolymer for Ultrasound-assisted Microencapsulation of Aqueous Beetroot Extracts: Development of Functional Powders Rich in Bioactive Compounds,2025,S181365921,https://doi.org/10.1007/s11947-025-04150-8,Marcia María Cabrera-Pérez; José Miguel Bastías-Montes; Carla Vidal-San Martín,2026-10-05 22:25
W7111598658,Representaciones del rol que los profesores en formación asignan a las familias en materia educativa,2025,S4306401293,,"Cárcamo Vásquez, Héctor",2026-10-05 22:25
W7111890331,Gestión del conocimiento y rendimiento organizativo: Un análisis en el contexto educativo chileno,2025,S4306401293,,"Bueno Broterson, Yarisel; Araya Guzmán, Sergio",2026-10-05 22:25
W7112778932,Seguridad urbana en tensión: desafíos estructurales del urbanismo latinoamericano,2025,S4306401293,,"Schroeder, Stella",2026-10-05 22:25
W7113343112,"Barrio, bienestar mental, percepciones estéticas e integración urbana. Caso población Crav-Penco, Chile",2025,S4306401293,,"Soto Carcamo, Martin",2026-10-05 22:25
W7114902337,Analytical Regression and Geometric Validation of the Blade Arc Segment BC⌢ in a Michell–Banki Turbine,2025,S4210219839,https://doi.org/10.3390/machines13121135,Mauricio A. Díaz Raby,2026-10-05 22:25
W7115032238,La intertextualidad como camino a la comprensión desde una perspectiva latinoamericana,2025,S4306401293,,"Alvarado, Miguel",2026-10-05 22:25
W7115895960,Eficacia de las simulaciones PhET en el aprendizaje del electromagnetismo para estudiantes de educación superior: una herramienta virtual en situación de pandemia,2025,S4387279374,https://doi.org/10.55767/2451.6007.v37.n2.51175,Leonardo Muñoz-Soto; Patricia Arancibia-Ávila; Lorena Carrasco-Garrido,2026-10-05 22:25
W7115915325,Caracterización del Estudiantado que Ingresa vía especial mediante el Programa de Acceso a la Educación Superior- PACE en Chile,2025,S4210209713,https://doi.org/10.4067/s0718-73782025000100175,Denisse Espinosa-Valenzuela; Carlos Rodríguez-Garcés,2026-10-05 22:25
W7115986542,Sexist Climate and Violation of Labor Rights among Academics: A Mixed Study in two Regions in Chile,2025,S4306401293,,"San Martín Cofré, Marilyn",2026-10-05 22:25
W7116395635,La intertextualidad como camino a la comprensión desde una perspectiva latinoamericana,2025,S86099896,https://doi.org/10.4067/s0717-554x2025000200002,Miguel Alvarado Borgoño,2026-10-05 22:25
W7116603429,Caracterización no destructiva de madera estructural de Pinus sylvestris mediante técnicas ultrasónica,2025,S4306401293,,Gloria Llorente Sánchez,2026-10-05 22:25
W7116633085,¿Puede la práctica de actividad física influenciar en los estilos de vida sustentables de adultos iberoamericanos? Un estudio de investigación multicéntrico.,2025,S2738320308,https://doi.org/10.58727/jshr.117821,Solange Liliana Parra-Soto; Jacqueline Alejandra Araneda-Flores,2026-10-05 22:25
W7116662559,Nonlinear stability of the normal equilibrium point in a charged pendulum between two charged wires,2025,S176689137,https://doi.org/10.1007/s10884-025-10473-z,Cláudio Vidal,2026-10-05 22:25
W7116668384,Dynamic Generation of Cutting Patterns in Sawmills for Sustainable Planning,2025,S4210192031,https://doi.org/10.3390/math14010010,Jorge Félix Mena-Reyes; Rodrigo Linfati,2026-10-05 22:25
W7116675484,Integrated Circuits design using open-source EDA tools and OpenPDKs,2025,S4306400562,https://doi.org/10.5281/zenodo.18008270,Krzysztof Herman,2026-10-05 22:25
W7116757541,El texto escolar de historia y su presentación de los colonizados,2025,S2738618503,https://doi.org/10.15359/ree.29-3.20125,Mauricio Lagos Pando,2026-10-05 22:25
W7116785601,Integrated Circuits design using open-source EDA tools and OpenPDKs,2025,S4306400562,https://doi.org/10.5281/zenodo.18008269,Krzysztof Herman,2026-10-05 22:25
W7116796290,A Descriptive and Predictive Model for Data-Driven Decision Making in Higher Education: A Case Study,2025,S58563349,https://doi.org/10.3897/jucs.154610,Claudio Gutiérrez-Soto; Cristian Durán-Faúndez,2026-10-05 22:25
W7116800821,Agri-Food Systems and Constitutional Disputes in Latin America: Hegemony and Production of Rationality in Chile’s Constitutional Processes,2025,S7407053282,https://doi.org/10.12854/erde-2025-788,Fany Lobos-Castro,2026-10-05 22:25
W7116885602,Could a thin-shell configuration lie hidden within the universe?,2025,S94052278,https://doi.org/10.1140/epjc/s10052-025-15192-9,Mauricio Cataldo; Antonella Cid; Pedro Labraña,2026-10-05 22:25
W7116890373,Global attractors for the Signorini problem with pointwise damping,2025,S16594347,https://doi.org/10.3934/dcdss.2026026,Jaime E. Muñoz Rivera,2026-10-05 22:25
W7116894790,Certifying semi-device-independent security via wave-particle duality experiments,2025,S2738600312,https://doi.org/10.1038/s41534-025-01160-4,Alvaro Alarcón,2026-10-05 22:25
W7117102125,On non-equatorial embeddings into $$\mathbb {R}^3$$ of spherically symmetric wormholes with topological defects,2025,S2500088085,https://doi.org/10.1140/epjp/s13360-025-07220-0,Mauricio Cataldo; Daniel Cuevas,2026-10-05 22:25
W7117148298,Hopf bifurcation in Kolmogorov systems of degree 4 in R2 and R3,2025,S158241587,https://doi.org/10.1063/5.0275638,Y. Paulina Martínez,2026-10-05 22:25
W7117156576,Fractionated Anionic PAM Dosing Under High Salinity: Controlling Floc Growth and Stability,2025,S123288148,https://doi.org/10.3390/polym18010050,Gonzalo R. Quezada,2026-10-05 22:25
W7117164948,"Exploring the potential neuroprotective properties of fungi living in extreme environments in a cell model of Alzheimer's disease: effects of Antarctic fungi extracts on cell viability and of Fomannoxin, a molecule produced by an Andean‐Patagonian fungus, on the viability and mitochondrial network of primary hippocampal neurons",2025,S108427512,https://doi.org/10.1002/alz70855_102844,Jonhatan Castaño Gómez; Jaime Cabrera‐Pardo,2026-10-05 22:25
W7117295583,Carleman Estimate for Semi-discrete Stochastic Parabolic Operators in Arbitrary Dimension and Applications to Controllability,2025,S104354797,https://doi.org/10.1007/s00245-025-10364-1,Ariel Pérez,2026-10-05 22:25
W7117354494,A simulation-based procedure for promoting climate-resilient building design in the global south context: The Latin America residential sector perspective,2025,S6846437,https://doi.org/10.1016/j.enbuild.2025.116915,Rafael E. López-Guerrero,2026-10-05 22:25
W7117405478,Conocimientos previos sobre evaluación de aprendizaje en programas de preparación y acceso a pedagogía de dos universidades regionales chilenas,2025,S2738618503,https://doi.org/10.15359/ree.29-3.20115,Ana Carolina Maldonado Fuentes,2026-10-05 22:25
W7117406079,Relación Entre Masa Grasa con la Coordinación Motriz en Niños y Adolescentes,2025,S4306521251,https://doi.org/10.12873/454cossio-2,Camilo Urra-Albornoz,2026-10-05 22:25
W7117417357,Creencias educacionales y cognición docente: una aproximación desde la metáfora conceptual,2025,S4210186442,https://doi.org/10.33010/ie_rie_rediech.v16i0.2633,María Teresa Castañeda Díaz; Mauricio Alejandro Castro-Cifuentes,2026-10-05 22:25
W7117464593,Environmental Footprint of 3D-Printed Concrete Using Recycled Materials,2025,S10134376,https://doi.org/10.3390/su18010288,Claudia Muñoz-Sanguinetti; Mabel Vega‐Coloma; Rodrigo García Álvarado; Paulina Wegertseder,2026-10-05 22:25
W7117489085,The diffusion determination in a reaction-diffusion system by application of Dubovitskii-Milyutin’s formalism,2025,S61795452,https://doi.org/10.1186/s13661-025-02152-1,Aníbal Coronel,2026-10-05 22:25
W7117659765,The Endangered Species Eupsophus migueli: Natural History and Conservation,2025,S74581665,https://doi.org/10.2994/sajh-d-23-00014.1,Marcela A. Vidal; Felipe Barraza-Acuña,2026-10-05 22:25
W7117744121,"Cybersecurity disclosure in the financial sector: an examination of the influence of incident exposure, governance practices, and regulatory context",2025,S205929853,https://doi.org/10.1007/s10660-025-10081-5,Felipe A. López; Fernando Andrés Morales-Parada,2026-10-05 22:25
W7118921617,Cuatro minutos para salvar el Bubblegum pop: Liturgia del Chicle y Diez Mandamientos del Goce Po(p) político,2025,S4306533795,https://doi.org/10.35588/nwtdrp43,Juan Urzúa-Pineda,2026-10-05 22:25
W7124566157,En la búsqueda de segundas oportunidades: acceso y persistencia en el actual escenario de selección universitaria chileno,2025,S4210219938,https://doi.org/10.22352/saustral20253113,David Romero Garrido; Denisse Espinoza-Valenzuela,2026-10-05 22:25
W7124734769,CURCUMIN AND ITS POTENTIAL APPLICATION AS ANTIMICROBIAL AGENT IN AGRICULTURE: A PRELIMINARY REVIEW,2025,S4210172773,https://doi.org/10.29393/chjaas41-53prlt80053,Diana Correa-Otero; Keyla Tortoló-Cabañas,2026-10-05 22:25
W7125482950,"Desarrollo de plataforma de producto modular basada en BIM, aplicada a viviendas multifamiliares de baja y mediana altura en madera",2025,S129965973,https://doi.org/10.3989/ic.7116,Mauricio Vargas-Mosqueda; Javier Sepúlveda-Morales; Catalina Paredes; Franco Benedetti,2026-10-05 22:25
W7125498537,Didactics and evaluation in professional practices. Challenges for university education training of social work career,2025,S2738064548,https://doi.org/10.19083/ridu.2025.2002,Marcela Mora Donoso; Nelly Lagos San Martín; Marcela del Carmen Concha Toro,2026-10-05 22:25
W7125619190,"DISCAPACIDAD Y REPRESENTACIÓN SOCIAL: UNA INDAGACIÓN DESDE LA REVISTA EL NIÑO LIMITADO. CHILE, 1969-1973",2025,S4210188114,https://doi.org/10.29393/at532-10diml10010,Marco Antonio León León,2026-10-05 22:25
W7125712075,Adopción y percepción de ChatGPT en académicos como herramienta pedagógica e investigativa en la educación superior de Chile,2025,S4210180225,https://doi.org/10.47058/joa13.3,Tomás Zapata-Soto; Nataly Andrea Guiñez-Cabrera,2026-10-05 22:25
W7125812543,Asymmetric muon-antimuon emission from Z 0 decays: A potential magnetometer in relativistic heavy-ion collisions,2025,S4210168441,https://doi.org/10.1103/9j9b-tm9v,Ana Júlia Mizher,2026-10-05 22:25
W7126257887,"La mesa de negociación como dispositivo de dominación. Análisis desde la prensa al conflicto urbano Puente Bicentenario, Chile",2025,S1028766512,https://doi.org/10.32995/rev180.num-56.(2025).art-1466,Aarón Tolindor Napadensky Pastene; Javier Antonio León Aravena; Bárbara Ojeda,2026-10-05 22:25
W7127356287,Resiliencia del yo en estudiantes universitarios según procedencia y sexo en tres países latinoamericanos,2025,S4210186960,https://doi.org/10.35305/revistairice.vi49.2065,Nelly Lagos San Martín,2026-10-05 22:25
W7128027906,Análisis histórico-epistemológico de sucesiones y series,2025,S2898244632,https://doi.org/10.22201/iisue.24486167e.2025.47.61850,Patricio Cumsille,2026-10-05 22:25
W7128776995,Violencia escolar en la ruralidad de Chile: ¿Cuál es la percepción del estudiantado de secundaria?,2025,S4210237110,https://doi.org/10.1590/s0104-40362025003304965,Samuel Pérez Norambuena,2026-10-05 22:25
W7134262861,Instrumento para Evaluar el Conocimiento de los Estándares Docentes en Futuros Profesores de Biología,2025,S94779792,https://doi.org/10.4067/s0717-95022025000602114,Nabil Marzuca-Nassr; Ivan R. Sanchez-Soto,2026-10-05 22:25
W7138080667,Caracterización genómica de cepas persistentes de Listeria monocytogenes aisladas de alimentos y ambientes de producción en Chile entre 2000 y 2020,2025,S145871435,https://doi.org/10.4067/s0716-10182025000500168,Julio Parra‐Flores; Solange Parra-Soto; Natalia Bello-Escamilla,2026-10-05 22:25
W7140219714,"Concentración, rotación y género en firmas Big4 y No-Big4 en Chile",2025,S4210193147,https://doi.org/10.36791/tcg.v10i30.328,Jenifer Raquel Riquelme Ceballos; Fernando Andrés Morales Parada,2026-10-05 22:25
W7140294368,Del diseño a la ejecución. Procesos de Transformación y Paisaje Cultural en la Avenida Balmaceda de Temuco,2025,S4210212710,https://doi.org/10.29393/ur21-6djdp20006,Pablo Fuentes Hernández,2026-10-05 22:25
W7140298513,Aproximaciones hacia un Territorio Fluvio-Urbano Integrado: Explorando la función ecológica en la ordenanza chilena,2025,S4210212710,https://doi.org/10.29393/ur21-5atfp60005,Leonardo Agurto,2026-10-05 22:25
W7140753678,Modelo MFCA-LCA para determinar el costo del producto y el impacto ambiental en la industria de la madera aserrada,2025,S2736916471,https://doi.org/10.4067/s0718-235x2025000200187,Estela Rodríguez Quezada,2026-10-05 22:25
W7153804950,Reflexiones Acerca de la Gestión de Resultados a partir del Modelo de Jones y Adaptaciones Posteriores,2025,S4210214779,https://doi.org/10.29394/scientific.issn.2542-2987.2025.10.37.20.402-423,Reinier Höllander Sanhueza; Fernando Andrés Morales Parada,2026-10-05 22:25
W7154569950,Word Integration Across Sentence Boundaries in Third and Fourth Age Adults: Evidence from Eye-Tracking during Reading,2025,S4306400115,https://doi.org/10.48448/dt6d-8262,Carlos Rojas,2026-10-05 22:25
W7154875190,Argumentos filosóficos para la defensa o rechazo de la vacunación obligatoria contra el COVID-19,2025,S4306401293,,Paula Cardona Ruiz,2026-10-05 22:25
W7155367876,La crisis del multilateralismo y los países de América Latina,2025,S4387288708,https://doi.org/10.22320/hem.v24i2.7919,Luis Méndez Briones,2026-10-05 22:25
W7155576068,Embracing neurodivergency: A self-study of a mathematics teacher educator,2025,S4377196274,,Victor Miguel Parra-González,2026-10-05 22:25
W7155576353,Cartografía social y mapeo participativo en la gestión comunitaria del riesgo de desastres: una revisión sistemática,2025,S4377196274,,José Sandoval‐Díaz; Consuelo Suazo-Muñoz,2026-10-05 22:25
W7155577466,Análisis matemático de un problema inverso para un sistema de reacción-difusión originado en epidemiología,2025,S4377196274,,"Aníbal Coronel; Esperanza Lozada; Torres,Jorge",2026-10-05 22:25
W7155581504,"""La rápida confianza en los escombros"": memorias y perspectivas del recuerdo en narrativas chilenas, argentinas y españolas reciente",2025,S4377196274,,Juan Pablo Amaya G,2026-10-05 22:25
W7155583502,Tableros a base de chapas de madera de Pino radiata reforzados con fibras de ingeniería y adhesivos,2025,S4377196274,,Mario Núñez-Decap; MARCELA VIDAL-VEGA; Boris Moya-Rojas; Camila Opazo-Carlsson; Gerson Rojas Espinoza,2026-10-05 22:25
W7155584426,"DISCAPACIDAD Y REPRESENTACIÓN SOCIAL: UNA INDAGACIÓN DESDE LA REVISTA EL NIÑO LIMITADO. CHILE, 1969-1973",2025,S4377196274,,Marco Antonio León León,2026-10-05 22:25
W7155586000,Ética de la acción colectiva en la formación profesional del Trabajo Social en Chile: fortaleciendo la politicidad juvenil en contextos neoliberales,2025,S4377196274,,Héctor Agustín Vargas Muñoz,2026-10-05 22:25
W7155586321,Effects of knives jointing on planed surface quality of radiata pine wood,2025,S4377196274,,Gerson Rojas Espinoza; Sergio Contreras-Espinoza; Claudio Montero,2026-10-05 22:25
W7155595148,Ciclos límite en el plano: Contribuciones desde Chile,2025,S4377196274,,S. Rebollo-Perdomo,2026-10-05 22:25
W7162652037,"On the linear algebraic properties of (r,n)-min and (r,n)-max matrices",2025,S14920484,https://doi.org/10.2298/fil2533837c,Dante Carrasco-Olivera; Hector Miranda,2026-10-05 22:25
W7163967016,"Descripción de variables sociodemográficas, clínicas y del cuidado en personas mayores con dependencia en la Región de Ñuble",2025,S4306402135,,Diego Andrés Pino Contreras; Emanuel Isaac Morales Sanchez; Carmen Luz Muñoz-Mendoza,2026-10-05 22:25
W7163967956,"Positive mental health in nursing students, Chile",2025,S4306402135,,Juan Pablo Hidalgo Ortiz,2026-10-05 22:25
W7165901035,Paisajes y atmósferas desde la clandestinidad: La experiencia de Miguel Littin,2025,S4306401293,https://doi.org/10.35588/t2yhzq16,Paula Tesche Roa,2026-10-05 22:25
W7167159066,Gevrey class for locally three-phase-lag thermoelastic beam system,2025,S4377196262,,Jaime E. Muñoz Rivera,2026-10-05 22:25
W7171603089,A global study of early reactions,2025,S4306402433,,,2026-10-05 22:25
W7204618197,Experiencias cotidianas en la crianza de hijos con trastorno del espectro autista,2025,S4377196274,,Mauricio Mercado-Aravena,2026-10-05 22:25
W7213962591,Eficacia del chatbot versus lectura tradicional en simulación clínica de alta fidelidad,2025,S4306402135,,Paulina Vargas Chávez; Verónica Reyes; Patricia Letelier Sanz; Mónica Cardona Valencia; José Manuel León Pino,2026-10-05 22:25
W38804108,Unearthing the soil-borne microbiome of land plants.,2024,S4306525036,https://doi.org/10.1111/gcb.17295,Cristian Torres-Díaz,2026-10-05 22:25
W4390483333,Transformando la educación: el papel de la formación intercultural del profesorado para la integración de estudiantes migrantes internacionales,2024,S2736436140,https://doi.org/10.22458/ie.v26i40.4816,Teresa Marinelly Agreda Sigindioy,2026-10-05 22:25
W4390505363,Effects of different training methods in tele-exercise on acute performance decrement in adults with disability and wheelchair users,2024,S43413649,https://doi.org/10.1080/17483107.2023.2299720,Luis Felipe Castelli Correia de Campos,2026-10-05 22:25
W4390523568,Sistemas de gas licuado de petróleo: una revisión sobre lineamientos de diseño y dimensionamiento,2024,S2737434748,https://doi.org/10.17163/ings.n31.2024.07,Diego Venegas-Vásconez,2026-10-05 22:25
W4390538756,Scale Mixture of Exponential Distribution with an Application,2024,S4210192031,https://doi.org/10.3390/math12010156,Yolanda M. Gómez,2026-10-05 22:25
W4390539113,Improved Feedback Quantizer with Discrete Space Vector,2024,S101949793,https://doi.org/10.3390/s24010287,Pedro Melín,2026-10-05 22:25
W4390541154,A $$C^1$$-Conforming Arbitrary-Order Two-Dimensional Virtual Element Method for the Fourth-Order Phase-Field Equation,2024,S151550017,https://doi.org/10.1007/s10915-023-02409-w,Dibyendu Adak,2026-10-05 22:25
W4390576762,"Smart Medical Appointment Scheduling: Optimization, Machine Learning, and Overbooking to Enhance Resource Utilization",2024,S2485537415,https://doi.org/10.1109/access.2024.3349953,Catalina Valenzuela-Núñez; Guillermo Latorre-Núñez; Fredy Humberto Troncoso Espinosa,2026-10-05 22:25
W4390607922,"Análisis comparativo de los niveles de estrés laboral, satisfacción laboral y conciliación trabajo-familia entre los funcionarios de dos instituciones públicas",2024,S4210179423,https://doi.org/10.29393/ran10-4acmm30004,María Margarita Chiang Vega; Fernanda Cecilia Cabeza; María José Rivera Cerda,2026-10-05 22:25
W4390632376,A Legacy of Animosity in the Southern Cone of South America? Attitudes of Paraguayan Consumers Towards Argentina and Brazil,2024,S4210179423,https://doi.org/10.29393/ran10-5lams40005,José-Carlos Tello; Silvio Eduardo Becker,2026-10-05 22:25
W4390636717,Observations of river-wave interactions at a small-scale river mouth,2024,S71934726,https://doi.org/10.1016/j.coastaleng.2024.104456,Gonzalo S. Saldías,2026-10-05 22:25
W4390639059,Population structure and microscale morphological differentiation in a freshwater snail from the Chilean Altiplano,2024,S4210180929,https://doi.org/10.1186/s12862-023-02196-w,Moisés A. Valladares; Gonzalo A. Collado,2026-10-05 22:25
W4390662446,Sigma Phase Stabilization by Nb Doping in a New High-Entropy Alloy in the FeCrMnNiCu System: A Study of Phase Prediction and Nanomechanical Response,2024,S4210208383,https://doi.org/10.3390/met14010074,Ángelo Oñate; Christopher Salvo,2026-10-05 22:25
W4390726631,Estructura Factorial e Invarianza del Cuestionario Condiciones para Teletrabajo en el Hogar en Población Chilena,2024,S110868954,https://doi.org/10.7764/psykhe.2022.48215,Carlos Ossa Cornejo; Juan Pablo Hidalgo-Ortiz,2026-10-05 22:25
W4390745023,Oral administration of resveratrol reduces oxidative stress generated in the hippocampus of Wistar rats in response to consumption of ethanol,2024,S76576941,https://doi.org/10.3389/fnbeh.2023.1304006,Orietta Segura-Badilla,2026-10-05 22:25
W4390747291,What is happening with the clinical nutritionist? Realities and challenges,2024,S2764915710,https://doi.org/10.1016/j.clnesp.2024.01.006,Solange Liliana Parra-Soto,2026-10-05 22:25
W4390747674,Valuation of Active Chilean Employment Support Policies Seeking Economic Sustainability through Market Flows,2024,S10134376,https://doi.org/10.3390/su16020627,Yamil Arturo Chandía-Rodríguez; Rodrigo Linfati,2026-10-05 22:25
W4390749965,A finite element model for concentration polarization and osmotic effects in a membrane channel,2024,S155225502,https://doi.org/10.1002/fld.5252,David Mora; Jesus Vellojin,2026-10-05 22:25
W4390758233,Social-emotional education programs for primary education: Bibliometric and thematic analysis (2010–2020),2024,S4210202145,https://doi.org/10.54517/esp.v9i4.2222,Nelly Lagos San Martín; Evelyn Gladys Zagal Valenzuela; Tavita Andrea Barriga Silva,2026-10-05 22:25
W4390768550,Assessing Feed-Forward Backpropagation Artificial Neural Networks for Strain-Rate-Sensitive Mechanical Modeling,2024,S18714766,https://doi.org/10.3390/ma17020317,Ángelo Oñate,2026-10-05 22:25
W4390776597,Biomass characterization and solvent extraction as tools to promote phenol production from urban pruning,2024,S164770093,https://doi.org/10.1016/j.fuel.2023.130830,Serguei Alejandro-Martín,2026-10-05 22:25
W4390782347,School coexistence: Perceptions of education professionals belonging to the Ñuble region,2024,S4210202145,https://doi.org/10.54517/esp.v9i4.2168,Marcela del Carmen Concha Toro; Nelly Lagos San Martín; Carlos Ossa Cornejo,2026-10-05 22:25
W4390870638,Dynamics aspects and bifurcations of a tumor-immune system interaction under stationary immunotherapy,2024,S4210190100,https://doi.org/10.1016/j.mbs.2024.109145,Gladis Torres-Espino; Claudio Vidal,2026-10-05 22:25
W4390872071,Modeling and Solving the Time-Dependent in-Building Delivery Problem in Last-Mile Logistics,2024,S2485537415,https://doi.org/10.1109/access.2024.3354168,Guillermo Latorre-Núñez,2026-10-05 22:25
W4390949084,Influence of starch-protein interactions on the digestibility and chemical properties of a 3D-printed food matrix based on salmon by-product proteins,2024,S38919146,https://doi.org/10.1016/j.foodres.2024.114035,Nailín Carvajal-Mena; Gipsy Tabilo‐Munizaga; Mario Pérez‐Won; Carolina Herrera‐Lavados; Luis Moreno‐Osorio,2026-10-05 22:25
W4390950199,Investigating Storage Time to Minimize End-Splitting in Eucalyptus Nitens Logs,2024,S137835450,https://doi.org/10.22382/wfs-2023-20,Carlos Rozas; Marcia Vásquez; Patricia T. Vega; Arijit Sinha; Claudio Montero,2026-10-05 22:25
W4390961702,Effects of Short Retention Times and Ultrasound Pretreatment on Ammonium Concentration and Organic Matter Transformation in Anaerobic Digesters Treating Sewage Sludge,2024,S2739076822,https://doi.org/10.3390/fermentation10010063,Patricio Neumann,2026-10-05 22:25
W4390963972,Valorization of extracts from maqui (Aristotelia chilensis) and calafate (Berberis microphylla) biowaste blends by supercritical fluid and pressurized liquid extraction,2024,S4210201734,https://doi.org/10.1016/j.jafr.2023.100950,Horacio Fraguela-Meissimilly; José Miguel Bastías‐Montes; Yanara Tamarit‐Pino,2026-10-05 22:25
W4390979989,A weak Galerkin pseudostress-based mixed finite element method on polygonal meshes: application to the Brinkman problem appearing in porous media,2024,S117494069,https://doi.org/10.1007/s11075-024-01752-9,Zeinab Gharibi,2026-10-05 22:25
W4391106479,Modeling and solving the two-level generalized median tour problem,2024,S173256270,https://doi.org/10.1016/j.cor.2024.106558,Carlos Obreque,2026-10-05 22:25
W4391131466,Price of Anarchy in uniform parallel machines scheduling game with weighted completion time as social goal,2024,S20631277,https://doi.org/10.1051/ro/2024017,Felipe T. Muñoz; Ma José Sánchez Parra,2026-10-05 22:25
W4391163844,Deglutologist Practices and Perceptions of the Penetration-Aspiration Scale: A Survey Study,2024,S152176358,https://doi.org/10.1007/s00455-023-10637-3,Rodolfo E. Peña-Chávez,2026-10-05 22:25
W4391178051,"What is NExT? A new conceptual model for comfort, satisfaction, health, and well-being in buildings",2024,S56464651,https://doi.org/10.1016/j.buildenv.2024.111234,Paulina Wegertseder,2026-10-05 22:25
W4391215045,Numerical Solution of the Biot/Elasticity Interface Problem Using Virtual Element Methods,2024,S151550017,https://doi.org/10.1007/s10915-023-02444-7,David Mora; Nitesh Verma,2026-10-05 22:25
W4391234825,Concepciones de estudiantes de pregrado respecto de la formación en investigación en Trabajo Social en Chile,2024,S4210175692,https://doi.org/10.25100/prts.v0i37.13176,Carmen Gloria Jarpa Arriagada; Héctor Cárcamo Vásquez; Marcelo Andrés Gallegos Fuentes,2026-10-05 22:25
W4391241696,Experimental investigation of hydrogen-producer gas mixtures in an optically accessible SI engine,2024,S48860480,https://doi.org/10.1016/j.ijhydene.2024.01.165,Daniel Travieso Pedroso,2026-10-05 22:25
W4391269997,Disruption of the Mouse Blood-Brain Barrier by Small Extracellular Vesicles from Hypoxic Human Placentas,2024,S199738284,https://doi.org/10.3791/65867,Hermes Sandoval; José León; Felipe Troncoso; Moisés Contreras; Belén Ibáñez; Jesenia Acurio; Carlos Escudero,2026-10-05 22:25
W4391311563,When should the regulator be left alone in the commons? How fishing cooperatives can help ameliorate inefficiencies,2024,S165058066,https://doi.org/10.1016/j.reseneeco.2024.101434,Juan Rosas-Muñoz,2026-10-05 22:25
W4391347451,Feasibility of increasing calcium content of drinking tap water following quality regulations to improve calcium intake at population level,2024,S4210224510,https://doi.org/10.12688/gatesopenres.15184.1,Eduard Antonio Maury-Sintjago,2026-10-05 22:25
W4391392478,"Arsenic, lead and cadmium concentration in food and estimated daily intake in the Cuban population and the health risks using a Total Diet Study",2024,S175163693,https://doi.org/10.1080/03601234.2024.2306108,José Miguel Bastías‐Montes,2026-10-05 22:25
W4391449375,"Imaginarios del poemario Cipango de Thomas Harris. Espacios baldíos, represión y violencia en la calle Orompello de Concepción",2024,S2737190872,https://doi.org/10.22320/07196466.2024.42.065.06,Leonardo Muñoz-Morales; Jessica Solange Fuentealba Quilodrán; R. Muñoz-Rodriguez,2026-10-05 22:25
W4391470589,Estilos de aprendizaje en relación al rendimiento académico en modalidad virtual de estudiantes de carreras del área de la salud,2024,S2738064548,https://doi.org/10.19083/ridu.2024.1833,Ángela Astudillo-Araya; Marcela Espinoza-Espinoza; Braulio Sandoval-Contreras,2026-10-05 22:25
W4391502945,Mixed variational formulations of virtual elements for the polyharmonic operator (−Δ),2024,S4210205691,https://doi.org/10.1016/j.camwa.2024.01.013,David Mora,2026-10-05 22:25
W4391534465,Distribution of invasive bivalves in Paraguay: filling the gaps in the heart of South America,2024,S21751909,https://doi.org/10.1590/s2179-975x5423,Rebeca Carballo,2026-10-05 22:25
W4391564053,Mental workload according to sociodemographic and occupational characteristics of professionals in charge of health programs,2024,S4210220314,https://doi.org/10.47626/1679-4435-2024-1245,Carolina Luengo Martínez; Jaime Sebastián Castro-Zapata; Nicole Constanza Guíñez-Pérez,2026-10-05 22:25
W4391692383,The association between motivation and diet quality in older runners,2024,S4210171381,https://doi.org/10.3233/nha-231515,Solange Liliana Parra-Soto,2026-10-05 22:25
W4391696990,cKd-tree: A Compact Kd-tree,2024,S2485537415,https://doi.org/10.1109/access.2024.3365054,Gilberto Gutiérrez,2026-10-05 22:25
W4391748557,Fried-Yennie Gauge in Pseudo-QED,2024,S195231649,https://doi.org/10.3390/e26020157,Ana Júlia Mizher; Alfredo Raya,2026-10-05 22:25
W4391780796,A posteriori error analysis of a semi‐augmented finite element method for double‐diffusive natural convection in porous media,2024,S19633754,https://doi.org/10.1002/num.23090,Eligio Colmenares,2026-10-05 22:25
W4391836774,Factorizing two-loop vacuum sum-integrals,2024,S187585107,https://doi.org/10.1007/jhep02(2024)104,Andrei I. Davydychev; Pablo Navarrete; York Schröder,2026-10-05 22:25
W4391844387,Yukawa potential under weak magnetic field,2024,S4210238307,https://doi.org/10.1103/physrevd.109.034014,Cristian Villavicencio,2026-10-05 22:25
W4391875835,Towards the development of performance-efficient compressed earth blocks from industrial and agro-industrial by-products,2024,S68497187,https://doi.org/10.1016/j.rser.2024.114323,Ángelo Oñate,2026-10-05 22:25
W4391927657,Impact of Probabilistic Modeling Alternatives on the Seismic Fragility Analysis of Reinforced Concrete Dual Wall–Frame Buildings towards Resilient Designs,2024,S10134376,https://doi.org/10.3390/su16041668,Marco F. Gallegos,2026-10-05 22:25
W4392018140,Enterprise Architecture and IT Governance to Support the BizDevOps Approach: a Systematic Mapping Study,2024,S181659395,https://doi.org/10.1007/s10796-024-10473-2,L Caro,2026-10-05 22:25
W4392041708,Application of Environmental and Biological Frequency Indicators to Assess the Serpula lacrymans Fungus in Wooden Dwellings,2024,S4210191137,https://doi.org/10.3390/buildings14030589,Rodrigo Espinoza Maldonado; Ariel Bobadilla,2026-10-05 22:25
W4392088528,Repensando la gestión educativa de la escuela en el contexto mapuche,2024,S2737677493,https://doi.org/10.24320/redie.2024.26.e01.5528,Héctor Torres Cuevas,2026-10-05 22:25
W4392091357,"\(\textbf{(}\boldsymbol{\mathbb{R}}^{\textbf{3}} \boldsymbol{\times } \boldsymbol{SO(3)} \boldsymbol{\times } \boldsymbol{\mathbb{T}}^{\textbf{6}}\textbf{)}\)-Reduction, Relative Equilibria, and Bifurcations for the Full Averaged Model of Two Interacting Rigid Bodies",2024,S161160597,https://doi.org/10.1137/23m158125x,Francisco Crespo; D. E. Espejo,2026-10-05 22:25
W4392147758,Parametric Quantile Beta Regression Model,2024,S17395904,https://doi.org/10.1111/insr.12564,Diego Ignacio Gallardo,2026-10-05 22:25
W4392156578,Comparative analysis of speech assessment tools for individuals with dysarthria in Chile and worldwide,2024,S4387280997,https://doi.org/10.56294/saludcyt2024626,Marcela Sanhueza-Garrido; Virginia García-Flores; Carlos Rojas; Jaime Crisosto-Alarcón,2026-10-05 22:25
W4392173977,Parallel Algorithm for Discovering and Comparing Three-Dimensional Proteins Patterns,2024,S36029991,https://doi.org/10.1109/tcbb.2024.3367789,Alejandro Valdés-Jiménez,2026-10-05 22:25
W4392195272,Credit card repayments in a Latin American country: a psychological perspective,2024,S4210179427,https://doi.org/10.1108/arla-05-2023-0081,Edinson Cornejo-Saavedra,2026-10-05 22:25
W4392195559,"Insecticidal, antifeedant and acetylcholinesterase inhibitory activity of sesquiterpenoids derived from eudesmane, their molecular docking and QSAR",2024,S9324707,https://doi.org/10.1016/j.pestbp.2024.105841,Pastene-Navarrete Edgar; Quiroz-Carreño Soledad; Céspedes-Acuña Carlos; Alarcon E. Julio,2026-10-05 22:25
W4392240532,Existence of Traveling Waves of a Diffusive Susceptible–Infected–Symptomatic–Recovered Epidemic Model with Temporal Delay,2024,S4210192031,https://doi.org/10.3390/math12050710,Luis Miguel Villada,2026-10-05 22:25
W4392282648,Competencias de razonamiento lógico-matemático: niveles de logro y desafíos para la formación inicial docente,2024,S4210193637,https://doi.org/10.32870/dse.v0i29.1330,Universidad del Bío Bío; Carlos Rodríguez Garcés; David Romero Garrido; Universidad del Bío Bío,2026-10-05 22:25
W4392283603,Word or pseudoword? The lexicality effect in naming and lexical decision tasks during advanced aging,2024,S202381698,https://doi.org/10.1371/journal.pone.0299266,Carlos Rojas; Marilyn San Martín Cofré,2026-10-05 22:25
W4392294081,IMPACT OF DOLOMITE AND OLIVINE USE ON THE GASIFICATION MECHANISM OF SOLID ORANGE WASTE. COMPARISON WITH NON-CATALYZED GASIFICATION,2024,S135704260,https://doi.org/10.6036/11037,DANIEL TRAVIESO PEDROSO,2026-10-05 22:25
W4392297364,Resistencias políticas,2024,S4393917660,https://doi.org/10.24215/26837684e013,Eduardo Solís Álvarez,2026-10-05 22:25
W4392348809,Desafíos de la Innovación Educativa en Contexto de la Formación de Maestros,2024,S4210182600,https://doi.org/10.37811/cl_rcm.v8i1.9838,Mónica Cardona Valencia,2026-10-05 22:25
W4392369551,Effects of an Educational Intervention Program on Positional Cranial Deformity in Premature Infants,2024,S2736895435,https://doi.org/10.3390/children11030302,Ximena Díaz-Martínez,2026-10-05 22:25
W4392380754,Sporadic-E studies over Southern Hemisphere geomagnetic mid-latitudes,2024,S207559368,https://doi.org/10.1016/j.jastp.2024.106200,M.A. Arriagada; P.A. Flores,2026-10-05 22:25
W4392393744,Nivel de comunicación familiar y autoeficacia en pacientes con Diabetes Mellitus tipo 2 en atención primaria de salud,2024,S2738008052,https://doi.org/10.58807/indexenferm16360,Romina Gabriela Moraga Jaramillo; Natalia Bello-Escamilla; Rosa Castillo Olate; Aracely Arriagada Llanos; Paula Cuevas Martínez; Camila Valenzuela Vejar,2026-10-05 22:25
W4392438764,Medium voltage level power control using distributed photo-voltaic generation and hydrogen storage,2024,S168377509,https://doi.org/10.1016/j.ijepes.2024.109858,Miguel Parada Contzen,2026-10-05 22:25
W4392456529,Inclusion of individuals with autism spectrum disorder in Software Engineering,2024,S205010575,https://doi.org/10.1016/j.infsof.2024.107434,Gastón Márquez,2026-10-05 22:25
W4392459694,Identifying Strategies for Effective Biodiversity Preservation and Species Status of Chilean Amphibians,2024,S153489431,https://doi.org/10.3390/biology13030169,Marcela A. Vidal; Nayadet Henríquez; Cristian Torres‐Díaz; Gonzalo A. Collado,2026-10-05 22:25
W4392637155,Invasive New and Old World freshwater species in isolated springs of the Atacama Desert: implications for native species,2024,S33142482,https://doi.org/10.1080/00288330.2024.2324873,Gonzalo A. Collado; Rebeca Carballo,2026-10-05 22:25
W4392641358,Historical catastrophic floods at the southern edge of the Atacama Desert: A multi-archive reconstruction of the Copiapó river extreme events,2024,S63048404,https://doi.org/10.1016/j.gloplacha.2024.104411,Diego Ignacio Gallardo,2026-10-05 22:25
W4392653215,Applicability and usefulness of pupillometry in the study of lexical access. A scoping review of primary research,2024,S9692511,https://doi.org/10.3389/fpsyg.2024.1372912,Carlos Rojas; Yuri Esperanza Vega Rodríguez; Gabriel Lagos Riveros; María Gabriela Cabrera-Miguieles; Yasna Sandoval; Jaime Crisosto-Alarcón,2026-10-05 22:25
W4392698877,Molecular Design and Spodumene Flotation—A Review,2024,S10623703,https://doi.org/10.3390/ijms25063227,Gonzalo R. Quezada,2026-10-05 22:25
W4392718542,Educação Estatística: pesquisas e perspectivas contemporâneas,2024,S2737338367,https://doi.org/10.14393/er-v31e2024-01,Francisco Rodríguez-Alveal,2026-10-05 22:25
W4392747410,Stress factors and food purchase prioritization during the pandemic of coronavirus disease 2019,2024,S2764915710,https://doi.org/10.1016/j.clnesp.2024.03.001,Solange Liliana Parra-Soto,2026-10-05 22:25
W4392749756,"A temporal analysis of the consequences of the drought regime on the water footprint of agriculture in the Guadalupe Valley, Mexico",2024,S196734849,https://doi.org/10.1038/s41598-024-56407-5,Ramón Ahumada-Rudolph,2026-10-05 22:25
W4392763502,Voice-Controlled Robotics in Early Education: Implementing and Validating Child-Directed Interactions Using a Collaborative Robot and Artificial Intelligence,2024,S4210205812,https://doi.org/10.3390/app14062408,Cristhian A. Aguilera; Cristhian A. Aguilera; Angela Castro; Cristhian Aguilera; Cristhian Aguilera,2026-10-05 22:25
W4392768317,M-DETR: Multi-scale DETR for Optical Music Recognition,2024,S13144211,https://doi.org/10.1016/j.eswa.2024.123664,Joel Fuentes,2026-10-05 22:25
W4392806201,Lexical ambiguities in statistics declared by in training and in-service teachers,2024,S2764699309,https://doi.org/10.29333/ejmste/14359,Francisco Rodríguez-Alveal; Ana Carolina Maldonado Fuentes,2026-10-05 22:25
W4392811761,Maximizing bolaina wood utilization: extraction of cellulose nanofibers from sawdust waste,2024,S61428987,https://doi.org/10.1007/s00107-024-02061-7,William Gacitúa; Cecilia Bustos; María Graciela Aguayo,2026-10-05 22:25
W4392853419,Electricity Generation under the Climate Change Situation in Latin America: Trends and Challenges,2024,S2764470041,https://doi.org/10.32479/ijeep.15226,José P. Undurraga,2026-10-05 22:25
W4392916990,A Modified Cure Rate Model Based on a Piecewise Distribution with Application to Lobular Carcinoma Data,2024,S4210192031,https://doi.org/10.3390/math12060883,Yolanda M. Gómez; Diego Ignacio Gallardo,2026-10-05 22:25
W4392947086,Differential scanning calorimetry in drug-membrane interactions,2024,S151589183,https://doi.org/10.1016/j.bbrc.2024.149806,Karla Petit; José R. Colina,2026-10-05 22:25
W4392948597,A Banach spaces-based fully mixed virtual element method for the stationary two-dimensional Boussinesq equations,2024,S165473669,https://doi.org/10.1016/j.cam.2024.115885,Zeinab Gharibi,2026-10-05 22:25
W4392971938,Quark anomalous magnetic moment in an extreme magnetic background from perturbative QCD,2024,S4210238307,https://doi.org/10.1103/physrevd.109.116018,Cristian Villavicencio,2026-10-05 22:25
W4392982489,Thermodynamics of water vapor sorption of fiber-reinforced starch films,2024,S130536152,https://doi.org/10.1007/s10570-024-05857-1,Erik Alpizar-Reyes,2026-10-05 22:25
W4393021146,Exploring the social metabolism of urban wastewater reuse: Analysis framework and a case study in South-Central Chile,2024,S163634330,https://doi.org/10.1016/j.scs.2024.105349,Patricio Neumann; Steven Hidalgo; M.Y. Tolentino Diaz; Carlos Quintana,2026-10-05 22:25
W4393025091,Surveillance of the recurrence time of the effectiveness of national and region-level quarantines of COVID-19 pandemic in Chile,2024,S202381698,https://doi.org/10.1371/journal.pone.0295368,Francisco Fernando Novoa,2026-10-05 22:25
W4393073694,Improving the Composition and Bioactivity of Cocoa (Theobroma cacao L.) Bean Shell Extract by Choline Chloride-Lactic Acid Natural Deep Eutectic Solvent Extraction Assisted by Pulsed Electric Field Pre-Treatment,2024,S54368951,https://doi.org/10.1007/s11130-024-01163-0,Elaine Benítez‐Correa; José Miguel Bastías‐Montes; Sergio Acuña Nelson; Tatiana Beldarraín-Iznaga; Mario Pérez Wong,2026-10-05 22:25
W4393155936,Gevrey Class for Locally Three-Phase-Lag Thermoelastic Beam System,2024,S104354797,https://doi.org/10.1007/s00245-024-10125-6,Jaime E. Muñoz Rivera,2026-10-05 22:25
W4393169183,Prologue for a “Weak”,2024,S11201563,https://doi.org/10.1080/10464883.2024.2303922,Claudio Araneda,2026-10-05 22:25
W4393372038,Evaluation of Machine Learning Techniques for Classifying and Balancing Data on an Unbalanced Mini-Mental State Examination Test Data Collection Applied in Chile,2024,S2485537415,https://doi.org/10.1109/access.2024.3383837,Gastón Márquez,2026-10-05 22:25
W4393384982,"Relación familia-escuela, si… pero no tanto. Representaciones sociales del profesorado en formación",2024,S2739091560,https://doi.org/10.21703/rexe.v23i51.2234,Héctor Cárcamo Vásquez,2026-10-05 22:25
W4393390335,In vitro digestibility of rice and tapioca starch-based hydrogels produced by high-pressure processing (HPP),2024,S130676932,https://doi.org/10.1016/j.ifset.2024.103646,Dominique Larrea-Wachtendorff,2026-10-05 22:25
W4393860286,Physicochemical and Nutritional characteristics of tomato seed meal from waste of a tomato processing plant,2024,S4210239336,https://doi.org/10.22533/at.ed.973452403041,Orietta Segura Badilla,2026-10-05 22:25
W4393866317,"Transformación del espacio fluvial urbano y sus efectos sobre la conectividad social, el caso de Valdivia (1909-2020)",2024,S2737067835,https://doi.org/10.5821/ace.18.54.11931,Edison Leandro Salinas Varela; Ignacio Bisbal Grandal; Aarón Tolindor Napadensky Pastene,2026-10-05 22:25
W4393871213,Existence and Exponential Decay for a Contact Problem Between Two Dissipative Beams,2024,S154050210,https://doi.org/10.1007/s10659-024-10064-x,Jaime E. Muñoz Rivera,2026-10-05 22:25
W4393872411,In vitro anti-tumoral and immunomodulatory effects of acidic polysaccharides isolated from the fungus Gloeosoma mirabile,2024,S205999849,https://doi.org/10.1080/14786419.2024.2335351,Jaime R. Cabrera‐Pardo,2026-10-05 22:25
W4393965301,Finite element analysis of the Oseen eigenvalue problem,2024,S40006715,https://doi.org/10.1016/j.cma.2024.116959,Felipe Lepe,2026-10-05 22:25
W4394014934,Dynamic mechanical analysis of asphalt mortar samples containing millimetre-size capsules for self-healing purposes,2024,S122730748,https://doi.org/10.1016/j.powtec.2024.119735,José L. Concha; Luis Ernesto Arteaga-Pérez; José Norambuena-Contreras,2026-10-05 22:25
W4394582042,Development and evaluation of a new instrument that measures motivation towards academic achievement (IMLA) in higher education,2024,S4210208655,https://doi.org/10.47577/tssj.v56i1.10823,Nelly Lagos San Martín; Maritza Palma,2026-10-05 22:25
W4394596944,"exploración de la teoría vernacular y la producción informal del espacio público: caso Piura, Perú",2024,S4210209653,https://doi.org/10.4206/aus.2023.n34-07,Stella Schroeder,2026-10-05 22:25
W4394597212,Espacio público en la Araucanía: Imaginarios urbanos y reconfiguración de la plaza republicana en la Frontera,2024,S4210209653,https://doi.org/10.4206/aus.2023.n34-09,Pablo Fuentes Hernández,2026-10-05 22:25
W4394618542,A bioinformatic approach to identify confirmed and probable CRISPR–Cas systems in the Acinetobacter calcoaceticus–Acinetobacter baumannii complex genomes,2024,S2484704948,https://doi.org/10.3389/fmicb.2024.1335997,Julio Parra‐Flores,2026-10-05 22:25
W4394621508,"Adherence to the Eatwell Guide and cardiometabolic, cognitive and neuroimaging parameters: an analysis from the PREVENT dementia study",2024,S69338484,https://doi.org/10.1186/s12986-024-00794-z,Solange Liliana Parra-Soto,2026-10-05 22:25
W4394629604,Anomalous second harmonic generation of twisted Gaussian Schell model beams,2024,S112574528,https://doi.org/10.1016/j.optlastec.2024.110983,Gustavo Cañas,2026-10-05 22:25
W4394674143,A two-lane bidirectional nonlocal traffic model,2024,S151579836,https://doi.org/10.1016/j.jmaa.2024.129027,Luis Miguel Villada,2026-10-05 22:25
W4394674191,LA CONFIANZA Y CERCANÍA ENTRE DOCENTE Y ALUMNADO: ¿DETERIORA LA JERARQUÍA DENTRO DE LA ESCUELA?,2024,S4390297081,https://doi.org/10.22320/reined.v6i1.6462,Matías Saldía Cataldo,2026-10-05 22:25
W4394674200,EDUCADORES SIGNIFICATIVOS “UN APORTE PARA LAS HABILIDADES SOCIOEMOCIONALES DEL ESTUDIANTADO”,2024,S4390297081,https://doi.org/10.22320/reined.v6i1.6461,Francisca Rutllant Barría,2026-10-05 22:25
W4394674834,AGENDAS INVESTIGATIVAS DE LIDERAZGO EN EDUCACIÓN: UNA PANORÁMICA DESDE LA INVESTIGACIÓN PUBLICADA EN DIFERENTES REVISTAS,2024,S4390297081,https://doi.org/10.22320/reined.v6i1.6457,Nabil Marzuka-Nassr,2026-10-05 22:25
W4394675257,Democracia Como Sustento Del Desarrollo Económico Y Empresarial: Posicionamiento De Marca De Partidos Políticos Chilenos.,2024,S4210205524,https://doi.org/10.15443/ruta2023192,Paulina de Fátima Pinchart Urrutia,2026-10-05 22:25
W4394675527,Intra and interspecific variation in thermal performance and critical limits in anurans from southern Chile,2024,S39195600,https://doi.org/10.1016/j.jtherbio.2024.103851,Marcela A. Vidal,2026-10-05 22:25
W4394690223,Bioactive extracts from grape (Vitis vinifera L. cv. País) leaves: Characterization and encapsulation in poly-3-hydroxybutyrate-co-3-valerate microparticles,2024,S2764726840,https://doi.org/10.1016/j.fbio.2024.103968,Edgar Pastene,2026-10-05 22:25
W4394693387,EL ESTADO Y LA EDUCACIÓN: PODER Y GESTIÓN EN LA IMPLEMENTACIÓN DE POLÍTICAS EDUCATIVAS,2024,S4390297081,https://doi.org/10.22320/reined.v6i1.6467,Teresa Marinelly Agreda Sigindioy,2026-10-05 22:25
W4394693441,Asphalt pyro-rejuvenators based on waste tyres: An approach to improve the rheological and self-healing properties of aged binders,2024,S58516903,https://doi.org/10.1016/j.jclepro.2024.142179,Manuel Chávez-Delgado; José R. Colina; Claudio Álvarez; Luis Ernesto Arteaga-Pérez; José Norambuena-Contreras,2026-10-05 22:25
W4394693678,"INFLUENCIA DE LAS COMPETENCIAS SOCIOEMOCIONALES, EN EL DESARROLLO DE LA FORMACIÓN POR COMPETENCIAS EN ESTUDIANTES DE EDUCACIÓN SUPERIOR",2024,S4390297081,https://doi.org/10.22320/reined.v6i1.6465,Perla Ávila Pinto; Guiselle Núñez Sepúlveda; Luis Quitral San Martín,2026-10-05 22:25
W4394693747,REFLEXIÓN CONCEPTUAL E HISTÓRICA DE LAS POLÍTICAS PÚBLICAS Y EDUCATIVAS: ACCIONES Y DIRECCIONES DESDE LA CRITICIDAD,2024,S4390297081,https://doi.org/10.22320/reined.v6i1.6463,Patricio Guzmán Contreras,2026-10-05 22:25
W4394693862,ESTUDIOS SOBRE CONVIVENCIA ESCOLAR EN CHILE EN LOS ÚLTIMOS 10 AÑOS,2024,S4390297081,https://doi.org/10.22320/reined.v6i1.6459,Carla Yévenes Montoya,2026-10-05 22:25
W4394695416,Comunicación Política En Un Mundo Global: Una Aplicación De Marketing Político,2024,S4210205524,https://doi.org/10.15443/ruta2023350,P. Pinchard Urrutia,2026-10-05 22:25
W4394726765,An Extension of the Fréchet Distribution and Applications,2024,S4210173132,https://doi.org/10.3390/axioms13040253,Yolanda M. Gómez,2026-10-05 22:25
W4394728176,Spatial issues in social work education in Chile: curriculum analysis of universities and professional institutes,2024,S1627031,https://doi.org/10.1080/02615479.2024.2338420,Felipe Saravia; Francisca Díaz,2026-10-05 22:25
W4394743027,"Efectividad de las vacunas contra la influenza en personas mayores de la región de Ñuble, años 2015, 2017 y 2019",2024,S4306526293,https://doi.org/10.5354/0719-5281.2023.74348,Carlos Weitzel; Carmen Luz Muñoz-Mendoza,2026-10-05 22:25
W4394804197,Magnetic field dependence of the neutral pion longitudinal screening mass in the linear sigma model with quarks,2024,S4210238307,https://doi.org/10.1103/physrevd.109.074019,Ana Júlia Mizher; Cristian Villavicencio,2026-10-05 22:25
W4394833838,"Explaining attitudes toward South-South immigrants: The relevant roles of contact quality, similarity and social dominance orientation in a Chilean case",2024,S174538591,https://doi.org/10.1016/j.ijintrel.2024.101972,Diego Ignacio Gallardo Mateluna,2026-10-05 22:25
W4394848339,Data-driven representative models to accelerate scaled-up atomistic simulations of bitumen and biobased complex fluids,2024,S4210202120,https://doi.org/10.1039/d3dd00245d,José Norambuena-Contreras,2026-10-05 22:25
W4394852237,Muscleness and fatness phenotypes for diabetes and hypertension prediction from the Chilean National Health Survey 2016-17,2024,S4387280997,https://doi.org/10.56294/saludcyt2024814,Carmen Luz Muñoz-Mendoza,2026-10-05 22:25
W4394910183,Finite element approximation for an axisymmetric time-dependent acoustic problem,2024,S165473669,https://doi.org/10.1016/j.cam.2024.115940,José Querales; Pablo Venegas,2026-10-05 22:25
W4394913418,Nudges versus prices: Lessons and challenges from a water-savings program,2024,S94499970,https://doi.org/10.1016/j.eneco.2024.107546,Francisco Hernández,2026-10-05 22:25
W4394985321,Catalytic photo-degradation of brilliant green and bacterial disinfection of Escherichia coli by the action of Y2Ti2O7/AgO films,2024,S106928643,https://doi.org/10.1016/j.ceramint.2024.04.255,Luis Fernández; Diana Isabel Correa; Mathías Seguel; Cristian Suarez; Martín Bustamante; C.F. Caro; Patricia Jana; G. Cabello,2026-10-05 22:25
W4394989968,A three-phase algorithm for the pollution traveling Salesman problem,2024,S2898612692,https://doi.org/10.1016/j.heliyon.2024.e29958,Karen García; Rodrigo Linfati,2026-10-05 22:25
W4395000965,Impacto de la pandemia de COVID-19 en la calidad de vida de para-atletas con lesiones cerebrales,2024,S4210222891,https://doi.org/10.33155/ramd.v16i3-4.1022,Luis Felipe Castelli Correia de Campos,2026-10-05 22:25
W4395001188,Análisis de la composición corporal de los jugadores de la selección española de fútbol para ciegos,2024,S4210222891,https://doi.org/10.33155/ramd.v16i3-4.1112,Luis Felipe Castelli Correia de Campos,2026-10-05 22:25
W4395017454,Brazilian Women in Paralympic Sports: Uncovering Historical Milestones in the Summer Paralympic Games,2024,S18225753,https://doi.org/10.1123/apaq.2023-0139,Luiz Gustavo Teixeira Fabrício dos Santos; Africa Alejandra Ortuño Torres; Luis Felipe Castelli Correia de Campos,2026-10-05 22:25
W4395026711,Assessing the effectiveness of static heuristics for scheduling lumber orders in the sawmilling production process,2024,S967659979,https://doi.org/10.22320/s0718221x/2024.39,Francisco Vergara,2026-10-05 22:25
W4395038398,Satellite-Derived Variability of Sea Surface Salinity and Geostrophic Currents off Western Patagonia,2024,S43295729,https://doi.org/10.3390/rs16091482,Gonzalo S. Saldías; Pedro A. Figueroa; David Carrasco,2026-10-05 22:25
W4395043892,Open-Pit Pushback Optimization by a Parallel Genetic Algorithm,2024,S2737336974,https://doi.org/10.3390/min14050438,Carlos Rey,2026-10-05 22:25
W4395074223,Efecto del entrenamiento de Taekwondo sobre el control glucémico en personas con Diabetes Mellitus tipo 1 de 13 y 14 años: Un Estudio Piloto (Effect of Taekwondo training on glycemic control in 13 and 14-year-old people with type 1 Diabetes Mellitus from a Taekwondo school in Concepción: A Pilot Study),2024,S2738013834,https://doi.org/10.47197/retos.v56.102330,Jaime Pacheco-Carrillo,2026-10-05 22:25
W4395110051,Discurso Narrativo y Vocabulario en población con Trastornos del Espectro Alcohólico Fetal (TEAF). Estudio de Casos,2024,S4210169275,https://doi.org/10.5354/0719-4692.2024.71643,Yuri Esperanza Vega Rodríguez,2026-10-05 22:25
W4395464589,Exponential stabilization of a structural acoustic model arising in the control of noise,2024,S4210195884,https://doi.org/10.1007/s40314-024-02734-2,Jaime Muñoz,2026-10-05 22:25
W4395468022,Adsorption of Brilliant blue FCF (B1) and Allura Red (R40) colorants on cocoa shell: kinetics of the process,2024,S105158365,https://doi.org/10.15446/rev.colomb.quim.v52n2.110635,Alex Ariel Fernández-Andrade; Kevin Jhon Fernández-Andrade,2026-10-05 22:25
W4395662880,Efficient single-step mechanosynthesis route of nanostructured Hf0.2Nb0.2Ta0.2V0.2Zr0.2C0.5N0.5 High Entropy Carbonitride Powder,2024,S106928643,https://doi.org/10.1016/j.ceramint.2024.04.347,Christopher Salvo,2026-10-05 22:25
W4395689853,Risk perception and production risk in seaweed aquaculture,2024,S90033409,https://doi.org/10.1080/13657305.2024.2342270,César Salazar; Francisco Hernández,2026-10-05 22:25
W4395954642,Image classification using deep and classical machine learning models on small datasets: a complete comparative,2024,S164249298,https://doi.org/10.19153/cleiej.27.1.1,Clemente Rubio-Manzano,2026-10-05 22:25
W4396555696,Adherence to dietary recommendations by socioeconomic status in the United Kingdom biobank cohort study,2024,S2596909297,https://doi.org/10.3389/fnut.2024.1349538,Solange Liliana Parra-Soto,2026-10-05 22:25
W4396579908,Physical and Mechanical Properties of Fiberboard Made of MDF Residues and Phase Change Materials,2024,S71324801,https://doi.org/10.3390/f15050802,Gustavo E. Rodríguez; Cecilia Bustos,2026-10-05 22:25
W4396592729,Periodic solutions in a 2D-symmetric Hamiltonian system through reduction and averaging method,2024,S195495005,https://doi.org/10.1080/14689367.2024.2349563,Dante Carrasco-Olivera,2026-10-05 22:25
W4396598373,Satisfaction with public goods provision and citizen preferences for institutional changes: Evidence from the dictatorship‐era constitution in Chile,2024,S91661715,https://doi.org/10.1111/kykl.12385,Andrés Acuña; Javier Antonio León Aravena; César Salazar,2026-10-05 22:25
W4396607109,Vertical jump performance in athletes with cerebral palsy,2024,S2738013834,https://doi.org/10.47197/retos.v56.102742,Luiz Gustavo Teixeira Fabrício dos Santos,2026-10-05 22:25
W4396609733,Nonconforming virtual element methods for velocity-pressure Stokes eigenvalue problem,2024,S24251679,https://doi.org/10.1016/j.apnum.2024.04.009,Dibyendu Adak,2026-10-05 22:25
W4396611717,"Morphological and Molecular Identification of Ulva spp. (Ulvophyceae; Chlorophyta) from Algarrobo Bay, Chile: Understanding the Composition of Green Tides",2024,S4210230202,https://doi.org/10.3390/plants13091258,Gonzalo S. Saldías,2026-10-05 22:25
W4396623832,"Biogeochemical Response of the Water Column of Concepción Bay, Chile, to a New Regime of Atmospheric and Oceanographic Variability",2024,S4210231481,https://doi.org/10.3390/geosciences14050125,Gonzalo S. Saldías,2026-10-05 22:25
W4396640825,"Vacuum microwave drying of PEF-pretreated Chilean abalone (Concholepas Concholepas) slices: drying features, sustainability parameters, and protein quality properties",2024,S4210203431,https://doi.org/10.1186/s43014-023-00202-8,Mario Pérez‐Won; Luis González-Cavieres; Anais Palma-Acevedo; Erick Jara-Quijada; Gipsy Tabilo‐Munizaga,2026-10-05 22:25
W4396641036,DESERCIÓN DOCENTE A LOS OJOS DE LA HIPERMODERNIDAD,2024,S4390297081,https://doi.org/10.22320/reined.v6i1.6497,Tavita Barriga Silva,2026-10-05 22:25
W4396641120,UN ESTUDIO DESDE LAS NARRATIVAS DOCENTES EN SU EXPERIENCIA DE INMERSIÓN EN EL EJERCICIO PROFESIONAL,2024,S4390297081,https://doi.org/10.22320/reined.v6i1.6498,Bárbara Ivonne Navarrete Mora,2026-10-05 22:25
W4396641364,INCIDENCIA DE LA ANSIEDAD ANTE LA EVALUACIÓN EN LA COMPRENSIÓN LECTORA DE ESTUDIANTES DE EDUCACIÓN SECUNDARIA,2024,S4390297081,https://doi.org/10.22320/reined.v6i1.6492,Rosa Anabalón Villa,2026-10-05 22:25
W4396660519,Estructura de los objetivos terapéuticos formulados por fonoaudiólogos/as en la intervención de usuarios/as con necesidades vocales,2024,S4210201465,https://doi.org/10.1590/1982-0216/202426312523s,Jaime Crisosto-Alarcón,2026-10-05 22:25
W4396660566,Structure of treatment goals set by expert voice-specialized speech-language pathologists for patients with vocal needs,2024,S4210201465,https://doi.org/10.1590/1982-0216/202426312523,Jaime Crisosto-Alarcón,2026-10-05 22:25
W4396672708,Advanced thermoconversion technology for municipal solid waste energetic valorization,2024,S815301,https://doi.org/10.1016/j.renene.2024.120604,Daniel Travieso Pedroso,2026-10-05 22:25
W4396678560,Percepción de experiencias de vida universitaria del estudiantado de educación superior con TDAH,2024,S4210189937,https://doi.org/10.18861/cied.2024.15.1.3608,Nelly Lagos San Martín; Katherine Betancourt Gallegos,2026-10-05 22:25
W4396684589,"Multifunctional nano-in-microparticles for targeted lung cancer cells: Synthesis, characterization and efficacy assessment",2024,S2898120712,https://doi.org/10.1016/j.mtchem.2024.102072,Yuly Andrea Guarín-González; G. Cabello; Galo Cárdenas-Triviño,2026-10-05 22:25
W4396763243,"Oocyte size, early development and hybridisation in two sympatric Chilean species of Fissurella (Mollusca: Vetigastropoda) under laboratory conditions",2024,S99545789,https://doi.org/10.1080/03014223.2024.2351891,Gonzalo A. Collado; Donald I. Brown,2026-10-05 22:25
W4396783490,Historia de una profesión docente: hitos fundacionales del profesorado de historia en Chile (1889-1958),2024,S4210188114,https://doi.org/10.29393/at528-5hpot10005,Omar Turra-Díaz,2026-10-05 22:25
W4396826858,"They choose less, but do better: the paradoxical behavior of women in the engineering field",2024,S144374558,https://doi.org/10.19137/praxiseducativa-2024-280212,"Universidad del Bío-Bío, Chile; Carlos Rodríguez Garcés; David Romero Garrido; Denisse Espinosa-Valenzuela",2026-10-05 22:25
W4396829036,Virtual element methods for Biot–Kirchhoff poroelasticity,2024,S102439543,https://doi.org/10.1090/mcom/3983,David Mora,2026-10-05 22:25
W4396851788,La admisión especial universitaria: aportes y externalidades del Programa de Acompañamiento y Acceso Efectivo a la Educación Superior (PACE) de Chile a la inclusión social e igualdad de oportunidades,2024,S4210237493,https://doi.org/10.30545/academo.2024.may-ago.5,Carlos Rodríguez Garcés; David Romero Garrido; Denisse Espinosa-Valenzuela; Geraldo Padilla Fuentes,2026-10-05 22:25
W4396861887,Políticas gerencialistas en la gestión educativa en un contexto de cuasimercado educativo: ¿gestionar el cambio o cambiar la gestión?,2024,S4210237110,https://doi.org/10.1590/s0104-40362024003204180,Carolina Valenzuela Baeza,2026-10-05 22:25
W4396907654,From BIM model to 3D construction printing: A framework proposal,2024,S4210170012,https://doi.org/10.1016/j.foar.2024.03.002,Rodrigo García Álvarado; Ginnia Moroni; Fernando Pedreros; Martín Avendaño; Pablo Banda; Cristián Berríos Flores,2026-10-05 22:25
W4396928653,Nonlinear Stability of Equilibria in Hamiltonian Systems with Multiple Resonances without Interactions,2024,S113416816,https://doi.org/10.1007/s44198-024-00192-2,Claudio Sierpe; Cláudio Vidal,2026-10-05 22:25
W4396960487,Travel Cost on Election Day and Voter-Turnout in Chile: Exploring University Students’ Willingness to Cast a Hypothetical Online Vote,2024,S148277943,https://doi.org/10.1177/21582440241252057,Andrés Acuña; César Salazar,2026-10-05 22:25
W4396985836,Analytical and numerical analyses of a viscous strain gradient problem involving type Ⅱ thermoelasticity,2024,S4210179087,https://doi.org/10.3934/math.2024825,Jaime E. Muñoz Rivera,2026-10-05 22:25
W4397016906,Digital Technologies 4.0 in Small and Medium-Sized Manufacturing Industries: Cases of the Central Region of Argentina and the Biobio Region of Chile,2024,S148277943,https://doi.org/10.1177/21582440241249285,Francisco Gatica Neira; Mario Ramos-Maldonado,2026-10-05 22:25
W4397034014,History of Diversification and Adaptation from North to South Revealed by Genomic Data: Guanacos from the Desert to Sub-Antarctica,2024,S10195028,https://doi.org/10.1093/gbe/evae085,Juan Carlos Marín,2026-10-05 22:25
W4398131529,Flexural performance of full-scale two-span Nail-Laminated Timber Concrete composite slabs,2024,S29980478,https://doi.org/10.1016/j.conbuildmat.2024.136528,Alexander Opazo-Vega; Euro Casanova,2026-10-05 22:25
W4398144978,"Clay Tailings Flocculated in Seawater and Industrial Water: Analysis of Aggregates, Sedimentation, and Supernatant Quality",2024,S123288148,https://doi.org/10.3390/polym16101441,Gonzalo R. Quezada,2026-10-05 22:25
W4398148724,Motivación en Educación Superior para el aprendizaje académico en una muestra intercultural,2024,S4210229416,https://doi.org/10.25115/ejrep.v22i62.8929,Nelly Lagos San Martín; Maritza Palma,2026-10-05 22:25
W4398166585,"Front labeling, dietary patterns and body Mass index in older adults in Chile",2024,S174449530,https://doi.org/10.3233/mnm-230079,Solange Liliana Parra-Soto,2026-10-05 22:25
W4398185239,Relación entre el índice de masa corporal y las habilidades de locomoción en escolares de primaria,2024,S2738994920,https://doi.org/10.17979/sportis.2024.10.2.10581,Luis Felipe Castelli Correia de Campos; Luiz Gustavo Teixeira Fabrício dos Santos,2026-10-05 22:25
W4398241870,Mathematical Modeling and Numerical Approximation of Heat Conduction in Three-Phase-Lag Solid,2024,S198098182,https://doi.org/10.3390/en17112497,Aníbal Coronel; Esperanza Lozada; Nicolás Murúa,2026-10-05 22:25
W4398254111,Global well-posedness for second grade fluids,2024,S44811899,https://doi.org/10.1142/s0219530524300011,Luis Friz,2026-10-05 22:25
W4398765237,Incidencia de diabetes gestacional en Chile durante el periodo 2001-2022,2024,S2754235422,https://doi.org/10.24875/rechog.23000113,Carlos Escudero,2026-10-05 22:25
W4399021492,"“Alstroemeria maxima (Alstroemeriaceae, Alstroemerieae), a hidden giant” revealed through integrative taxonomy",2024,S2497724177,https://doi.org/10.1007/s40415-024-01017-8,Gonzalo A. Collado,2026-10-05 22:25
W4399055420,Potential Toxic Elements Pollution Status in Zones of Technogenic Impact in Central Regions of Perú,2024,S2737336974,https://doi.org/10.3390/min14060546,Óscar Cornejo,2026-10-05 22:25
W4399075344,Differences and relationship between velocity attained at VO 2max and time trial performances in Para athletes with vision impairment and their guides,2024,S199806552,https://doi.org/10.1177/02646196241252611,Luis Felipe Castelli Correia de Campos,2026-10-05 22:25
W4399090665,Unearthing the soil‐borne microbiome of land plants,2024,S74970393,https://doi.org/10.1111/gcb.17295,Cristian Torres‐Díaz,2026-10-05 22:25
W4399129444,Conocimientos y actitudes hacía la donación de órganos y tejidos en estudiantes de enfermería de una universidad pública de Chile,2024,S2738008052,https://doi.org/10.58807/indexenferm20246646,Marcela Gema Espinoza Espinoza; Tania Soledad Burgos Pérez; Javiera Ignacia Chandía Solís; Bárbara Sofía Flores Jara; Carlos Daniel Ortega Sandoval; José Manuel León Pino,2026-10-05 22:25
W4399140244,Implementation of a Parallel Algorithm to Simulate the Type I Error Probability,2024,S4210192031,https://doi.org/10.3390/math12111686,Francisco Fernando Novoa,2026-10-05 22:25
W4399172073,Evolución de la divulgación de información corporativa en sitios web de sociedades anónimas deportivas profesionales chilenas,2024,S4210200437,https://doi.org/10.18601/16577175.n34.03,Fernando Andrés Morales Parada; Gabriela Parra Melani; Nicole Bastidas González,2026-10-05 22:25
W4399292786,"Correlación entre CUN-BAE, índice de masa corporal y circunferencia de cintura en adultos chilenos: Resultados de la Encuesta Nacional de Salud 2016-2017",2024,S2739089816,https://doi.org/10.14306/renhyd.28.2.2076,Solange Liliana Parra-Soto,2026-10-05 22:25
W4399297107,In-plane testing and hysteretic modeling of steel-spline cross-laminated timber diaphragm connection with self-tapping screws,2024,S37840076,https://doi.org/10.1080/17480272.2024.2358145,Alan Jara-Cisterna; Franco Benedetti,2026-10-05 22:25
W4399303618,An Efficient Probabilistic Algorithm to Detect Periodic Patterns in Spatio-Temporal Datasets,2024,S4210238752,https://doi.org/10.3390/bdcc8060059,Claudio Gutiérrez-Soto,2026-10-05 22:25
W4399322134,Reflexión crítica en formación inicial: caracterización de trayectorias al diseñar secuencias,2024,S4210180854,https://doi.org/10.5565/rev/ensciencias.6023,Edith Herrera San Martín,2026-10-05 22:25
W4399323482,Modified holographic Ricci interacting dark energy models: dynamical system analysis and Bayesian comparison,2024,S94052278,https://doi.org/10.1140/epjc/s10052-024-12871-x,Antonella Cid,2026-10-05 22:25
W4399361727,1D Convolutional Neural Network Impact on Heart Rate Metrics for ECG and BCG Signals,2024,S8769598,https://doi.org/10.1007/s40846-024-00872-w,Miguel A. Sepúlveda; Esteban J. Pino,2026-10-05 22:25
W4399366886,A New Generalization of the Truncated Gumbel Distribution with Quantile Regression and Applications,2024,S4210192031,https://doi.org/10.3390/math12111762,Diego Ignacio Gallardo,2026-10-05 22:25
W4399430801,Developing and Evaluating the Operating Region of a Grid-Connected Current Source Inverter from Its Mathematical Model,2024,S4210192031,https://doi.org/10.3390/math12121775,Pedro Melín,2026-10-05 22:25
W4399433033,Descripción de la participación y acciones ejercidas por fonoaudiólogas/os en el trabajo colaborativo y la co-enseñanza en Chile,2024,S4210169275,https://doi.org/10.5354/0719-4692.2024.68115,Yhara Gutiérrez Solorza; Marilyn San Martín Cofré; Fernanda Cea Rodríguez; Nicolette Cisterna Campos; Tamara Contreras Letelier; José Soto Morales; Bárbara Villalobos Paredes; Sofia Yáñez Labra,2026-10-05 22:25
W4399435154,Desempeño lingüístico y comunicativo en población con Trastornos del Espectro Alcohólico Fetal. Un estudio de Caso,2024,S2738919291,https://doi.org/10.5209/rlog.92540,Yuri Esperanza Vega Rodríguez,2026-10-05 22:25
W4399524993,"Influence of semolina characteristics and pasta-making process on the physicochemical, structural, and sensorial properties of commercial durum wheat spaghetti",2024,S4210221350,https://doi.org/10.3389/frfst.2024.1416654,Dominique Larrea-Wachtendorff,2026-10-05 22:25
W4399538089,"Pitrufquén, Chile: la ciudad como estrategia de ocupación territorial",2024,S4210172960,https://doi.org/10.22320/07183607.2024.27.49.02,Gonzalo Cerda Brintrup; Pablo Fuentes Hernández,2026-10-05 22:25
W4399538137,El cambio climático y la planificación urbano-territorial en Chile,2024,S4210172960,https://doi.org/10.22320/07183607.2024.27.49.00,Ana Zazo Moratalla,2026-10-05 22:25
W4399595946,Effect of Mg and Ca precipitates in the stability of Fe-Mn-Ni anodes used in alkaline seawater electrolysis,2024,S143604795,https://doi.org/10.1016/j.jelechem.2024.118422,Christopher Salvo,2026-10-05 22:25
W4399653638,Diseño de un método que utiliza el portafolio digital para desarrollar la autorregulación del aprendizaje en estudiantes de ingeniería,2024,S4210213702,https://doi.org/10.4067/s0718-07642024000300051,Miguel Claudio Friz Carrillo,2026-10-05 22:25
W4399693635,Effect of aliphatic alcohol-based and polyglycol polymer-based foaming agents on the water-liquid-vapor interface by means of molecular dynamics,2024,S189140625,https://doi.org/10.1016/j.molliq.2024.125279,Francisco Retamal; Jorge H. Saavedra; Gonzalo R. Quezada,2026-10-05 22:25
W4399700829,Mesoscale and climate environmental variability drive krill community changes in the Humboldt Current System,2024,S195909765,https://doi.org/10.1016/j.jmarsys.2024.103998,Macarena Díaz-Astudillo; Gonzalo S. Saldías,2026-10-05 22:25
W4399733455,"(N,λ)-periodic solutions to abstract difference equations of convolution type",2024,S151579836,https://doi.org/10.1016/j.jmaa.2024.128643,Silvia Rueda,2026-10-05 22:25
W4399739470,Synthesis and Isolation of Phenol- and Thiol-Derived Epicatechin Adducts Prepared from Avocado Peel Procyanidins Using Centrifugal Partition Chromatography and the Evaluation of Their Antimicrobial and Antioxidant Activity,2024,S108911230,https://doi.org/10.3390/molecules29122872,Matías Venegas-Toloza; Julio Alarcón; Edgar Pastene,2026-10-05 22:25
W4399744028,Assessing the temporal isolation barrier between two closely related species of the genus Fissurella off the southwestern coast of South America,2024,S27192023,https://doi.org/10.1080/07924259.2024.2360458,Gonzalo A. Collado,2026-10-05 22:25
W4399747629,Evaluation of Synchronous Use of Portable Personal Comfort and Environment Conditioning Systems in Real Office Occupancy Conditions,2024,S4210191137,https://doi.org/10.3390/buildings14061820,Paulina Wegertseder,2026-10-05 22:25
W4399771343,EDUCACIÓN ARTÍSTICA PARA LA REGIÓN DE ÑUBLE: PROPUESTA EDUCATIVA DESDE UNA UNIVERSIDAD ESTATAL,2024,S4390297081,https://doi.org/10.22320/reined.v6i2.6575,Rodrigo Faúndez Carreño; Tania Faúndez Carreño; Fancy Inés Castro Rubilar; María Teresa Castañeda Díaz; Pablo Bivort Salinas,2026-10-05 22:25
W4399771469,NUEVOS ESCENARIOS: PRÁCTICAS DE TEATRO Y EDUCACIÓN EN ESTABLECIMIENTOS EN LA REGIÓN DE ÑUBLE,2024,S4390297081,https://doi.org/10.22320/reined.v6i2.6576,Tania Faúndez Carreño; Claudia Vega Ortiz; Sergio Ortega Gutiérrez; Christopher Soto Medina; Carolina Pinto Salas,2026-10-05 22:25
W4399781998,Genomes of the Orestias pupfish from the Andean Altiplano shed light on their evolutionary history and phylogenetic relationships within Cyprinodontiformes,2024,S28614077,https://doi.org/10.1186/s12864-024-10416-w,Moisés A. Valladares,2026-10-05 22:25
W4399784530,Role of circulating and placental-derived extracellular vesicles in the disruption of the blood-brain barrier observed in preeclampsia,2024,S171513543,https://doi.org/10.1016/j.placenta.2024.05.055,Hermes Sandoval; Belén Ibáñez; Moisés Contreras; Felipe Troncoso; Jesenia Acurio; Carlos Escudero,2026-10-05 22:25
W4399784782,Role of circulating and placental-derived extracellular vesicles in the disruption of the blood-brain barrier observed in preeclampsia,2024,S171513543,https://doi.org/10.1016/j.placenta.2024.05.030,Carlos Escudero,2026-10-05 22:25
W4399784987,Identification of the functionality of nucleotide variations in the ADORA2A gene and its association with preeclampsia,2024,S171513543,https://doi.org/10.1016/j.placenta.2024.05.052,Carlos Escudero-Orozco,2026-10-05 22:25
W4399785016,Physical exercise may recover the disrupted blood-brain barrier observed postpartum in a preeclampsia-like syndrome in mice,2024,S171513543,https://doi.org/10.1016/j.placenta.2024.05.050,Moises Contreras Montecinos; Hermes Sandoval; Felipe Troncoso; Belén Ibáñez; Esthefanny Escudero; Jesenia Acurio; Carlos Escudero,2026-10-05 22:25
W4399785171,Use of artificial intelligence for the early diagnosis of gestational diabetes mellitus,2024,S171513543,https://doi.org/10.1016/j.placenta.2024.05.017,Andres Felipe Rodriguez,2026-10-05 22:25
W4399795996,A multilayer shallow water model for polydisperse reactive sedimentation,2024,S153281200,https://doi.org/10.1016/j.apm.2024.06.022,Julio Careaga,2026-10-05 22:25
W4399796901,Tensiones y desafíos de la relación comunicativa familias-escuela en la práctica cotidiana,2024,S4210197790,https://doi.org/10.29035/ucmaule.66.99,Marta Muñoz Chávez; Héctor Cárcamo Vásquez,2026-10-05 22:25
W4399803712,"Effect of MAX phase Ti2SnC content on microstructure, mechanical properties, and friction behavior of iron-based self-lubricating composites",2024,S55626769,https://doi.org/10.1016/j.matlet.2024.136880,Guilherme Oliveira Neves; F.B. Ibaca; Christopher Salvo; D. Salinas,2026-10-05 22:25
W4399846847,Impact of Corporate Governance on the Performance of Latin American Universities,2024,S2738549720,https://doi.org/10.24857/rgsa.v18n9-138,Andrea King-Domínguez; Luis Rodolfo Améstica-Rivas,2026-10-05 22:25
W4399850999,Inferencia estadística en los textos escolares: una aproximación al pensamiento estadístico,2024,S2738964976,https://doi.org/10.15359/ru.38-1.19,Francisco Rodríguez-Alveal,2026-10-05 22:25
W4399893942,Photovoltaic Power Injection Control Based on a Virtual Synchronous Machine Strategy,2024,S101949793,https://doi.org/10.3390/s24134039,Jaime Rohten; Yandi A. Gallego Landera,2026-10-05 22:25
W4399906664,"Gonadal Cycle of Corbicula largillierti (Bivalvia: Cyrenidae) in a Pampean Streams, Argentina",2024,S130273055,https://doi.org/10.3390/d16060357,Gonzalo A. Collado,2026-10-05 22:25
W4399936265,Theoretical study of the expansion of Roper's theory on the laminar jet diffusion flame length in 2D and 3D in natural gas and hydrogen mixtures,2024,S48860480,https://doi.org/10.1016/j.ijhydene.2024.06.277,Daniel Travieso Pedroso,2026-10-05 22:25
W4399958249,A robust method for assessing the macroscale tribological behaviour of solid lubricant nanoparticles,2024,S24284137,https://doi.org/10.1016/j.triboint.2024.109915,Guilherme Oliveira Neves; Nicolás Araya; José Daniel Biasoli de Mello,2026-10-05 22:25
W4399979821,Identification of Vascular Genes Differentially Expressed in the Brain of Patients with Alzheimer's Disease,2024,S207336467,https://doi.org/10.2174/0115701611298073240612050741,Kevins Jara-Medina; Luis Lillo; Constanza Lagunas; G. Cabello; Francisco J. Valenzuela-Melgarejo,2026-10-05 22:25
W4399986242,Unconventional technologies as a strategy to improve the phenolic and antioxidant potential of zucchini products enriched with blueberry juice,2024,S130676932,https://doi.org/10.1016/j.ifset.2024.103738,Siluana Katia Tischer Seraglio; Luis González-Cavieres; Guido Trautmann-Saez; Constanza Pavez-Guajardo; Jorge J. Moreno,2026-10-05 22:25
W4400009923,Birnbaum–Saunders frailty regression models for clustered survival data,2024,S5437875,https://doi.org/10.1007/s11222-024-10458-w,Diego Ignacio Gallardo,2026-10-05 22:25
W4400088857,Reparameterized Scale Mixture of Rayleigh Distribution Regression Models with Varying Precision,2024,S4210192031,https://doi.org/10.3390/math12131982,Diego Ignacio Gallardo,2026-10-05 22:25
W4400136076,Artefacts of disaster risk reduction: conceptualizing bottom-up initiatives of climate action in informal settlements,2024,S90310510,https://doi.org/10.1108/dpm-11-2023-0315,Roberto Burdiles; Claudio Araneda,2026-10-05 22:25
W4400147236,Analysis of the factors that affect the adoption of electronic learning platforms by older people in Chile,2024,S4210226899,https://doi.org/10.35692/07183992.17.1.3,Vanessa Jerez Sánchez; Elizabeth E. Grandón,2026-10-05 22:25
W4400149663,Modifications of the 2018 World Cancer Research Fund (WCRF)/American Institute for Cancer Research (AICR) Score and Cancer Risk in the UK Biobank Prospective Cohort Study,2024,S4210219560,https://doi.org/10.1016/j.cdnut.2024.102566,Solange Liliana Parra-Soto,2026-10-05 22:25
W4400177837,Procesos de segmentación educativa en la educación superior chilena: Selectividad y elitización de la oferta programática universitaria,2024,S4210168080,https://doi.org/10.37618/paradigma.1011-2251.2024.e2024018.id1540,Carlos Rodríguez Garcés; Denisse Espinosa-Valenzuela; Yulisa Castillo Jara,2026-10-05 22:25
W4400235565,Educación emocional en la formación del profesorado de Chile,2024,S4210235696,https://doi.org/10.23913/ride.v14i28.1970,Nelly Lagos San Martín,2026-10-05 22:25
W4400270936,Mathematical Work of a Future Teacher in Teaching the Box Plot Diagram,2024,S2738549720,https://doi.org/10.24857/rgsa.v18n2-199,Patricio E. Cumsille,2026-10-05 22:25
W4400283612,Artificial Bee Colony Algorithm to Optimize the Safety Distance of Workers in Construction Projects,2024,S4210192031,https://doi.org/10.3390/math12132087,Ibzan Carriel; Alexander Opazo-Vega,2026-10-05 22:25
W4400286377,Are associations between adherence to the 2018 WCRF/AICR cancer prevention recommendations and risk of cancers modulated by multimorbidity? Findings from the UK Biobank prospective cohort study,2024,S4210187764,https://doi.org/10.1017/s0029665124004506,Solange Liliana Parra-Soto,2026-10-05 22:25
W4400297248,Ceanothanes Derivatives as Peripheric Anionic Site and Catalytic Active Site Inhibitors of Acetylcholinesterase: Insights for Future Drug Design,2024,S10623703,https://doi.org/10.3390/ijms25137303,Sofía Pastene-Burgos; Evelyn Muñoz; Soledad Quiroz‐Carreño; Edgar Pastene; Julio Alarcón,2026-10-05 22:25
W4400310196,Identidad docente y profesional en la investigación educativa. Estudio bibliométrico y temático,2024,S4210229254,https://doi.org/10.26423/rcpi.v12i1.751,Mauricio Lagos Pando,2026-10-05 22:25
W4400323235,Biomass Valorization through Catalytic Pyrolysis Using Metal-Impregnated Natural Zeolites: From Waste to Resources,2024,S123288148,https://doi.org/10.3390/polym16131912,Diego Venegas-Vásconez; Serguei Alejandro-Martín,2026-10-05 22:25
W4400412888,Assessing Treatments to Mitigate End-Face Cracking in Air-Dried Acacia dealbata Logs,2024,S4210191137,https://doi.org/10.3390/buildings14072090,Manuel Suazo-Uribe; L. Salvo; Víctor Rosales; Claudio Montero,2026-10-05 22:25
W4400447805,Employment of accounting professionals: A descriptive analysis for Chile,2024,S4210179423,https://doi.org/10.29393/ran10-21epvc40021,Verónica Peña-Acuña; Carolina Gutiérrez-Sandoval; Camila Betancourt-Betancourt,2026-10-05 22:25
W4400456726,Integración de estrategias de circularidad al diseño arquitectonico mediante BIM,2024,S4210233440,https://doi.org/10.22320/07190700.2024.14.01.09,Viviana Durán-Navarrete; Rodrigo García Álvarado; Mabel Vega‐Coloma,2026-10-05 22:25
W4400483211,El dilema de la industrialización en chile,2024,S4387288708,https://doi.org/10.22320/hem.v23i1.6619,Luis Méndez Briones,2026-10-05 22:25
W4400513278,cambio de paradigma en la arquitectura escolar: espacios flexibles en escuelas rurales,2024,S4210209653,https://doi.org/10.4206/aus.2024.n35-08,Javiera Leighton,2026-10-05 22:25
W4400545613,"Estado, ferrocarril y territorio: las estrategias gubernamentales para la ocupación de La Araucanía a fines del siglo XIX",2024,S4210186962,https://doi.org/10.4206/rev.austral.cienc.soc.2024.n46-05,Pablo Fuentes Hernández,2026-10-05 22:25
W4400556286,Ancient diversification in extreme environments: exploring the historical biogeography of the Antarctic winged midge Parochlus steinenii (Diptera: Chironomidae),2024,S2597028195,https://doi.org/10.3389/fevo.2024.1393376,Moisés A. Valladares,2026-10-05 22:25
W4400584668,Adjuvant Properties of Caffeic Acid in Cancer Treatment,2024,S10623703,https://doi.org/10.3390/ijms25147631,Jaime R. Cabrera‐Pardo,2026-10-05 22:25
W4400649878,Contrasting responses of taxonomic diversity and functional groups of birds to the agricultural landscape of southern Chile,2024,S4210228110,https://doi.org/10.1007/s43388-024-00191-3,Miguel Yáñez Alvarado,2026-10-05 22:25
W4400701012,Tejiendo un futuro sostenible: avances de la industria textil en materiales y diseño ecológico,2024,S4210182947,https://doi.org/10.18682/cdc.vi233.11434,Jimena Alarcón Castro,2026-10-05 22:25
W4400720261,Aqueous extract of pulp of maqui-berry (Aristotelia chilensis) induces apoptosis in human endometrial carcinoma ishikawa cells via mitochondrial and endoplasmic reticulum stress pathways,2024,S2764726840,https://doi.org/10.1016/j.fbio.2024.104733,Jose M. Bastias-Montes; Julio Alarcón; Carlos L. Céspedes,2026-10-05 22:25
W4400721424,"Harnessing the chemical composition and anti-oxidant, anti-enzymatic, and anti-cancer activities of two Corydalis species (C. erdelii and C. solida) by using in vitro and in silico analysis",2024,S2764726840,https://doi.org/10.1016/j.fbio.2024.104762,Carlos L. Céspedes,2026-10-05 22:25
W4400733286,Bounding the Price of Anarchy of Weighted Shortest Processing Time Policy on Uniform Parallel Machines,2024,S4210192031,https://doi.org/10.3390/math12142223,Felipe T. Muñoz; Rodrigo Linfati,2026-10-05 22:25
W4400766050,Evaluation of energy and lighting in schools considering solar protections,2024,S2898434319,https://doi.org/10.1016/j.egyr.2024.07.017,Cristián Muñoz-Viveros,2026-10-05 22:25
W4400766539,Connectedness in the global banking market network: Implications for risk management and financial policy,2024,S145572626,https://doi.org/10.1016/j.irfa.2024.103470,Edinson Cornejo-Saavedra,2026-10-05 22:25
W4400768080,Nanocellulose/Nanoporous Silicon Composite Films as a Drug Delivery System,2024,S123288148,https://doi.org/10.3390/polym16142055,Judith Vergara-Figueroa,2026-10-05 22:25
W4400823538,Geographical and political considerations to the conception of development in Latin America,2024,S4210199695,https://doi.org/10.37656/s20768400-2024-02-01,Juan Rivas Maldonado,2026-10-05 22:25
W4400836775,Operating parameters' influence on hydrogen production performance in microwave-induced plasma,2024,S48860480,https://doi.org/10.1016/j.ijhydene.2024.07.204,Daniel Travieso Pedroso,2026-10-05 22:25
W4400863453,Frecuencia del desayuno y su asociación con el rendimiento académico en población universitaria: un estudio transversal analítico en México.,2024,S2739089816,https://doi.org/10.14306/renhyd.28.3.2197,Orietta Segura-Badilla,2026-10-05 22:25
W4400865539,Chemical structural characteristics and some mechanical and physical properties of thermally modified Nothofagus alpina thinning wood from three different silvicultural conditions,2024,S74630304,https://doi.org/10.15376/biores.19.3.6009-6024,Víctor Sepúlveda-Villarroel; Rubén A. Ananías,2026-10-05 22:25
W4400867597,"Southern creative robotics – A collaborative framework to implement computational design, fabrication and robotics",2024,S10544101,https://doi.org/10.1177/14780771241260855,Rodrigo García Álvarado,2026-10-05 22:25
W4400904544,Constraining the position of the CEP through the speed of sound in the LSMq,2024,S4210173186,https://doi.org/10.1140/epja/s10050-024-01372-w,Alfredo Raya,2026-10-05 22:25
W4400909906,Diseño y validación de un plan didáctico para la Facultad de Ingeniería en una institución de educación superior del sur de Chile.,2024,S4387281626,https://doi.org/10.54802/r.v5.n1.2023.126,Andrés Ignacio Seguel Arriagada; Felipe Sandoval Torres,2026-10-05 22:25
W4400949323,Efficient Mako Shark-Inspired Aerodynamic Design for Concept Car Bodies in Underground Road Tunnel Conditions,2024,S4210206423,https://doi.org/10.3390/biomimetics9080448,Ignacio Venegas; Fabián Gonzalo Pierart,2026-10-05 22:25
W4400950342,Harmonic Sequence Component Model-Based Small-Signal Stability Analysis in Synchronous Machines during Asymmetrical Faults,2024,S198098182,https://doi.org/10.3390/en17153634,Yandi A. Gallego Landera; Lesyani Teresa León Viltre; Jaime Rohten,2026-10-05 22:25
W4400951534,Experimental and Statistical Determination of Convective Heat and Mass Transfer Coefficients for Eucalyptus nitens Sawn Wood Drying,2024,S71324801,https://doi.org/10.3390/f15081287,Carlos Rozas; Virna Ortíz-Araya; Rodrigo Linfati; Claudio Montero,2026-10-05 22:25
W4400952651,Nanomaterials in construction industry: An overview of their properties and contributions in building house,2024,S4210239778,https://doi.org/10.1016/j.cscee.2024.100863,Jeffrey Saúl Cedeño-Muñoz,2026-10-05 22:25
W4401029939,Plastic deformation behavior and energy absorption performance of a composite metamaterial based on asymmetric auxetic lattices,2024,S52363224,https://doi.org/10.1016/j.compstruct.2024.118410,César Garrido; Jorge Fernández,2026-10-05 22:25
W4401039043,4th booster-dose SARS-CoV-2 heterologous and homologous vaccination in rheumatological patients,2024,S2595292759,https://doi.org/10.3389/fimmu.2024.1427501,Yolanda M. Gómez,2026-10-05 22:25
W4401077702,Machine learning para predecir la calidad del secado de chapas en la industria de tableros contrachapados de Pinus radiata,2024,S967659979,https://doi.org/10.22320/s0718221x/2024.46,Mario Ramos Maldonado; Thays Duarte Sepúlveda; Francisco Gatica Neira; Diego Venegas-Vásconez,2026-10-05 22:25
W4401101634,Tailoring cellulose-based hydrogels by phosphorylation of unbleached kraft pulps for adsorption applications,2024,S130536152,https://doi.org/10.1007/s10570-024-06086-2,María Graciela Aguayo,2026-10-05 22:25
W4401186908,Economía circular como medio para alcanzar la seguridad alimentaria,2024,S4210227640,https://doi.org/10.46932/sfjdv5n7-039,Erik Alpizar-Reyes,2026-10-05 22:25
W4401199070,CDOM dynamics in two coastal zones influenced by contrasting land uses in northern Patagonia,2024,S43867544,https://doi.org/10.1016/j.ecss.2024.108897,Gonzalo S. Saldías,2026-10-05 22:25
W4401245080,Los valores en la Formación Inicial Docente: ¿Qué dice el futuro profesorado de una Universidad Chilena?,2024,S2739091560,https://doi.org/10.21703/rexe.v23i52.2423,Samuel Pérez Norambuena,2026-10-05 22:25
W4401245579,Connotaciones atribuidas a la evaluación: estudio empírico basado en factores de ingreso a la Formación Inicial Docente,2024,S2739091560,https://doi.org/10.21703/rexe.v23i52.2342,Ana Carolina Maldonado Fuentes,2026-10-05 22:25
W4401250783,A Potential Replacement to Phenol–Formaldehyde-Based Adhesives: A Study of Plywood Panels Manufactured with Bio-Based Wood Protein and Nanolignin Adhesives,2024,S71324801,https://doi.org/10.3390/f15081345,Mario Núñez‐Decap; Catherine Friz-Sánchez; Camila Opazo-Carlsson; Boris Moya-Rojas; Marcela Vidal-Vega,2026-10-05 22:25
W4401308427,"Online environments, social networks and pornography: the role of teachers and managers in the provision of sex and sexuality education in Chilean schools",2024,S119669599,https://doi.org/10.1080/14681811.2024.2384041,Soledad Martínez Labrín,2026-10-05 22:25
W4401324859,IMPLEMENTACIÓN DE LA FILOSOFÍA PARA NIÑOS EN LATINOAMÉRICA DESAFÍO Y AUSENCIA DE EXPLORACIÓN EN CHILE,2024,S4390297081,https://doi.org/10.22320/reined.v6i2.6672,Paula Cardona Ruiz,2026-10-05 22:25
W4401326411,Revisión sistemática de aspectos teórico-metodológicos en la enseñanza hospitalaria,2024,S4210228827,https://doi.org/10.51207/2179-4057.20240030,Ana Andrea Gajardo Rodríguez; Nelly San Martín; Álvaro González; Macarena Gallardo,2026-10-05 22:25
W4401329840,Perfil y desempeño académico del estudiantado ingreso especial: Análisis de una política pro-inclusión educativa en una universidad pública,2024,S4210229326,https://doi.org/10.15517/revedu.v48i2.58259,Carlos Rodríguez Garcés; David Romero Garrido; Denisse Espinosa-Valenzuela,2026-10-05 22:25
W4401335358,Influencia de los desplazamientos activos sobre la aptitud cardiorrespiratoria en escolares (Influence of active commuting on cardiorespiratory fitness in schoolchildren),2024,S2738013834,https://doi.org/10.47197/retos.v58.105660,Eduardo Guzmán-Muñoz,2026-10-05 22:25
W4401335859,RESCATE VIRTUAL Y PUESTA EN VALOR DE LA MEMORIA DE LOS TESOROS HUMANOS VIVOS DE LA REGIÓN DE ÑUBLE,2024,S4390297081,https://doi.org/10.22320/reined.v6i2.6671,Cristián Leal Pino; Evelyn Lissette Miranda Reyes; Marcela Mora Donoso,2026-10-05 22:25
W4401373875,A New Mixture Model With Cure Rate Applied to Breast Cancer Data,2024,S126457381,https://doi.org/10.1002/bimj.202300257,Diego Ignacio Gallardo,2026-10-05 22:25
W4401410596,Route Optimization for Open Vehicle Routing Problem (OVRP): A Mathematical and Solution Approach,2024,S4210205812,https://doi.org/10.3390/app14166931,Rodrigo Linfati,2026-10-05 22:25
W4401412097,"Relación entre nivel de estrés y características sociodemográficas/laborales de trabajadores de supermercados, Chillán, 2023",2024,S102849038,https://doi.org/10.4321/s0465-546x2024000100004,Pamela Aurora Montoya Cáceres,2026-10-05 22:25
W4401412108,Sintomatología de estrés postraumático en bomberos de una ciudad de Chile,2024,S102849038,https://doi.org/10.4321/s0465-546x2024000100002,Pamela Aurora Montoya Cáceres,2026-10-05 22:25
W4401412146,"Calidad de vida profesional en los académicos de una universidad privada de Chillán, Chile, 2023",2024,S102849038,https://doi.org/10.4321/s0465-546x2024000100006,Pamela Aurora Montoya Cáceres,2026-10-05 22:25
W4401436119,Personificación del habitar de los objetos: casa Nicanor Parra y Luis Peña,2024,S1028766512,https://doi.org/10.32995/rev180.num-53.(2024).art-1175,Bárbara Viney Sáez Orrego,2026-10-05 22:25
W4401547462,Assessment of Semi-Automated Techniques for Crop Mapping in Chile Based on Global Land Cover Satellite Data,2024,S43295729,https://doi.org/10.3390/rs16162964,Karen Escalona,2026-10-05 22:25
W4401549908,Factores predictores de conductas promotoras de salud en estudiantes de dos universidades chilenas,2024,S2738008052,https://doi.org/10.58807/indexenferm20246860,Verónica Jara Contreras; Verónica Chandia Reyes; Ximena Herrera Morales,2026-10-05 22:25
W4401611509,From Waste to Wealth: Exploring the Bioactive Potential of Wine By-Products—A Review,2024,S2737566431,https://doi.org/10.3390/antiox13080992,Glenda Caridad Peña-Portillo; Sergio Acuña; José Miguel Bastías‐Montes,2026-10-05 22:25
W4401628760,Noninstrumental Dysphagia Assessment and Screening: A Proposed Checklist,2024,S50443188,https://doi.org/10.1044/2024_ajslp-22-00174,Rodolfo E. Peña-Chávez,2026-10-05 22:25
W4401628818,Environmental education and children’s pro-environmental behavior on plastic waste. Evidence from the green school certification program in Chile,2024,S20152851,https://doi.org/10.1016/j.ijedudev.2024.103106,César Salazar,2026-10-05 22:25
W4401638556,Digitalization and Spatial Simulation in Urban Management: Land-Use Change Model for Industrial Heritage Conservation,2024,S4210205812,https://doi.org/10.3390/app14167221,Pablo González-Albornoz; María Isabel López Meza; Paulina Carmona; Clemente Rubio-Manzano,2026-10-05 22:25
W4401643071,Anti‐saprolegnia Effect of Oxyprenylated Derivatives of Naturally Occurring Prenylated Dihydrochalcone,2024,S4210221416,https://doi.org/10.1002/slct.202401892,Enrique Werner,2026-10-05 22:25
W4401681181,Representaciones sociales del cambio climático entre población urbana y rural de Chile,2024,S4210186339,https://doi.org/10.5354/0719-0581.2024.71552,José Sandoval‐Díaz,2026-10-05 22:25
W4401711290,On the crossing limit cycles created by a discontinuous piecewise differential system formed by three linear Hamiltonian saddles,2024,S195495005,https://doi.org/10.1080/14689367.2024.2391417,Maria Elisa Anacleto; Cláudio Vidal,2026-10-05 22:25
W4401736938,Effect of UHT Thermal Treatment on the Secondary Structures of Milk Proteins: Insights From FTIR Analysis and Potential Allergenic Activity,2024,S2764476681,https://doi.org/10.1155/2024/1880779,Sergio Acuña; Leslie-Patricia Henríquez-González; Vieroska-Belén Sepúlveda-Villagra; Julio Parra‐Flores,2026-10-05 22:25
W4401790774,"Potamopyrgus antipodarum (Gastropoda: Tateidae) in central Chile: new records, reproductive output assessment, and coexistence with native species",2024,S99545789,https://doi.org/10.1080/03014223.2024.2393298,Gonzalo A. Collado; Rebeca Carballo; Nicolás Villalobos,2026-10-05 22:25
W4401800099,Dynamics and bifurcations in a model of chronic myeloid leukemia with optimal immune response windows,2024,S171842551,https://doi.org/10.1007/s00285-024-02135-3,Claudio Vidal Diaz,2026-10-05 22:25
W4401814418,"Reseña de Turra Díaz, O. y Ajagan Lester, L. (2024). Profesorado, textos pedagógicos e ideología. Lectura crítica del discurso pedagógico de la historia",2024,S4210197869,https://doi.org/10.14409/cya.2024.38.e0041,Cristian Marcelo Arrepol,2026-10-05 22:25
W4401817768,Analysis of Weak Galerkin Mixed Finite Element Method Based on the Velocity–Pseudostress Formulation for Navier–Stokes Equation on Polygonal Meshes,2024,S151550017,https://doi.org/10.1007/s10915-024-02651-w,Zeinab Gharibi,2026-10-05 22:25
W4401875228,Estimation and Determinants of Transient and Persistent Efficiency of Rice Production in Spain,2024,S180723199,https://doi.org/10.1002/agr.21975,Juan Hernán Cabas Monje,2026-10-05 22:25
W4401876559,"Diseño de un proceso para el aprendizaje del pensamiento crítico en estudiantes de educación superior, usando infografías científicas",2024,S4210211945,https://doi.org/10.4067/s0718-50062024000300011,Miguel Claudio Friz Carrillo,2026-10-05 22:25
W4401877145,Percepción de profesores de ciencias en formación inicial sobre el desempeño didáctico-curricular y promoción de habilidades científicas en ciencias para la ciudadanía,2024,S4210211945,https://doi.org/10.4067/s0718-50062024000400127,Edith Herrera-San Martín,2026-10-05 22:25
W4401885173,"Representaciones de la anormalidad a través de la mirada policial: La Revista de los Carabineros de Chile, 1946-1973",2024,S160717418,https://doi.org/10.1590/1806-93472024v44n96-05a,Marco Antonio León León,2026-10-05 22:25
W4401890663,The Adhesion Performance in Green-Glued Finger Joints Using Different Wood Ring Orientations,2024,S10134376,https://doi.org/10.3390/su16167158,Claudio Montero; Víctor Rosales,2026-10-05 22:25
W4401909380,Control of Structural Seismic Damage in Prefabricated Reinforced Concrete Frames through Hybrid-Selfcentering Connections,2024,S4210217489,https://doi.org/10.32629/jbt.v6i2.2300,Juan Marcus,2026-10-05 22:25
W4401911509,"Reproducción vecinal de la vida en contexto de crisis: recotidianización, entramados comunitarios y familiariadad pública. Casos en Concepción y Talca (Chile)",2024,S2737728615,https://doi.org/10.12804/revistas.urosario.edu.co/territorios/a.13117,Felipe Saravia,2026-10-05 22:25
W4401913346,Control of Peach Brown Rot Disease Produced by Monilinia fructicola and Monilinia laxa Using Benzylidene-Cycloalkanones,2024,S2737643958,https://doi.org/10.3390/jof10090609,Enrique Werner,2026-10-05 22:25
W4401918187,Indigenous socio-educational recognition in the construction of intercultural knowledge dialogues in education,2024,S2764918247,https://doi.org/10.1080/2331186x.2024.2396187,Héctor Torres Cuevas,2026-10-05 22:25
W4401936944,Effect of Fe2O3 on CeO2 films in the photocatalytic evaluation towards the degradation of brilliant green and oxytetracycline,2024,S138530117,https://doi.org/10.1016/j.materresbull.2024.113058,Mathías Seguel; Martín Bustamante; Luis Fernández; Patricia Arancibia‐Ávila; Claudia Oviedo; C.F. Caro; Andres F. Rodriguez; Patricio Neumann; G. Cabello,2026-10-05 22:25
W4401979256,Game theory in the classroom: low cooperative relationships identify bullying patterns in elementary schools,2024,S4210206302,https://doi.org/10.1057/s41599-024-03493-5,Javier Pulgar,2026-10-05 22:25
W4402008258,Feasibility of increasing calcium content of drinking tap water following quality regulations to improve calcium intake at population level,2024,S4210224510,https://doi.org/10.12688/gatesopenres.15184.2,Eduard Antonio Maury-Sintjago,2026-10-05 22:25
W4402025997,¿DESDE QUÉ ENFOQUE SE PUEDEN ESTUDIAR LAS COMPETENCIAS EMOCIONALES EN PROFESORES?,2024,S4390297081,https://doi.org/10.22320/reined.v6i2.6703,Juan Pablo Hidalgo-Ortiz,2026-10-05 22:25
W4402123793,Unit-Power Half-Normal Distribution Including Quantile Regression with Applications to Medical Data,2024,S4210173132,https://doi.org/10.3390/axioms13090599,Yolanda M. Gómez; Darlin Soto,2026-10-05 22:25
W4402132383,Incentivos para la formación inicial docente en Chile. Del estado docente a estado subsidiario en Educación,2024,S4210237110,https://doi.org/10.1590/s0104-40362024003204265,Marcela Rivas-Valenzuela,2026-10-05 22:25
W4402142381,Learning approaches in students of the areas of Health Sciences belonging to a regional university in Chile,2024,S4387280997,https://doi.org/10.56294/saludcyt2024.1317,Mónica Cardona Valencia; Aurora Henríquez-Melgarejo; Trinidad Cifuentes Muñoz; Carolina Luengo Martínez,2026-10-05 22:25
W4402154842,"Opportunities of artificial intelligence in valorisation of biodiversity, biomass and bioresidues – towards advanced bio-economy, circular engineering, and sustainability",2024,S4210226922,https://doi.org/10.18488/13.v13i2.3868,Diego Venegas-Vásconez,2026-10-05 22:25
W4402213030,How torrefaction impacts minimal fluidization velocity from different biomasses and their mixtures,2024,S105637730,https://doi.org/10.1016/j.enconman.2024.119002,Daniel Travieso Pedroso,2026-10-05 22:25
W4402254749,New Banach spaces-based mixed finite element methods for the coupled poroelasticity and heat equations,2024,S201897549,https://doi.org/10.1093/imanum/drae052,Julio Careaga,2026-10-05 22:25
W4402275487,Condiciones laborales y perfil de salud de trabajadores informales de la feria libre del mercado de una comunidad de Chile,2024,S2738008052,https://doi.org/10.58807/indexenferm20246880,Verónica Reyes; José Manuel León Pino; Carolina Luengo Martínez,2026-10-05 22:25
W4402301170,Optimizing Cutting Log Operations in Softwood Sawmills: A Multi-Objective Approach Tailored for SMEs,2024,S2485537415,https://doi.org/10.1109/access.2024.3455351,Mario Ramos-Maldonado; Felipe T. Muñoz; Pablo Mora; Diego Venegas-Vásconez,2026-10-05 22:25
W4402330365,Costeo Basado en Actividades: Impacto en la Rentabilidad en una clínica odontológica,2024,S4393914559,https://doi.org/10.56563/costosygestion.107.e3,Estela Rodríguez Quezada,2026-10-05 22:25
W4402390612,Nuevos horizontes del manejo nutricional clínico en hipotiroidismo,2024,S4210227418,https://doi.org/10.4067/s0717-75182024000300239,Edson Yáñez-Barros; Lautaro Briones; Luisa Amanda Ramírez-Araya,2026-10-05 22:25
W4402390786,Genotipificación y prevalencia de Staphylococcus aureus enterotoxigénico en frotis nasofaríngeos de manipuladores de alimentos,2024,S4210227418,https://doi.org/10.4067/s0717-75182024000300193,María Paula Alarcón-Lavín; Pamela Chavarría-Sepúlveda; Fabiola Cerda-Leal; Francisco Valenzuela-Melgarejo,2026-10-05 22:25
W4402405443,Nutricionistas en las escuelas: forjando hábitos saludables en el sistema educacional chileno,2024,S4210227418,https://doi.org/10.4067/s0717-75182024000300177,Solange Liliana Parra-Soto; Carla Villagrán-Cerro; Marcela Vera-Cabalín; Viviana Mella-Parra; María Paula Alarcón-Lavín; Pamela Chavarría-Sepúlveda,2026-10-05 22:25
W4402407321,Vulnerabilidad y Capacidad Adaptativa de Personas Mayores ante el Cambio Climático: una Revisión Sistemática,2024,S2764717225,https://doi.org/10.30849/ripijp.v58i2.1840,Jose Sandoval,2026-10-05 22:25
W4402430617,Enhanced Model Predictive Control Using State Variable Feedback for Steady-State Error Cancellation,2024,S101949793,https://doi.org/10.3390/s24185869,Jaime Rohten; José Silva; Lesyani Teresa León Viltre,2026-10-05 22:25
W4402435237,Multicomponent alloys design and mechanical response: From high entropy alloys to complex concentrated alloys,2024,S1018252914,https://doi.org/10.1016/j.mser.2024.100853,Manuel Cabrera,2026-10-05 22:25
W4402491829,Intermittent food deserts. Exploring the spatiotemporal dimension of the urban fresh food access in Chilean cities,2024,S4210229294,https://doi.org/10.1016/j.habitatint.2024.103174,Ana Zazo Moratalla,2026-10-05 22:25
W4402516979,Optimizing urban housing design: Improving thermo-energy performance and mitigating heat emissions from buildings – A Latin American case study,2024,S2764899123,https://doi.org/10.1016/j.uclim.2024.102119,Rafael E. López-Guerrero,2026-10-05 22:25
W4402524330,Reduction and Reconstruction of the Oscillator in 1:1:2 Resonance plus an Axially Symmetric Polynomial Perturbation,2024,S161160597,https://doi.org/10.1137/23m1621885,Cláudio Vidal,2026-10-05 22:25
W4402527307,The elliptope and bounds in the rotational dynamics of rigid bodies,2024,S5407039972,https://doi.org/10.1142/s2972458924500084,Francisco Crespo,2026-10-05 22:25
W4402557843,Temperature effect of asphalt production on the thermo-chemical properties of Kraft lignin,2024,S113349237,https://doi.org/10.1080/10298436.2024.2400563,José Norambuena-Contreras,2026-10-05 22:25
W4402566906,Perception of voice and hearing in teachers who carry out classes online in Chile,2024,S4387280997,https://doi.org/10.56294/saludcyt2024.952,Gabriel Lagos Riveros; Bárbara Farías-Fritz; Richard Hernández-Romero; Freddy Guzmán-Garcés,2026-10-05 22:25
W4402567928,Principles of ultrasonic agglomeration and its effect on physicochemical and macro- and microstructural properties of foods,2024,S98026630,https://doi.org/10.1016/j.foodchem.2024.141309,Mario Pérez‐Won; Erick Jara-Quijada; Luis González-Cavieres; Gipsy Tabilo‐Munizaga,2026-10-05 22:25
W4402577461,Computational Shape Design Optimization of Femoral Implants: Towards Efficient Forging Manufacturing,2024,S4210205812,https://doi.org/10.3390/app14188289,César Garrido,2026-10-05 22:25
W4402615975,Development of a Generative Design System for 3D-Printed Houses in Chile,2024,S4210191137,https://doi.org/10.3390/buildings14092939,Rodrigo García Álvarado; Eduardo Valenzuela-Astudillo,2026-10-05 22:25
W4402626394,evaluación como experiencia emocional de los futuros docentes: más allá de un enfoque conceptual,2024,S4210223462,https://doi.org/10.48102/rlee.2024.54.3.646,Ana Carolina Maldonado Fuentes; Pedro Sandoval Rubilar,2026-10-05 22:25
W4402656665,Literacidades escolares: leer y escribir en un contexto de evaluaciones estandarizadas en Chile,2024,S4210186442,https://doi.org/10.33010/ie_rie_rediech.v15i0.2191,Mauricio Alejandro Castro-Cifuentes,2026-10-05 22:25
W4402660179,A coupled steady thermo-electromagnetic problem in axisymmetric geometries. Mathematical and numerical analysis,2024,S201897549,https://doi.org/10.1093/imanum/drae056,Pablo Venegas,2026-10-05 22:25
W4402733450,Extended transfer matrix method for electron transmission in anisotropic 2D materials: Interplay of strain and (a)periodicity of potentials,2024,S187991544,https://doi.org/10.1063/5.0218589,Alfredo Raya,2026-10-05 22:25
W4402761188,Sociodemographic Factors Associated with Video Game Addiction in Schoolchildren from the South-Central Region of Chile,2024,S2736895435,https://doi.org/10.3390/children11101156,Alejandra Rodríguez‐Fernández; Marcela Ruíz-De la Fuente; Eduard Antonio Maury-Sintjago; Sofía Petersen; Valentina Paredes; Bárbara Montero,2026-10-05 22:25
W4402772760,Perturbative Analysis of the Three Gluon Vertex in Different Gauges at One-Loop,2024,S190936833,https://doi.org/10.1007/s00601-024-01956-8,Alfredo Raya,2026-10-05 22:25
W4402897655,Guide for the application of the data augmentation approach on sets of texts in Spanish for sentiment and emotion analysis,2024,S202381698,https://doi.org/10.1371/journal.pone.0310707,Rodrigo Gutiérrez-Benítez; Alejandra Segura-Navarrete; Christian Vidal‐Castro,2026-10-05 22:25
W4402928525,Stochastic modelling of uncertainty in Chilean radiata pine wood beams subject to lateral torsional buckling,2024,S37840076,https://doi.org/10.1080/17480272.2024.2401050,Euro Casanova; Hector Iturra; Franco Benedetti,2026-10-05 22:25
W4402943537,The influence of the Biobio Canyon on the circulation and coastal upwelling/downwelling off central Chile,2024,S181119423,https://doi.org/10.1016/j.csr.2024.105335,Odette A. Vergara; Pedro A. Figueroa; Gonzalo S. Saldías,2026-10-05 22:25
W4402976548,Finite element analysis for the Navier-Lamé eigenvalue problem,2024,S24251679,https://doi.org/10.1016/j.apnum.2024.09.023,Felipe Lepe; Jesus Vellojin,2026-10-05 22:25
W4402983216,Exploring the Mechanisms and Kinetic Modeling of Phenol Amination Using Pd and Rh‐Based Catalysts,2024,S206633562,https://doi.org/10.1002/cctc.202401476,Maray Ortega; Benjamin Garrido; Alex Ariel Fernández-Andrade; Luis Ernesto Arteaga-Pérez,2026-10-05 22:25
W4402990796,Explicit Modeling of Multi-Product Customer Orders in a Multi-Period Production Planning Model,2024,S4210192031,https://doi.org/10.3390/math12193029,Francisco P. Vergara,2026-10-05 22:25
W4403003920,Secondary metabolites with antimicrobial activity produced by thermophilic bacteria from a high-altitude hydrothermal system,2024,S2484704948,https://doi.org/10.3389/fmicb.2024.1477458,Karem Henríquez‐Aedo,2026-10-05 22:25
W4403063965,"Interdependence Between the Extent of Ga Promotion, the Nature of Active Sites, and the Reaction Mechanism Over Cu Catalysts for CO 2 Hydrogenation to Methanol",2024,S37391459,https://doi.org/10.1021/acscatal.4c04577,Maray Ortega,2026-10-05 22:25
W4403068099,El depósito de caída de tefra de la erupción de 2011-2012 del Complejo Volcánico Puyehue-Cordón Caulle (Andes del Sur) Influencia del número de mediciones de campo en la construcción de isopacas y la estimación del volumen,2024,S32706902,https://doi.org/10.3989/egeol.45173.1075,Diego Gallardo,2026-10-05 22:25
W4403094809,Association between visceral adiposity index and cancer risk in the UK Biobank cohort,2024,S126033908,https://doi.org/10.1002/cncr.35576,Solange Liliana Parra-Soto,2026-10-05 22:25
W4403110814,Vibration-based monitoring of a cross-laminated timber building in a high seismicity zone,2024,S2764927368,https://doi.org/10.1007/s13349-024-00862-1,Alan Jara-Cisterna; Franco Benedetti; Víctor Rosales; Alexander Opazo-Vega,2026-10-05 22:25
W4403147398,Deep Turbulence as a Novel Main Driver for Multi-Specific Toxic Algal Blooms: The Case of an Anoxic and Heavy Metal-Polluted Submarine Canyon That Harbors Toxic Dinoflagellate Resting Cysts,2024,S4210222090,https://doi.org/10.3390/microorganisms12102015,Gonzalo S. Saldías,2026-10-05 22:25
W4403162846,Small-scale geographic differences in multiple-driver environmental variability can modulate contrasting phenotypic plasticity despite high levels of gene flow,2024,S86852077,https://doi.org/10.1016/j.scitotenv.2024.176772,Gonzalo S. Saldías,2026-10-05 22:25
W4403196308,Zonas de Sacrificio en Chile,2024,S36614426,https://doi.org/10.1344/sn2024.28.41966,José Sandoval‐Díaz; Cristóbal Bravo Ferretti,2026-10-05 22:25
W4403230683,Heating Energy Performance Gap in Vulnerable Households: Identification and Impact of Associated Variables,2024,S198098182,https://doi.org/10.3390/en17194995,Sebastián Seguel-Vargas,2026-10-05 22:25
W4403244215,Desigualdad digital y vida doméstica: la experiencia de mujeres chilenas teletrabajando durante la pandemia por covid-19,2024,S2739371774,https://doi.org/10.30972/dpd.13227800,Soledad Martínez Labrín; Bruno Bivort Urrutia,2026-10-05 22:25
W4403248818,Bivariate Pareto–Feller Distribution Based on Appell Hypergeometric Function,2024,S4210173132,https://doi.org/10.3390/axioms13100701,Christian Caamaño‐Carrillo,2026-10-05 22:25
W4403320678,Electrocoagulation of landfill leachate: Transforming a hazardous residue into a source of irrigation water,2024,S44455300,https://doi.org/10.1016/j.jenvman.2024.122856,Marisol Maril,2026-10-05 22:25
W4403363125,Construction and validation of an instrument for early detection of stuttering in children between 2 and 2 years 11 months based on speech motor control and linguistic skills,2024,S4387287557,https://doi.org/10.56294/dm2024.391,Yasna Sandoval; Virginia García-Flores; Carlos Rojas,2026-10-05 22:25
W4403381122,Experimental Implementation of Reinforcement Learning Applied to Maximise Energy from a Wave Energy Converter,2024,S198098182,https://doi.org/10.3390/en17205087,Fabián Gonzalo Pierart; Pedro G. Campos; Cristian Basoalto; Jaime Rohten,2026-10-05 22:25
W4403422512,First radial excitations of baryons in a contact interaction: Mass spectrum,2024,S4210238307,https://doi.org/10.1103/physrevd.110.074015,Alfredo Raya,2026-10-05 22:25
W4403473949,Evaluation of the Second Virial Coefficient for the Mie Potential Using the Method of Brackets,2024,S119636414,https://doi.org/10.1080/10586458.2024.2410988,Igor Kondrashuk,2026-10-05 22:25
W4403523141,Tecnología e inteligencia artificial en educación: sesgos y amenazas en la evaluación online,2024,S4387278992,https://doi.org/10.55560/arete.2024.ee.10.11,Carlos Rodríguez Garcés; David Romero; Denisse Espinosa-Valenzuela,2026-10-05 22:25
W4403530922,"Relación entre el Liderazgo y la Gestión del Conocimiento, y su incidencia en el Comportamiento Organizativo",2024,S4404571756,https://doi.org/10.70469/labsreview.v1i1.8,Sergio Araya; Alicia Muñoz-Lillo; Yarisel Bueno-Broterson,2026-10-05 22:25
W4403540049,"Tweeting to be a constitution-writer in Chile: Social media activity, public discourse, and electoral outcomes during pandemic times",2024,S149100181,https://doi.org/10.1016/j.techsoc.2024.102740,Andrés Acuña; Pedro G. Campos; Javier Antonio León Aravena; César Salazar,2026-10-05 22:25
W4403561457,Production of high-calorific hybrid biofuel pellets from urban plastic waste and agro-industrial by-products,2024,S58516903,https://doi.org/10.1016/j.jclepro.2024.144046,Daniel Travieso Pedroso,2026-10-05 22:25
W4403587129,Dual-Action Gemcitabine Delivery: Chitosan–Magnetite–Zeolite Capsules for Targeted Cancer Therapy and Antibacterial Defense,2024,S2737559645,https://doi.org/10.3390/gels10100672,Yuly Andrea Guarín-González; G. Cabello; Galo Cárdenas-Triviño,2026-10-05 22:25
W4403601032,Exploring of Chemical Profile and Biological Activities of Three Ocimum Species From Comoros Islands: A Combination of In Vitro and In Silico Insights,2024,S960618578,https://doi.org/10.1002/cbf.70000,Carlos L. Céspedes,2026-10-05 22:25
W4403606400,Una aproximación decolonial a las Zonas de Sacrificio en Chile,2024,S2738544529,https://doi.org/10.1590/1809-43412024v21d603,Alexander Panez Pinto,2026-10-05 22:25
W4403630212,Factores que determinan la intención de usar el voto electrónico entre los 18 a 39 años,2024,S4210217562,https://doi.org/10.32870/pk.a14n27.859,Francisco Gatica Neira,2026-10-05 22:25
W4403641128,"Profesores: intelectuales, profetas y víctimas. La valorización de la figura del docente",2024,S4404662943,https://doi.org/10.61303/07183631.v33i52.264,Miguel Alvarado Borgoño,2026-10-05 22:25
W4403672647,Exploring the spatial turn in social work: a bibliometric and narrative analysis of the Latin American and Global North literature,2024,S100564699,https://doi.org/10.1080/13691457.2024.2418877,Felipe Saravia; Francisca Díaz,2026-10-05 22:25
W4403710793,The quadratic knapsack problem with setup,2024,S173256270,https://doi.org/10.1016/j.cor.2024.106873,Carlos Rey,2026-10-05 22:25
W4403730783,Environmental Life Cycle Assessment of Bleached Pulp from Eucalyptus: Chilean Case,2024,S10134376,https://doi.org/10.3390/su16219236,Adolfo Carvallo; Mabel Vega‐Coloma,2026-10-05 22:25
W4403776345,Access to Education for Early Childhood Migrants to Chile: Migratory Trajectories and Social Exclusion,2024,S2784850370,https://doi.org/10.4236/jss.2024.1210024,Miguel Friz,2026-10-05 22:25
W4403826446,CONFIGURACIÓN DE SABER PROFESIONAL -PEDAGÓGICO DEL PROFESOR NOVEL DE HISTORIA. ENTRE LA AGENCIA Y EL PESO DE LA PROFESIONALIZACIÓN,2024,S4390297081,https://doi.org/10.22320/reined.v6i2.6796,Cristian Arrepol Santos,2026-10-05 22:25
W4403838048,"Effect of Pulsed Electric Field (PEF) and cryoconcentration (c) in aqueous extracts of maqui (Aristotelia chilensis (Mol.) Stuntz) and calafate (Berberis microphylla G.) on physicochemical properties, microbiological quality, and bioactive compounds",2024,S115749436,https://doi.org/10.1016/j.fbp.2024.10.021,Carla Vidal-San Martín; José Miguel Bastías‐Montes; Yanara Tamarit‐Pino; Juan Esteban Reyes-Parra; Mario Pérez‐Won,2026-10-05 22:25
W4403870356,One to one: 2 project experiences and analysis of 3 codesign tools,2024,S4210189112,https://doi.org/10.1080/15710882.2024.2420210,Diego Pablo Cárdenas Merino; Nelson Arias Jiménez; Roberto Burdiles,2026-10-05 22:25
W4403872705,"Native woody species depend on the soil microbiome to establish on burned soils, while non‐native do not",2024,S82098733,https://doi.org/10.1111/1365-2664.14809,Cristian Torres‐Díaz,2026-10-05 22:25
W4403909649,Symplectic Reeb atlas and determination of periodic solutions in perturbed isotropic n-oscillators,2024,S151579836,https://doi.org/10.1016/j.jmaa.2024.129000,Francisco Crespo; Jersson Villafañe,2026-10-05 22:25
W4403940250,AlzyFinder: A Machine-Learning-Driven Platform for Ligand-Based Virtual Screening and Network Pharmacology,2024,S167262187,https://doi.org/10.1021/acs.jcim.4c01481,Tatiana Gutiérrez-Bunster; Alejandro Valdés-Jiménez,2026-10-05 22:25
W4403961550,"Highly efficient MIL-53(Al)@Biomass hybrid for oxytetracycline elimination: Adsorption, LED-induced photocatalysis and pyrolytic recycling",2024,S2764859491,https://doi.org/10.1016/j.jece.2024.114628,Kevin Jhon Fernández-Andrade; Alex Ariel Fernández-Andrade; Luis Ernesto Arteaga-Pérez,2026-10-05 22:25
W4403985926,Rheological Behavior of Clay Tailings in the Presence of Divalent Cations and Sodium Polyacrylate: Insights from Molecular Dynamics Simulations,2024,S123288148,https://doi.org/10.3390/polym16213091,Gonzalo R. Quezada,2026-10-05 22:25
W4404009529,A distributed double-layer control algorithm for medium voltage regulation and state of charge consensus of autonomous battery energy storage systems in distribution networks,2024,S2764865925,https://doi.org/10.1016/j.est.2024.114314,Miguel Parada Contzen,2026-10-05 22:25
W4404035304,Feedback Quantizer Improved With Simplified Discrete Space Vector Modulation for Power Converters,2024,S2485537415,https://doi.org/10.1109/access.2024.3491635,Pedro Melín,2026-10-05 22:25
W4404097289,Formulación de proyectos sociales y atributos para el liderazgo. Miradas desde dirigentes sociales chilenos,2024,S4210198959,https://doi.org/10.17151/eleu.2024.26.1.3,Héctor Cárcamo Vásquez; Marcelo Andrés Gallegos Fuentes; Carmen Gloria Jarpa Arriagada; Sady David Leaman Hasbún; Héctor Agustín Vargas Muñoz,2026-10-05 22:25
W4404114879,Natural Bactericidal Effects of Psoralea glandulosa Essential Oil for the Control of Bacterial Canker and Speck in Tomato,2024,S2738977497,https://doi.org/10.3390/agronomy14112615,Enrique Werner,2026-10-05 22:25
W4404131751,Associations between diabesity and allcause mortality: a prospective analysis of the Chilean National Health Survey 2009-2010,2024,S150269880,https://doi.org/10.21149/15520,Solange Liliana Parra-Soto,2026-10-05 22:25
W4404141882,On the underestimation of the significance of environmental impacts in Peru: an approach using homogeneous units,2024,S126893828,https://doi.org/10.1080/14615517.2024.2414161,Natalí Hurtado,2026-10-05 22:25
W4404148710,The g6 pressure of hot Yang-Mills theory: canonical form of the integrand,2024,S187585107,https://doi.org/10.1007/jhep11(2024)037,Pablo Navarrete; York Schröder,2026-10-05 22:25
W4404181481,Association between body mass index and all-cause mortality in older people: A prospective analysis of the Chilean National Health Survey 2009-2010,2024,S155962516,https://doi.org/10.4067/s0034-98872024000600645,Solange Liliana Parra-Soto,2026-10-05 22:25
W4404181488,Impulso a la longevidad: El potencial de una alimentación saludable para aumentar la esperanza de vida en Chile,2024,S155962516,https://doi.org/10.4067/s0034-98872024000500640,Solange Liliana Parra-Soto,2026-10-05 22:25
W4404228999,The Positive Impact of the Open Access Scientific Publishing in Chile,2024,S2738007992,https://doi.org/10.3390/publications12040041,Gonzalo R. Quezada,2026-10-05 22:25
W4404242731,GPU Accelerating Algorithms for Three-Layered Heat Conduction Simulations,2024,S4210192031,https://doi.org/10.3390/math12223503,Nicolás Murúa; Aníbal Coronel,2026-10-05 22:25
W4404248308,Natural Semantic Networks: The Concept of Mistreatment and Good Treatment in Students of Health Careers,2024,S4210194710,https://doi.org/10.3390/bs14111072,Marjorie Baquedano-Rodríguez,2026-10-05 22:25
W4404248974,"Tras las puertas del gabinete: memoria, coleccionismo y espacio doméstico",2024,S4210234106,https://doi.org/10.5209/anha.94248,Bárbara Viney Sáez Orrego,2026-10-05 22:25
W4404257063,A conforming mixed finite element method for a coupled Navier–Stokes/transport system modeling reverse osmosis processes,2024,S40006715,https://doi.org/10.1016/j.cma.2024.117527,Ricardo Oyarzúa,2026-10-05 22:25
W4404276823,A new parametric quantile regression model based on an Owen distribution,2024,S188551233,https://doi.org/10.1080/00949655.2024.2422921,Diego Ignacio Gallardo,2026-10-05 22:25
W4404277349,High-Performance Concrete from Rubber and Shell Waste Materials: Experimental and Computational Analysis,2024,S18714766,https://doi.org/10.3390/ma17225516,Ricardo Muñoz; Cristopher Aedo,2026-10-05 22:25
W4404280424,Delineating genomic features for wild guanaco conservation,2024,S98424699,https://doi.org/10.1093/biolinnean/blae087,Juan Carlos Marín,2026-10-05 22:25
W4404321744,"Spatio-temporal variability of remote sensing reflectance from MODIS imagery for water quality assessment: A case study of Northern Patagonia, Chile",2024,S113313948,https://doi.org/10.1016/j.asr.2024.11.014,Gonzalo S. Saldías,2026-10-05 22:25
W4404328817,A mathematical model of flavescence dorée in grapevines by considering seasonality,2024,S113214489,https://doi.org/10.3934/mbe.2024332,Aníbal Coronel,2026-10-05 22:25
W4404331894,School contextualization with indigenous group’s socio-educational methods and pedagogies,2024,S2596526815,https://doi.org/10.3389/feduc.2024.1425464,Héctor Torres Cuevas,2026-10-05 22:25
W4404333954,Periodic orbits and KAM tori of a particle around a homogeneous elongated body,2024,S195495005,https://doi.org/10.1080/14689367.2024.2426585,E. Martínez,2026-10-05 22:25
W4404341333,Unraveling the Amino Acid Synthesis in Maturity Sesame Seeds Based on the Integrative Analysis of Transcriptome and Metabolome,2024,S4210228674,https://doi.org/10.1002/fft2.509,Carlos L. Céspedes,2026-10-05 22:25
W4404353401,Structured design of a hydrochar-supported LDH/MOF composite for improved photocatalytic applications,2024,S4210226253,https://doi.org/10.1016/j.rineng.2024.103424,Kevin Jhon Fernández-Andrade,2026-10-05 22:25
W4404357263,Collaborative Caching for Implementing a Location-Privacy Aware LBS on a MANET,2024,S4210205812,https://doi.org/10.3390/app142210480,Rudyard Fuster; Claudio Gutiérrez-Soto,2026-10-05 22:25
W4404369236,Problemáticas educativas en contexto de pandemia desde la perspectiva del profesorado,2024,S4210230295,https://doi.org/10.4067/s0718-07052024000100363,Nelly Lagos-San-Martín,2026-10-05 22:25
W4404408780,Camino a una nueva paternidad: Perspectivas respecto al rol del padre en familias biparentales chilenas,2024,S2736436647,https://doi.org/10.22235/cp.v18i2.3846,D Lara; Camila Paulette Rubilar Valenzuela; Nelson Zicavo; Mónica Pino Muñoz,2026-10-05 22:25
W4404439055,Mixed Virtual Element Approximation for the Five-Field Formulation of the Steady Boussinesq Problem with Temperature-Dependent Parameters,2024,S151550017,https://doi.org/10.1007/s10915-024-02722-y,Zeinab Gharibi,2026-10-05 22:25
W4404440443,"Competitividad y ventaja comparativa de ganado bovino de carne en la Sierra Norte de Puebla, México",2024,S2482385801,https://doi.org/10.22319/rmcp.v15i4.6530,Juan Hernán Cabas Monje,2026-10-05 22:25
W4404473423,Optimised biopolymer-based capsules for enhancing the mechanical and self-healing properties of asphalt mixtures,2024,S20715302,https://doi.org/10.1617/s11527-024-02508-6,José L. Concha,2026-10-05 22:25
W4404486034,Valorization of municipal solid wastes via pyrolysis and hydropyrolysis: Unveiling the role of natural zeolites as catalysts and supports for Ni and Cu,2024,S2764859491,https://doi.org/10.1016/j.jece.2024.114859,Serguei Alejandro-Martín; Luis Ernesto Arteaga-Pérez,2026-10-05 22:25
W4404509085,Representaciones sociales de la masculinidad en el discurso parlamentario en Chile,2024,S4210168979,https://doi.org/10.5209/poso.92326,Héctor Cárcamo Vásquez,2026-10-05 22:25
W4404515189,Gestión de costos interorganizacionales en una empresa fabricante de envases de vidrio,2024,S4393914559,https://doi.org/10.56563/costosygestion.108.e1,Cecilia Gallegos Muñoz; Sthefany Javiera Rodríguez Andrades; Estela Rodríguez Quezada,2026-10-05 22:25
W4404546184,Secchi Depth Retrieval in Oligotrophic to Eutrophic Chilean Lakes Using Open Access Satellite-Derived Products,2024,S43295729,https://doi.org/10.3390/rs16224327,Patricia Arancibia‐Ávila,2026-10-05 22:25
W4404567170,An inverse problem for the system modeling nonhomogeneous asymmetric fluids,2024,S68029218,https://doi.org/10.1080/00036811.2024.2426216,Aníbal Coronel,2026-10-05 22:25
W4404593326,Power Truncated Positive Normal Distribution: A Quantile Regression Approach Applied to Health Databases,2024,S4210173132,https://doi.org/10.3390/axioms13120811,Diego Ignacio Gallardo,2026-10-05 22:25
W4404594319,Una relación singular en tiempos de dictadura El obispo de Chillán Francisco José Cox y el General Pinochet,2024,S4394708470,https://doi.org/10.58210/nhyg587,Cristián Leal Pino; Mauricio Rojas Gómez,2026-10-05 22:25
W4404594417,"Evaluación de recursos turísticos para incrementar la competitividad, Coihueco, Chile",2024,S4394708470,https://doi.org/10.58210/nhyg565,Christian Loyola Gómez; María Julia Fawaz Yissi; Mónica Elizabeth Navarrete Muñoz,2026-10-05 22:25
W4404594645,Adaptive-Step Perturb-and-Observe Algorithm for Multidimensional Phase Noise Stabilization in Fiber-Based Multi-Arm Mach–Zehnder Interferometers,2024,S190629608,https://doi.org/10.3390/a17120534,Gustavo Cañas,2026-10-05 22:25
W4404611766,The Impact Students’ Preferences Have on Written Corrective Feedback Effectiveness,2024,S4210227899,https://doi.org/10.1590/1984-6398202444097,Belén Muñoz Muñoz,2026-10-05 22:25
W4404613660,Reduction and reconstruction procedure of a family of polynomial Hamiltonians in 1:1:2 and 1:1:-2 resonances,2024,S195495005,https://doi.org/10.1080/14689367.2024.2428773,Cláudio Vidal,2026-10-05 22:25
W4404632259,Propiedades psicométricas e invarianza factorial de la Escala de Actitudes hacia el Cambio Climático en población chilena,2024,S2736436647,https://doi.org/10.22235/cp.v18i2.3671,José Sandoval‐Díaz; Orlando Aedo Soto; Richard Cisternas Victoriano,2026-10-05 22:25
W4404638315,Influencia del Covid-19 en los modelos de juego em niños y adolescentes. Revisión sistemática,2024,S4210204017,https://doi.org/10.29257/ea27.2024.04,Luis Felipe Castelli Correia de Campos,2026-10-05 22:25
W4404642468,PAH contamination in coastal surface sediments and associated bacterial communities,2024,S196734849,https://doi.org/10.1038/s41598-024-78905-2,Karem Henríquez‐Aedo,2026-10-05 22:25
W4404666098,Healthy green leaves of medicinal plants in Latin America: a review,2024,S4210198045,https://doi.org/10.34188/bjaerv7n4-074,Javier Leiva-Vega; María Guerra‐Valle; Katy Marcela Castellanos-Reyes,2026-10-05 22:25
W4404698000,Validación de un instrumento para identificar las conductas promotoras de salud en estudiantes universitarios,2024,S93520703,https://doi.org/10.1177/17579759241293661,Verónica Jara Contreras; Verónica Chandia-Reyes; Ximena Herrera-Morales,2026-10-05 22:25
W4404727318,Microalgae-loaded SPI-based monodisperse emulsions prepared by PREMIX membrane emulsification: Effect of pH and HHP on droplet size and droplet size distribution,2024,S4210228229,https://doi.org/10.1016/j.afres.2024.100629,Mario Pérez‐Won,2026-10-05 22:25
W4404737412,Paracanoagem no Brasil,2024,S147589591,https://doi.org/10.22456/1982-8918.129812,Luiz Gustavo Teixeira Fabrício dos Santos,2026-10-05 22:25
W4404742274,Bovine brucellosis in dual-purpose cattle herds and its potential economic impact in the Colombian Caribbean region,2024,S146569788,https://doi.org/10.1007/s11259-024-10606-7,Juan Carlos Crisóstomo,2026-10-05 22:25
W4404788024,Brain and brain blood vessels histological description in autopsies of fetuses/neonates born to mothers with hypertension during pregnancy. A case–control study,2024,S4210194528,https://doi.org/10.1016/j.lana.2024.100955,Carlos Escudero,2026-10-05 22:25
W4404788299,Preventing Health Risks Through Intelligent Medical Appointment Management Using Disease and Attendance Propensity,2024,S2485537415,https://doi.org/10.1109/access.2024.3508454,Fredy Humberto Troncoso Espinosa; Guillermo Latorre-Núñez; Catalina Valenzuela-Núñez; Juan San Martín-Durán,2026-10-05 22:25
W4404797966,Additive manufacturing in the construction industry,2024,S172073041,https://doi.org/10.1016/j.autcon.2024.105888,Moisés Medina; Alexander Opazo-Vega,2026-10-05 22:25
W4404816346,Exponential dichotomy for a class of asymptotically autonomous delayed differential equations,2024,S104894821,https://doi.org/10.1007/s00209-024-03652-z,Adrián Gómez,2026-10-05 22:25
W4404838714,Road to Tokyo Paralympic Games: Impact of the COVID-19 Pandemic on the Mood States of Brazilian Para Athletes,2024,S138433285,https://doi.org/10.1123/jsr.2023-0263,Luis Felipe Castelli Correia de Campos,2026-10-05 22:25
W4404866391,Sensibilidad histórica y futuro en las sociedades capitalistas globalizadas. Las proyecciones históricas de los jóvenes chilenos,2024,S2738898419,https://doi.org/10.6018/pantarei.594311,Cristián Eduardo Leal Pino,2026-10-05 22:25
W4404902594,Integrability of special quadratic systems with invariant hyperbolas,2024,S4210171405,https://doi.org/10.1017/prm.2024.78,Y. Paulina Martínez,2026-10-05 22:25
W4404916985,The Steiner tree Prosecutor: Revealing and disrupting criminal networks through a single suspect,2024,S202381698,https://doi.org/10.1371/journal.pone.0312827,Fredy Humberto Troncoso Espinosa,2026-10-05 22:25
W4404917872,Influence of the mechanical activation process on the corrosion of Ti2AlN MAX phase obtained by hot pressing,2024,S106928643,https://doi.org/10.1016/j.ceramint.2024.12.008,Christopher Salvo; Marisol Maril,2026-10-05 22:25
W4404923934,"Variables and objectives in multi-objective optimization for the integration of architecture, structure, and environmental impact: a literature review",2024,S140500131,https://doi.org/10.1080/00038628.2024.2434599,Ginnia Moroni; Cristián Berríos Flores,2026-10-05 22:25
W4404925319,"Cincuenta años, de Marcelo Leonart: guerra y memoria desde la urgencia del presente",2024,S4210234491,https://doi.org/10.48162/rev.43.059,Tania Faúndez Carreño,2026-10-05 22:25
W4404929312,Beyond fear: The role of emotions in disaster risk reduction in the face of climate change,2024,S150370431,https://doi.org/10.1016/j.emospa.2024.101054,Claudio Araneda; Roberto Burdiles,2026-10-05 22:25
W4404963666,Análisis del comportamiento de un amortiguador de masa sintonizado considerando incertidumbre en los parámetros del sistema para excitaciones sísmicas de alto contenido de frecuencias,2024,S4210227506,https://doi.org/10.21703/0718-2813.2024.36.3000,Gilda Espinoza; Álvaro Suazo; Paulina Yolanda Montaño Ulloa,2026-10-05 22:25
W4404964387,Análisis del comportamiento de un amortiguador de masa sintonizado considerando incertidumbre en los parámetros del sistema para excitaciones sísmicas estocásticas de bajo contenido de frecuencias,2024,S4210227506,https://doi.org/10.21703/0718-2813.2024.36.3004,Álvaro Suazo; Gilda Espinoza; Aylin Escobar,2026-10-05 22:25
W4404973017,From pages to practice: improving reading comprehension and learning strategies through physics learning,2024,S43510877,https://doi.org/10.1088/1361-6552/ad9372,Pablo De Ruyt; Javier Pulgar; Iván Sánchez; Edith Herrera San Martín,2026-10-05 22:25
W4404977229,Effect of oriented external electric fields on the Staudinger [2 + 2] cycloaddition reaction: a computational study,2024,S81945236,https://doi.org/10.1007/s00214-024-03160-7,Omar Alvarado; Fabiola Estefany Medina; Jaime R. Cabrera‐Pardo,2026-10-05 22:25
W4405029519,"Procesos reflexivos promovidos en el futuro profesorado, en perspectiva de docentes que ejercen la acción tutorial en el prácticum",2024,S4210232918,https://doi.org/10.4151/07189729-vol.63-iss.3-art.1485,Carolina Flores Lueg,2026-10-05 22:25
W4405078396,Microwave Heating and Self-Healing Performance of Asphalt Mixtures Containing Metallic Fibres from Recycled Tyres,2024,S18714766,https://doi.org/10.3390/ma17235950,José L. Concha; María J. Varela,2026-10-05 22:25
W4405098718,"Accesibilidad y Desarrollo en la Región de Ñuble, Chile",2024,S4210213671,https://doi.org/10.48162/rev.40.045,Christian Loyola Gómez; Juan Rivas Maldonado,2026-10-05 22:25
W4405103095,Experimental demonstration of the equivalence of entropic uncertainty with wave-particle duality,2024,S2737427234,https://doi.org/10.1126/sciadv.adr2007,Alvaro Alarcón,2026-10-05 22:25
W4405183401,Characterization of healthy habits and physical activity in adolescent students from Chile,2024,S2738013834,https://doi.org/10.47197/retos.v63.109885,Luis Felipe Castelli Correia de Campos,2026-10-05 22:25
W4405187739,A review on multi-focus image fusion using deep learning,2024,S45693802,https://doi.org/10.1016/j.neucom.2024.129125,Joel Fuentes,2026-10-05 22:25
W4405210288,"Alternativas para desplazamientos sostenibles en Concepción, Chile: percepciones pre y durante la pandemia de Covid-19",2024,S2737067835,https://doi.org/10.5821/ace.19.56.13248,Francisco Javier Núñez Cerda,2026-10-05 22:25
W4405218414,Thermo-catalytic depolymerization of lignin over Pd-based catalysts: Role of catalyst support on monoaromatics selectivity,2024,S171918450,https://doi.org/10.1016/j.biombioe.2024.107547,José R. Colina; Maray Ortega,2026-10-05 22:25
W4405229474,Comparative Study of Visual Programming Procedures for 3D Concrete Printing of Different Geometric Shapes,2024,S4306527514,https://doi.org/10.7764/ric.00114.21,Elena Alucema; Adolfo Burkart; Rodrigo García Álvarado; Javier Sepúlveda-Morales,2026-10-05 22:25
W4405239153,Optimizing Districting and Seat Allocation for Enhanced Representativeness in Chile’s Chamber of Deputies,2024,S4210192031,https://doi.org/10.3390/math12243878,Carlos Obreque,2026-10-05 22:25
W4405307342,Consideraciones y aprendizajes en la estandarización del traslado interhospitalario de pacientes críticos,2024,S4210220070,https://doi.org/10.5354/2452-5839.2024.72425,Pamela Aurora Montoya Cáceres,2026-10-05 22:25
W4405312219,206 Evaluation of two in vitro models as a possible platform for research on mare endometrosis,2024,S199941106,https://doi.org/10.1071/rdv37n1ab206,Carlos Escudero,2026-10-05 22:25
W4405315320,Anatomías de la verticalización en el área metropolitana de Concepción,2024,S74930560,https://doi.org/10.5354/0718-8358.2024.74327,Sergio Baeriswyl,2026-10-05 22:25
W4405329747,Modelo de competencias para el aprendizaje online en educación superior: un análisis bibliométrico y revisión sistemática,2024,S2738267768,https://doi.org/10.5944/ried.28.1.41351,Gonzalo Garcés,2026-10-05 22:25
W4405332035,Extracellular Vesicles From Preeclampsia Disrupt the Blood-Brain Barrier by Reducing CLDN5,2024,S3485792,https://doi.org/10.1161/atvbaha.124.321077,Hermes Sandoval; Belén Ibáñez; Moisés Contreras; Felipe Troncoso; Estefanny Escudero-Guevara; Jesenia Acurio; Carlos Escudero,2026-10-05 22:25
W4405364847,Water quality polluted by total suspended solids classified within an artificial neural network approach,2024,S5407023064,https://doi.org/10.2166/wqrj.2024.061,Alfredo Raya,2026-10-05 22:25
W4405368006,Influence of magnetic field-induced anisotropic gluon pressure during pre-equilibrium in heavy-ion collisions: A faster road toward isotropization,2024,S4210238307,https://doi.org/10.1103/physrevd.110.l111501,Ana Júlia Mizher,2026-10-05 22:25
W4405395634,Arachidonic acid and antioxidant behavior in Ulkenia visurgensis strain Lng2 under adaptive laboratory evolution,2024,S2502055758,https://doi.org/10.1016/j.algal.2024.103859,Cinthia Vásquez-Sandoval; Paula Herrera-Herrera; José Navarrete; Pedro Contreras; Claudia Oviedo,2026-10-05 22:25
W4405428700,Insight into the main determinants of the struggle against overweight and obesity in Chile: Use of random forest techniques and econometric models,2024,S202381698,https://doi.org/10.1371/journal.pone.0309351,Rodrigo Romo Muñoz; Cristhian Aguilera,2026-10-05 22:25
W4405477925,Factores que influyen en la rentabilidad de las pequeñas y medianas empresas del sector gastronómico,2024,S4210173037,https://doi.org/10.15304/rge.34.1.9939,Estela Rodríguez Quezada; Carolina Ivón Cartes Cabrera; Norma Alejandra Cofré Mella,2026-10-05 22:25
W4405487131,Transversal education in higher education: a study on emotional competencies and emotional intelligence in Veterinary Medicine and Nursing,2024,S4387280997,https://doi.org/10.56294/saludcyt20251150,Nelly Lagos San Martín,2026-10-05 22:25
W4405523672,Competencias emocionales en educación superior: una revisión sistemáticaCompetencias emocionales en educación superior: una revisión sistemática,2024,S2738064548,https://doi.org/10.19083/ridu.2025.1828,Nelly Lagos San Martín; Marcela del Carmen Concha Toro,2026-10-05 22:25
W4405541722,La guerra de la Independencia en la dramaturgia chilena del siglo XIX,2024,S4210196781,https://doi.org/10.21142/des-1604-2024-0061,Tania Faúndez Carreño,2026-10-05 22:25
W4405710597,Análisis de prácticas pedagógicas en la enseñanza de física general: un enfoque por competencias bajo estructura modular en carreras de ingeniería,2024,S4210211945,https://doi.org/10.4067/s0718-50062024000500139,Iván R. Sánchez; Javier Pulgar,2026-10-05 22:25
W4405711558,Discrete and continuous dynamics of real 3-dimensional nilpotent polynomial vector fields,2024,S77748030,https://doi.org/10.1007/s00013-024-02085-8,Salomón Rebollo-Perdomo,2026-10-05 22:25
W4405721450,"Gestational Hypertension, Preeclampsia, and Eclampsia and Future Neurological Disorders",2024,S164389565,https://doi.org/10.1001/jamaneurol.2024.4426,Carlos Escudero,2026-10-05 22:25
W4405725250,Applying Game Theory to Teach the PERT Scheduling Method,2024,S4210205812,https://doi.org/10.3390/app142412045,Carla Contreras,2026-10-05 22:25
W4405726190,Optimization of Phenolic Content Extraction and Effects of Drying Treatments on Physicochemical Characteristics and Antioxidant Properties of Edible Mushroom Pleurotus ostreatus (Jacq.) P. Kumm (Oyster Mushroom),2024,S2737566431,https://doi.org/10.3390/antiox13121581,José Miguel Bastías‐Montes,2026-10-05 22:25
W4405757459,Teachers’ Perspectives on Internet Use: Towards the Digital Inclusion of Students with Intellectual Disability or Autism Spectrum Disorder,2024,S4210195220,https://doi.org/10.3390/disabilities4040072,Miguel Claudio Friz Carrillo,2026-10-05 22:25
W4405819736,Oceanic phytoplankton structure off western Patagonia during the austral summer: Implications for harmful algal blooms,2024,S9314624,https://doi.org/10.1016/j.pocean.2024.103409,Gonzalo S. Saldías,2026-10-05 22:25
W4405859921,Thermo field dynamics in the Lorentz-violating Myers–Pospelov model,2024,S68175919,https://doi.org/10.1142/s0217751x25500125,Carlos M. Reyes,2026-10-05 22:25
W4405868044,Stability of the thin shell from traversable Schwarzschild-like wormholes,2024,S94052278,https://doi.org/10.1140/epjc/s10052-024-13676-8,Mauricio Cataldo,2026-10-05 22:25
W4405877731,Bibliometric analysis of early childhood stuttering (1975-2024),2024,S4387280997,https://doi.org/10.56294/saludcyt2024.1218,Virginia García-Flores; Yasna Sandoval; Marcela Sanhueza-Garrido,2026-10-05 22:25
W4405919700,"Reconciliar la memoria: Estudio de Interpretación Patrimonial sobre Memorial “La estrella” Hualpén, Chile",2024,S4387286743,https://doi.org/10.5354/2810-6245.2024.75816,Daniela Matus Cuevas,2026-10-05 22:25
W4405920647,Design and Implementation of a Compiled Declarative Language for Game AI Control,2024,S4210205812,https://doi.org/10.3390/app15010157,Christopher Cromer; Martin Araneda; Clemente Rubio-Manzano,2026-10-05 22:25
W4405921605,Effects of Drying Treatments on the Physicochemical Characteristics and Antioxidant Properties of the Edible Wild Mushroom Cyttaria espinosae Lloyd (Digüeñe Mushroom),2024,S2737643958,https://doi.org/10.3390/jof11010013,José Miguel Bastías‐Montes,2026-10-05 22:25
W4405934021,"Reading Comprehension in Older Adults—Effects of Age, Educational Level, and Reading Habits",2024,S2737368440,https://doi.org/10.3390/jintelligence13010004,Carlos Rojas,2026-10-05 22:25
W4405941196,"Agronegocio y nuevos pactos hidrosociales en América Latina: expansión agroexportadora en la región de Ñuble, Chile",2024,S4210175624,https://doi.org/10.24850/j-tyca-2025-01-09,"Universidad del Bío-Bío, Concepción, Chile; Alexander Panez Pinto",2026-10-05 22:25
W4405984397,Electroweak gauge invariant Higgs multiplets,2024,S187585107,https://doi.org/10.1007/jhep12(2024)160,M. Maniatis,2026-10-05 22:25
W4405991902,Síndrome de Burnout y su relación con variables sociodemográficas y laborales de trabajadores del Cesfam de Ñipas,2024,S4306526293,https://doi.org/10.5354/0719-5281.2024.72874,Patricio Oliva-Moresco,2026-10-05 22:25
W4405993080,"Análisis de usos edificatorios y población en tres zonas típicas urbanas de Santiago, Chile",2024,S4210172960,https://doi.org/10.22320/07183607.2024.27.50.08,María Isabel López Meza,2026-10-05 22:25
W4405993338,"Los retos de la planificación urbana, retrospectiva y prospectiva",2024,S4210172960,https://doi.org/10.22320/07183607.2024.27.50.00,Ana Zazo Moratalla,2026-10-05 22:25
W4406050075,Educación Superior Técnico Profesional en tiempos de pandemia: efectos de la educación a distancia,2024,S4306527567,https://doi.org/10.18004/riics.2024.diciembre.197,Claudio Figueroa-Lagos; Andrea King-Domínguez; Virginia García-Flores; Luis Rodolfo Améstica-Rivas,2026-10-05 22:25
W4406162571,Cómo afectan el clima organizacional y el compromiso laboral a los factores de tensión laboral: estudio en funcionarios públicos,2024,S4210226899,https://doi.org/10.35692/07183992.17.2.7,María Margarita Chiang Vega; Nataly Abigail Valdebenito Garcés; María José Rivera Cerda; Juan Pablo Hidalgo-Ortiz,2026-10-05 22:25
W4406239495,Nivel de empatía de estudiantes del área de la salud de una universidad pública de Chile,2024,S2738008052,https://doi.org/10.58807/indexenferm20247028,Angela Andrea Astudillo Araya; C. Sáez; Maiden Nicole Medina Montes; Catalina De Los Ángeles Merino Fuentealba; Michelle Andrea Pérez Retamal; José Manuel León Pino,2026-10-05 22:25
W4406527293,Inclusión del Estudiantado “Trans” en el Sistema Universitario Chileno,2024,S4210209713,https://doi.org/10.4067/s0718-73782024000300145,Juan Cornejo Espejo,2026-10-05 22:25
W4406532397,Egresos hospitalarios por enfermedad cardiovascular en el período 2011-2021 en la Región de Ñuble-Chile,2024,S4210168630,https://doi.org/10.4067/s0718-85602024000300204,Jacqueline Alejandra Araneda-Flores; Carolina Luengo Martínez,2026-10-05 22:25
W4406618488,Enrique Gajardo Velásquez (1923-1999): disruptor del Teatro Moderno en Chillán,2024,S4394736069,https://doi.org/10.5354/0719-6490.2024.77518,Marco Reyes Coca,2026-10-05 22:25
W4406618547,SIDARTE Ñuble: 5 años de lucha sindical (2019-2024),2024,S4394736069,https://doi.org/10.5354/0719-6490.2024.77517,Tania Faúndez Carreño,2026-10-05 22:25
W4406794610,"La Inseguridad Tecnológica y su incidencia en la Satisfacción Laboral y Compromiso Organizativo, del personal administrativo universitario",2024,S4404571756,https://doi.org/10.70469/labsreview.v1i2.9,Sergio Araya; Marcela Guiñez,2026-10-05 22:25
W4406833503,El fortalecimiento industrial del Bíobío,2024,S4387288708,https://doi.org/10.22320/hem.v23i2.7000,Luis Méndez Briones,2026-10-05 22:25
W4406833527,"Evaluación de encadenamientos de la economía de la región del Biobío mediante una matriz insumo producto simétrica a precios básicos, año 2018",2024,S4387288708,https://doi.org/10.22320/hem.v23i2.7001,Osvaldo Pino Arriagada; Gustavo Escobar Santibáñez,2026-10-05 22:25
W4407368289,Coeducación y género: concepciones y prácticas educativas del profesorado de Educación Física en Chile,2024,S2737918976,https://doi.org/10.36097/rsan.v1i60.3289,Samuel Pérez Norambuena; Jose Arriagada Sandoval; Agustín Salazar Saldías,2026-10-05 22:25
W4407564460,"First Record of the Exotic Terrestrial Snail Carychium minimum Müller, 1774 (Gastropoda: Ellobiidae) in Chile",2024,S81028643,https://doi.org/10.71424/azb76.4.002773,Gonzalo A. Collado,2026-10-05 22:25
W4407895222,Análisis temporal de la final del torneo de fútbol 7 para jugadores con parálisis cerebral en Chile,2024,S2738994920,https://doi.org/10.17979/sportis.2025.11.1.11143,Mónica Fernández Muñoz; Luis Felipe Castelli Correia de Campos; Luiz Gustavo Teixeira Fabrício dos Santos,2026-10-05 22:25
W4407895560,La evaluación actitudinal en la formación de profesores de “Educación Física” en Chile ¿En qué estamos y hacia dónde vamos?,2024,S2738994920,https://doi.org/10.17979/sportis.2025.11.1.11230,Samuel Pérez Norambuena,2026-10-05 22:25
W4408098434,"Educación en Sexualidad, Afectividad y Género. Percepción de estudiantes secundarios en un establecimiento educacional de la comuna de Coronel",2024,S4210172884,https://doi.org/10.29035/pai.10.1.27,Isaac Ruiz Muñoz; Karen Dayana Huilca Pérez; Diego Campos Aravena; Branco Madariaga Manríquez; Danais Miranda Peña,2026-10-05 22:25
W4408332571,"Nivel de depresión y características sociodemográficas, familiares y académicas en estudiantes universitarios",2024,S4210232697,https://doi.org/10.4067/s0717-92272024000400314,Jacqueline Alejandra Araneda-Flores,2026-10-05 22:25
W4408333370,Equilibrio fonológico de las listas de palabras empleadas en la logoaudiometría en Chile,2024,S4210190511,https://doi.org/10.4067/s0718-48162024000400492,Jorge Burdiles-Aguirre; Gabriel Lagos Riveros; Jaime Crisosto-Alarcón,2026-10-05 22:25
W4408342186,A noncoforming virtual element approximation for the Oseen eigenvalue problem,2024,S201897549,https://doi.org/10.1093/imanum/drae108,Dibyendu Adak; Felipe Lepe,2026-10-05 22:25
W4408343634,"Niveles alarmantes de inactividad física en Chile, Latinoamérica y el mundo. ¡Es hora de actuar!",2024,S4210227418,https://doi.org/10.4067/s0717-75182024000500348,Carla Villagrán-Cerro,2026-10-05 22:25
W4408367339,Ambiente alimentario alrededor de establecimientos educacionales municipalizados de la ciudad de Chillán,2024,S4210227418,https://doi.org/10.4067/s0717-75182024000600446,Jacqueline Alejandra Araneda-Flores; Álvaro Toledo; Constanza Inzunza; Carolina Córdova,2026-10-05 22:25
W4408694555,Vitalidad lingúˆística del chedungun en adolescentes de la comuna de Alto Biobío: una perspectiva desde la comunidad,2024,S206910646,https://doi.org/10.7764/onomazein.66.08,Elizabeth Quintrileo Llancao,2026-10-05 22:25
W4408695910,Incidencia de la escolarización en la producción léxica sobre la evaluación de futuros profesores de educación básica,2024,S4210230295,https://doi.org/10.4067/s0718-07052024000200361,Ana Carolina Maldonado Fuentes; Francisco Rodríguez-Alveal,2026-10-05 22:25
W4408696241,Validez de constructo del Cuestionario de Vocación Docente para estudiantes de pedagogía,2024,S4210230295,https://doi.org/10.4067/s0718-07052024000200051,Carlos Ossa Cornejo; Nelly Lagos-San-Martín; Maritza Palma; Juan Pablo Hidalgo-Ortiz,2026-10-05 22:25
W4408811404,FACILITADORES Y BARRERAS DE LA ADHERENCIA A LA VACUNACIÓN CONTRA COVID-19 EN PERSONAL DE SALUD,2024,S4210167916,https://doi.org/10.7764/horiz_enferm.35.3.1067-1080,Carolina de La Hoz Riquelme; Bárbara Reyes Molina; Carmen Luz Muñoz-Mendoza,2026-10-05 22:25
W4408929955,Cambios hidrográficos estacionales a lo largo de la costa del Golfo de Arauco (37º S),2024,S116585955,https://doi.org/10.4067/s0717-65382024000200154,Odette A. Vergara; Gonzalo S. Saldías,2026-10-05 22:25
W4409503822,Pedagogía e ingreso vía especial en programas de baja demanda en Chile,2024,S4387284964,https://doi.org/10.56219/revistadeinvestigacin.v48i112.2635,Carlos Rodríguez Garcés; Denisse Espinosa-Valenzuela; Geraldo Padilla Fuentes,2026-10-05 22:25
W4410336754,Fraude académico o pactos de aprendizaje colaborativo: Una aproximación analítica a la transversal estrategia que irrumpe en la evaluación online,2024,S204228983,https://doi.org/10.11144/javeriana.upsy23.fapa,Carlos Rodríguez Garcés; David Romero Garrido; Denisse Espinosa-Valenzuela,2026-10-05 22:25
W4410486110,ONE-POT GREEN SYNTHESIS OF FLUORESCENT-QUANTUM CARBON DOTS FROM AVOCADO PEELS AND EVALUATION OF ITS ANTIMICROBIAL PROPERTIES,2024,S114494114,https://doi.org/10.4067/s0717-97072024000206129,Nandis Fiallos; Diana Isabel Correa; Sergio Acuña; Matias Venegas; Francisco Bustamante; Girlenne Christiansen; Julio Alarcón; Edgar Pastene,2026-10-05 22:25
W4412025745,Crecimiento forestal en Ñuble (Chile): ¿desarrollo regional o actividad extractivista?,2024,S4210218344,https://doi.org/10.48162/rev.55.062,Juan Rivas Maldonado; Nicole Zapata Márquez,2026-10-05 22:25
W4412909031,Diseño y Validación de un instrumento: Valoración de la satisfacción de la práctica profesional en estudiantes de Pedagogía en Educación física,2024,S4210230295,https://doi.org/10.4067/s0718-07052024000300103,Claudio Hernández-Mosqueira,2026-10-05 22:25
W4412909191,Adaptación y Validación de un Marco Orientador para la Promoción Institucional del Desarrollo Académico de la Docencia en Chile,2024,S4377196274,,"Ortiz-Salgado,Rodrigo",2026-10-05 22:25
W4413356504,POLYLACTIC ACID (PLA) SCAFFOLD FOR CONTROLLED RELEASE OF ESSENTIAL OIL OF CANELO DRIMYS WINTERI: CONTROL OF PHYTOPATHOGENS IN FRUITS,2024,S114494114,https://doi.org/10.4067/s0717-970720240003066149,Jaime R. Cabrera‐Pardo; Ramón Ahumada-Rudolph; Paola Méndez; Antonio Maureira; Manuel Nova; Enzo Manuel Romero; Sergio González,2026-10-05 22:25
W4413356547,HYBRID MATERIALS BASED IN METAL-ORGANIC-FRAMEWORKS SUPPORTED ACTIVATED CARBON AS A NOVEL MATERIALS FOR CO2 ADSORPTION FOR ENVIRONMENTAL AND ENERGY APPLICATIONS,2024,S114494114,https://doi.org/10.4067/s0717-970720240003066175,Paola Méndez-Herrera; Ramón Ahumada Rudolph,2026-10-05 22:25
W4414116656,COMPRENSIÓN LECTORA EN L2: EFECTO DE LA INSTRUCCIÓN EXPLÍCITA DE ESTRATEGIAS DE APRENDIZAJE COGNITIVAS Y METACOGNITIVAS,2024,S121660858,https://doi.org/10.32735/s0718-22012024000583586,Belén Muñoz Muñoz,2026-10-05 22:25
W4414491623,MSA Class Logos: a web server for automated sequence logo generation for user-defined sequence classes based on one multiple sequence alignment,2024,S4210234069,https://doi.org/10.1093/bioadv/vbaf217,Alejandro Valdés-Jiménez,2026-10-05 22:25
W7111431011,Comparison of the modular and hierarchical cluster methods for the analysis of a health network,2024,S4377196262,,"Leyton Pavez, Carolina Elena; Huerta Riveros, Patricia",2026-10-05 22:25
W7115033070,Habitar poético,2024,S4306401293,,"Cerda Brintrup, Gonzalo",2026-10-05 22:25
W7115036859,COMPRENSIÓN LECTORA EN L2: EFECTO DE LA INSTRUCCIÓN EXPLÍCITA DE ESTRATEGIAS DE APRENDIZAJE COGNITIVAS Y METACOGNITIVAS,2024,S4306401293,,"Muñoz Muñoz, Belén C.",2026-10-05 22:25
W7118971069,Pedagogia no Território para Construir Resistência ao Extrativismo Florestal e Frutícola,2024,S4306402641,https://doi.org/10.21057/10.21057/repamv16n2.2022.49311,Héctor Torres Cuevas,2026-10-05 22:25
W7119372028,Políticas gerencialistas en la gestión educativa en un contexto de cuasimercado educativo: ¿gestionar el cambio o cambiar la gestión?,2024,S4306402641,,Carolina Jeniffer Valenzuela Baeza,2026-10-05 22:25
W7134737945,"Zonas de Sacrificio en Chile: Justicia espacial/ambiental, trayectorias geográficas y las derivas del acontecimiento",2024,S4306400663,,José Sandoval Díaz; Cristóbal Bravo Ferretti,2026-10-05 22:25
W7154373026,Conflicto trabajo-familia y salud mental: Una revisión sistemática de la literatura previa a la pandemia,2024,S4377196100,https://doi.org/10.16888/interd.2024.41.2.2,Andrea Palma Contreras; Carmen Gloria Jarpa-Arriagada,2026-10-05 22:25
W7154406556,Alteraciones del lenguaje y comunicación en los Trastornos del Espectro Alcohólico Fetal (TEAF),2024,S4377196100,https://doi.org/10.16888/interd.2024.41.2.1,Yuri Esperanza Vega Rodríguez,2026-10-05 22:25
W7155580940,Creencias de madres chilenas sobre dispositivos tecnológicos móviles en la crianza,2024,S4377196274,,Daniela Caamaño Ruiz; Valentina Gajardo; Julián Torres; José Luis Salas-Herrera,2026-10-05 22:25
W7155583310,Personificación del habitar de los objetos: casa Nicanor Parra y Luis Peña,2024,S4377196274,,Bárbara Viney Sáez Orrego,2026-10-05 22:25
W7155584120,Machine learning to predict veneer drying quality in the Pinus radiata plywood industry,2024,S4377196274,,Mario Ramos-Maldonado; Thays Duarte-Sepúlveda; Francisco Gatica-Neira; Diego Venegas-Vásconez,2026-10-05 22:25
W7155584282,POLYLACTIC ACID (PLA) SCAFFOLD FOR CONTROLLED RELEASE OF ESSENTIAL OIL OF CANELO DRIMYS WINTERI: CONTROL OF PHYTOPATHOGENS IN FRUITS,2024,S4377196274,,Christian Núñez Durán; Jaime Cabrera‐Pardo; Ramón Ahumada Rudolph; Paola Méndez; Antonio Maureira; Manuel Nova; Enzo Manuel Romero; Sergio González; Artemisa Núñez Durán,2026-10-05 22:25
W7155584682,Empleo de los profesionales contables: Un análisis descriptivo para Chile,2024,S4377196274,,Verónica Peña-Acuña; Carolina Gutiérrez Sandoval; Camila Betancourt Betancourt,2026-10-05 22:25
W7155587931,Modernización del espacio cívico en La Araucanía: La plaza republicana a inicios del siglo XX,2024,S4377196274,,Bárbara Viney Sáez Orrego; Pablo Fuentes Hernández,2026-10-05 22:25
W7160231699,Outsourcing y empleo en las universidades estatales de Chile,2024,S4210217559,https://doi.org/10.15665/dem.v21i1.3468,Luis Rodolfo Améstica-Rivas; Ronald Lagos-Ruiz; Andrea King-Domínguez,2026-10-05 22:25
W7160236608,Estrés laboral y resiliencia en una universidad pública de Chile: percepciones del teletrabajo en tiempos de pandemia,2024,S4210217559,https://doi.org/10.15665/dem.v21i1.3461,Carlos Mauricio Salazar Botello; Yohana Andrea Muñoz Jara,2026-10-05 22:25
W7160801399,Reflexión crítica en formación inicial: caracterización de trayectorias al diseñar secuencias,2024,S4306401311,,Edith Herrera San Martín,2026-10-05 22:25
W7168224495,Breakfast frequency and its association with academic performance in a university population: a cross-sectional analytical study in Mexico,2024,S4306402135,,Orietta Segura-Badilla,2026-10-05 22:25
W7198375035,COSTOS Y HUELLA DE CARBONO: EXPLORANDO LA LITERATURA CONTEMPORÁNEA,2024,S7407063275,,Jairo Dote-Pardo,2026-10-05 22:25
W7214678840,"Jurado Morales, José, Soldados y Padres. De guerra, memoria y poesía, Sevilla, Fundación José Manuel Lara, 2021, 282 pp.",2024,S2737634757,https://doi.org/10.36132/gwt43j07,Maria Medina,2026-10-05 22:25
W1816167564,Finiteness of N=4 Super-Yang–Mills Effective Action in Terms of Dressed N=1 Superfields,2023,S4210217548,https://doi.org/10.3390/particles6040063,Igor Kondrashuk,2026-10-05 22:25
W2289515150,Modelo predictivo de fuga de clientes utilizando minería de datos para una empresa de telecomunicaciones en Chile,2023,S2739237874,https://doi.org/10.7769/gesec.v14i8.2588,Arnaldo Jélvez Caamaño; Carlos Torres Navarro,2026-10-05 22:25
W2557840869,Analytical Solution to DGLAP Integro-Differential Equation in a Simple Toy-Model with a Fixed Gauge Coupling,2023,S4210211996,https://doi.org/10.3390/quantum5010013,Igor Kondrashuk,2026-10-05 22:25
W4313413203,Ansiedad escolar y su relación con la inteligencia emocional en la adolescencia,2023,S4306400562,https://doi.org/10.5281/zenodo.7499262,Nelly Lagos San Martín,2026-10-05 22:25
W4313479882,Error reduction in long-term mine planning estimates using deep learning models,2023,S13144211,https://doi.org/10.1016/j.eswa.2022.119487,Carlos Olmos De Aguilera; Pedro G. Campos; Nathalie Risso,2026-10-05 22:25
W4313529966,"Mixtures of heavy fuel oil and green hydrogen in combustion equipment: Energy analysis, emission estimates, and economic prospects",2023,S105637730,https://doi.org/10.1016/j.enconman.2022.116629,Daniel Travieso Pedroso,2026-10-05 22:25
W4313531289,Using Geopandas for locating virtual stations in a free-floating bike sharing system,2023,S2898612692,https://doi.org/10.1016/j.heliyon.2022.e12749,Rodrigo Linfati,2026-10-05 22:25
W4313560850,Effect of the Grijalva-Usumacinta system on the circulation adjacent to the eastern shelf of Yucatan,2023,S2596539584,https://doi.org/10.3389/fmars.2022.1034644,Luis Soto-Mardones,2026-10-05 22:25
W4313590020,Malestar subjetivo e incertidumbre educativa durante la pandemia por Covid-19,2023,S2738533341,https://doi.org/10.17163/alt.v18n1.2023.08,Denisse Espinosa-Valenzuela; Carlos Rodríguez Garcés; Geraldo Padilla Fuentes,2026-10-05 22:25
W4313656511,Telemedicina: oportunidades para administradores,2023,S2739237874,https://doi.org/10.7769/gesec.v14i1.1502,Cristian Guajardo Cruces; Carlos Torres Navarro; Fredy Humberto Troncoso Espinosa; Juan Maldonado Riquelme,2026-10-05 22:25
W4313680725,An Approach for a Multi-Period Portfolio Selection Problem by considering Transaction Costs and Prediction on the Stock Market,2023,S207319443,https://doi.org/10.1155/2023/3056411,Luis Aburto; Rodrigo Romero-Romero; Rodrigo Linfati,2026-10-05 22:25
W4313894224,Potential and future perspectives of thraustochytrids in bioremediation,2023,S85680945,https://doi.org/10.1007/s13762-022-04740-5,Pedro Contreras; Claudia Oviedo,2026-10-05 22:25
W4313897103,Frailty Index as a Predictor of Mortality in Middle-Aged and Older People: A Prospective Analysis of Chilean Adults,2023,S15239247,https://doi.org/10.3390/ijerph20021195,Ximena Díaz-Martínez,2026-10-05 22:25
W4313907564,"Distribution, conservation status and proposed measures for preservation of Radiodiscus microgastropods in Chile",2023,S1983995261,https://doi.org/10.7717/peerj.14027,Gonzalo A. Collado; Marcela A. Vidal; Fernanda Parra Aravena; Vannia Delgado; Cristian Torres‐Díaz,2026-10-05 22:25
W4315475101,Characterization of Nb-Si-doped low-carbon steel treated by quenching and partitioning: Thermic treatment in two stages supported by computational thermodynamical simulation and controlled sample dimensions,2023,S2765035490,https://doi.org/10.1016/j.mtcomm.2023.105335,Ángelo Oñate; Claudio Villegas,2026-10-05 22:25
W4315784247,The Concept of Randomness in Chilean Primary School Textbooks,2023,S4210223866,https://doi.org/10.17648/acta.scientiae.6974,Francisco Rodríguez-Alveal,2026-10-05 22:25
W4315927796,Evaluation of first and second trimester maternal thyroid profile on the prediction of gestational diabetes mellitus and post load glycemia,2023,S202381698,https://doi.org/10.1371/journal.pone.0280513,Andres Felipe Rodriguez,2026-10-05 22:25
W4316039848,Frailty in Chile: Development of a Frailty Index Score Using the Chilean National Health Survey 2016–2017,2023,S2764945019,https://doi.org/10.14283/jfa.2023.2,Solange Liliana Parra-Soto,2026-10-05 22:25
W4316468290,Cosimulation of Integrated Organic Photovoltaic Glazing Systems Based on Functional Mock-Up Unit,2023,S198098182,https://doi.org/10.3390/en16020951,Santiago Riquelme,2026-10-05 22:25
W4316672555,A Review of Offshore Renewable Energy in South America: Current Status and Future Perspectives,2023,S10134376,https://doi.org/10.3390/su15021740,Fabián Gonzalo Pierart; Miguel Angel Rosas,2026-10-05 22:25
W4317036243,"Effects of the invasive aquatic snail Potamopyrgus antipodarum (Gray, 1853) on ecosystem properties and services",2023,S4210238371,https://doi.org/10.1007/s10750-022-05116-z,Gonzalo A. Collado,2026-10-05 22:25
W4317357928,Water footprint and virtual water flows from the Global South: Foundations for sustainable agriculture in periods of drought,2023,S86852077,https://doi.org/10.1016/j.scitotenv.2023.161526,Ramón Ahumada-Rudolph,2026-10-05 22:25
W4317391519,Aplicación de enfoque multicriterio y sistema experto para apoyar una gestión de abastecimiento,2023,S2739237874,https://doi.org/10.7769/gesec.v14i1.1532,Carlos Torres Navarro; Javier Andrés Córdova Neira,2026-10-05 22:25
W4317435212,Effects of the Amylose/Amylopectin Content and Storage Conditions on Corn Starch Hydrogels Produced by High-Pressure Processing (HPP),2023,S2737559645,https://doi.org/10.3390/gels9020087,Dominique Larrea-Wachtendorff,2026-10-05 22:25
W4317503536,Assessing the Environmental Impacts of Household Water Supply: A Case Study Considering Consumption Patterns within a Life-Cycle Perspective,2023,S10134376,https://doi.org/10.3390/su15031946,Valentina Zúñiga; Sofía Leiva; Cristian Riquelme; Patricio Neumann,2026-10-05 22:25
W4317600517,Green Products Purchase Intention in Chilean Consumers: Comparing Three Models Using Structural Equations,2023,S4306526372,https://doi.org/10.15446/rcp.v32n1.92739,José Sandoval‐Díaz; Patricio Neumann,2026-10-05 22:25
W4317655824,Optimized thermal envelope of low-income dwellings in Santiago de Chile incorporating Pinus radiata wood impregnated with phase change materials,2023,S2764865925,https://doi.org/10.1016/j.est.2023.106665,Carlos Salinas-Lira,2026-10-05 22:25
W4317743685,Explaining the Consumption Technology Acceptance in the Elderly Post-Pandemic: Effort Expectancy Does Not Matter,2023,S4210194710,https://doi.org/10.3390/bs13020087,Elizabeth E. Grandón,2026-10-05 22:25
W4317809730,Cross-Cultural Translation and Adaptation of the Perceived Recovery Status Scale to Brazilian Portuguese,2023,S138433285,https://doi.org/10.1123/jsr.2022-0099,Luis Felipe Castelli Correia de Campos,2026-10-05 22:25
W4317830593,Inserción socio-ocupacional de trabajadores sociales en el Ministerio de Vivienda y Urbanismo de Chile,2023,S4210184062,https://doi.org/10.14198/altern.22646,Felipe Saravia; Francisca Díaz,2026-10-05 22:25
W4317859894,Relación entre el desarrollo socioemocional y el ejercicio parental en niños y niñas de 33 – 41 meses pertenecientes a una institución educativa preescolar de la región del Biobío,2023,S4306400562,https://doi.org/10.5281/zenodo.7566175,Isaac Ruiz Muñoz,2026-10-05 22:25
W4317881241,CELOS Y CIBERVIOLENCIA EN EL POLOLEO EN UNIVERSITARIOS CHILENOS,2023,S4210193386,https://doi.org/10.4067/s0718-50652022000100213,José Luis Salas-Herrera; Jazmín Valentina Condeza Díaz; Nathaly Andrea Figueroa Mora; Diego Ignacio Oliva Rivera; Annette Steffania Villarroel Avendaño; Valesca Aracely Vera Jiménez,2026-10-05 22:25
W4317898778,Historical mass strandings of jumbo squid (Dosidicus gigas) in the Eastern Pacific Ocean: patterns and possible causes,2023,S118082147,https://doi.org/10.1007/s00227-022-04164-2,Gonzalo S. Saldías,2026-10-05 22:25
W4318065180,Platelets and endothelial dysfunction in gestational diabetes mellitus,2023,S204890612,https://doi.org/10.1111/apha.13940,Fernando Toledo,2026-10-05 22:25
W4318148697,Percepción docente del programa Cloud9World para la educación emocional,2023,S4387286619,https://doi.org/10.48102/rieeb.2023.3.1.44,Nelly Lagos San Martín; Evelyn Gladys Zagal Valenzuela,2026-10-05 22:25
W4318476693,Predictive Equations Overestimate Resting Metabolic Rate in Young Chilean Women with Excess Body Fat,2023,S2764402194,https://doi.org/10.3390/metabo13020188,Eduard Antonio Maury-Sintjago; Alejandra Rodríguez‐Fernández; Marcela Ruíz-De la Fuente,2026-10-05 22:25
W4318580211,La promoción de valores en la formación del profesorado de Educación Física: una revisión sistemática,2023,S4210229326,https://doi.org/10.15517/revedu.v47i1.51989,Samuel Pérez Norambuena,2026-10-05 22:25
W4318587469,Natural Products from Chilean and Antarctic Marine Fungi and Their Biomedical Relevance,2023,S146563757,https://doi.org/10.3390/md21020098,Jaime R. Cabrera‐Pardo,2026-10-05 22:25
W4318617349,Análisis de la participación de la comunidad local en el proceso de valoración del patrimonio industrial minero de Lota (1997-2021),2023,S2737190872,https://doi.org/10.22320/07196466.2023.41.063.05,Sebastián Ganchala Chavarría; María Isabel López Meza,2026-10-05 22:25
W4318617838,"Híbrido y mestizo, valores de una arquitectura contradogmática",2023,S2737190872,https://doi.org/10.22320/07196466.2023.41.063.00,Pablo Fuentes Hernández; Gonzalo Cerda Brintrup,2026-10-05 22:25
W4318677089,"Women engagement, psychological traits, and gender gaps in the small‐scale seaweed aquaculture in Chile",2023,S60775588,https://doi.org/10.1111/raq.12793,César Salazar,2026-10-05 22:25
W4318703600,"Movilidad estudiantil internacional y efectos en el ámbito personal, académico y laboral",2023,S4210210017,https://doi.org/10.35811/rea.v12i1.203,Felipe Saravia; Javier Andrés Muñoz Tique,2026-10-05 22:25
W4318773800,The effect of sintering temperature on the properties of the BiOCl films for potential application in DSSC,2023,S106928643,https://doi.org/10.1016/j.ceramint.2023.01.229,G. Cabello,2026-10-05 22:25
W4318991402,La relación familia-escuela en la formación y desarrollo profesional docente,2023,S2737643905,https://doi.org/10.5294/edu.2022.25.2.5,Javier Andrés Muñoz Tique; Héctor Cárcamo Vásquez,2026-10-05 22:25
W4318997015,"Phosphate aggregation, diffusion, and adsorption on kaolinite in saline solutions by molecular dynamics simulation",2023,S37411791,https://doi.org/10.1016/j.clay.2023.106844,Gonzalo R. Quezada,2026-10-05 22:25
W4319066898,Energy and environmental assessment of the chilean social housing: Effect of insulation materials and climates,2023,S58516903,https://doi.org/10.1016/j.jclepro.2023.136234,Lorena Larrea-Sáez,2026-10-05 22:25
W4319591704,Percepciones de estudiantes y empresarios sobre aprendizaje-servicio en costos y marketing,2023,S4210175429,https://doi.org/10.37467/revhuman.v12.4681,Nataly Andrea Guiñez-Cabrera; Estela Rodríguez Quezada,2026-10-05 22:25
W4319592448,Enseñanza de la disciplina histórica escolar desde un enfoque contemporáneo: una propuesta de agendas investigativas desde la Web of Science y Scopus,2023,S4210235696,https://doi.org/10.23913/ride.v13i26.1398,Patricio Guzmán Contreras,2026-10-05 22:25
W4319599411,Older Adults’ Thermal Comfort in Nursing Homes: Exploratory Research in Three Case Studies,2023,S10134376,https://doi.org/10.3390/su15043002,Karina Neira-Zambrano; Maureen Trebilcock,2026-10-05 22:25
W4319661390,Influence stacking sequence and heat treatments on the out-of-plane mechanical properties of 3D-printed fiberglass-reinforced thermoplastics,2023,S77056576,https://doi.org/10.1007/s00170-023-11050-8,Ángelo Oñate; Rodrigo Castillo,2026-10-05 22:25
W4319661635,La investigación lingüística de posgrado en Chile: avances de una investigación,2023,S4210182600,https://doi.org/10.37811/cl_rcm.v7i1.4691,Alejandro Arros-Aravena,2026-10-05 22:25
W4319839911,Drought shocks and price adjustments in local food markets in Chile: Do product quality and marketing channel matter?,2023,S154775064,https://doi.org/10.1111/agec.12760,César Salazar; Andrés Acuña,2026-10-05 22:25
W4319968078,Diet-Related Inflammation Is Associated with Worse COVID-19 Outcomes in the UK Biobank Cohort,2023,S110785341,https://doi.org/10.3390/nu15040884,Solange Liliana Parra-Soto,2026-10-05 22:25
W4319989118,Compromiso con la comunidad: validación de un instrumento en empresa privada,2023,S4210179423,https://doi.org/10.29393/ran9-3ccmj40003,Margarita Chiang Vega; Karina Aires Krausse Martinez; María José Rivera Cerda; Juan Pablo Hidalgo-Ortiz,2026-10-05 22:25
W4319996496,Efectividad de la terapia vincular familiar apoyada con psicomotricidad clínica infantil para el incremento de la autorregulación en niños y niñas con trastorno por déficit atencional e hiperactividad: un estudio piloto,2023,S965846755,https://doi.org/10.1016/j.psicod.2022.12.001,Andrea María Palma Contreras,2026-10-05 22:25
W4320479019,Turbulent One-dimensional Interfacial Scalar Transport: Statistical Random Square Waves Solution,2023,S2492701196,https://doi.org/10.47176/jafm.16.04.1442,Francisco Antonio Loyola Lavin,2026-10-05 22:25
W4320485875,"Effect of Rigor Stage and Pressurisation on Lipid Damage, Total Volatile Amine Formation and Autolysis Development in Palm Ruff Stored on Ice",2023,S2737939966,https://doi.org/10.3390/foods12040799,Gipsy Tabilo‐Munizaga; Mario Pérez‐Won,2026-10-05 22:25
W4320498466,A posteriori virtual element method for the acoustic vibration problem,2023,S57050787,https://doi.org/10.1007/s10444-022-10003-1,Felipe Lepe; David Mora,2026-10-05 22:25
W4320501727,Associations of Physical Activity With Breast Cancer Risk: Findings From the UK Biobank Prospective Cohort Study,2023,S2755080209,https://doi.org/10.1123/jpah.2022-0437,Solange Liliana Parra-Soto,2026-10-05 22:25
W4320736097,A Hilliges-Weidlich-type scheme for a one-dimensional scalar conservation law with nonlocal flux,2023,S21752972,https://doi.org/10.3934/nhm.2023029,Harold Deivi Contreras; Luis Miguel Villada,2026-10-05 22:25
W4321242984,Socio-environmental impacts of non-native and transplanted aquatic mollusc species in South America: What do we really know?,2023,S4210238371,https://doi.org/10.1007/s10750-023-05164-z,Gonzalo A. Collado,2026-10-05 22:25
W4321437822,Convergence arguments to bridge cauchy and matérn covariance functions,2023,S4210184815,https://doi.org/10.1007/s00362-023-01400-9,Igor Kondrashuk,2026-10-05 22:25
W4321502944,Design of Fe36.29Cr28.9Ni26.15Cu4.17Ti1.67V2.48C0.46 HEA using a new criterion based on VEC: Microstructural study and multiscale mechanical response,2023,S2765035490,https://doi.org/10.1016/j.mtcomm.2023.105681,Ángelo Oñate,2026-10-05 22:25
W4321598295,Screening and Identification of Coastal Chilean Thraustochytrids for Arachidonic Acid Production: Biotechnological Potential of Ulkenia visurgensis Lng2-Strain,2023,S4210222090,https://doi.org/10.3390/microorganisms11030559,Cinthia Vásquez-Sandoval; José Navarrete; Paula Herrera-Herrera; Patricia Arancibia‐Ávila; Claudia Oviedo,2026-10-05 22:25
W4321768655,Microstructural influence on physical properties and release profiles of sesame oil encapsulated into sodium alginate-tamarind mucilage hydrogel beads,2023,S4210218043,https://doi.org/10.1016/j.carpta.2023.100302,Erik Alpizar-Reyes,2026-10-05 22:25
W4322008910,Convergence analysis of expanded mixed virtual element methods for nonlocal problems,2023,S19633754,https://doi.org/10.1002/num.23007,Dibyendu Adak,2026-10-05 22:25
W4322102666,A fully-discrete virtual element method for the nonstationary Boussinesq equations in stream-function form,2023,S40006715,https://doi.org/10.1016/j.cma.2023.115947,David Mora; Alberth Silgado,2026-10-05 22:25
W4322615390,Adenosine promoted angiogenesis mediated by the release of small extracellular vesicles from human endothelial progenitor cells,2023,S174346720,https://doi.org/10.1016/j.mvr.2023.104498,Carlos Escudero,2026-10-05 22:25
W4322724474,"Preeclampsia association of placental nucleotide variations in eNOS, VEGFA, and FLT-1 genes in Latin American pregnant women",2023,S171513543,https://doi.org/10.1016/j.placenta.2023.02.010,Carlos Escudero,2026-10-05 22:25
W4322755868,Numerical approximation of a potentials formulation for the elasticity vibration problem,2023,S4210205691,https://doi.org/10.1016/j.camwa.2023.02.005,Pablo Venegas,2026-10-05 22:25
W4322765712,"Student dropout, the economic cost for Chilean universities",2023,S4210187844,https://doi.org/10.47460/uct.v27i118.683,Andrea King-Domínguez; Víctor R. Morales González,2026-10-05 22:25
W4323046710,On the stability of ring relative equilibria in the N-body problem on with Hodge potential,2023,S131268793,https://doi.org/10.4153/s0008414x23000123,Jaime Andrade; Francisco Crespo; D. E. Espejo,2026-10-05 22:25
W4323058631,Una revisión sobre Lean Construction para la Gestión de Proyectos de Construcción,2023,S4210232411,https://doi.org/10.7764/ric.00051.21,Gonzalo Garcés,2026-10-05 22:25
W4323320668,Articulación entre Modelización y Espacios de Trabajo Matemático. Análisis de una Tarea bajo el ciclo de Blomhøj en Educación Superior,2023,S4210223866,https://doi.org/10.17648/acta.scientiae.7135,Patricio Cumsille,2026-10-05 22:25
W4323338583,Tipología de las preguntas sobre variabilidad en los textos escolares y su relación con la alfabetización y pensamiento estadístico,2023,S2738964976,https://doi.org/10.15359/ru.37-1.4,Francisco Rodríguez-Alveal; Ana Carolina Maldonado Fuentes,2026-10-05 22:25
W4323343215,Cualidades pedagógicas del saber educativo mapuche para el diálogo con el saber escolar,2023,S2736711335,https://doi.org/10.1590/s1413-24782023280016,Héctor Torres Cuevas,2026-10-05 22:25
W4323659714,Effect of a turmeric-based fertilizer on tomato production at green-house level,2023,S4210177445,https://doi.org/10.4206/agrosur.2022.v50n3-01,Nailín Carvajal-Mena; C Shene,2026-10-05 22:25
W4323664787,Secretory Factors from Calcium-Sensing Receptor-Activated SW872 Pre-Adipocytes Induce Cellular Senescence and A Mitochondrial Fragmentation-Mediated Inflammatory Response in HepG2 Cells,2023,S10623703,https://doi.org/10.3390/ijms24065217,Lautaro Briones,2026-10-05 22:25
W4324123127,Accuracy in body composition scanning by adult half-body DXA scanning,2023,S108953488,https://doi.org/10.20960/nh.04416,Luis Felipe Castelli-Correia de Campos,2026-10-05 22:25
W4327546685,On the restricted (N + 1)-body problem on surfaces of constant curvature,2023,S200871675,https://doi.org/10.1016/j.jde.2023.03.013,Jaime Andrade; D. E. Espejo,2026-10-05 22:25
W4327594365,Direct CO 2 Capture by Alkali‐Dissolved Cellulose and Sequestration in Building Materials and Artificial Reef Structures (Adv. Mater. 11/2023),2023,S99352657,https://doi.org/10.1002/adma.202370074,Mabel Vega‐Coloma,2026-10-05 22:25
W4327623057,Towards a Model That Sees Human Resources as a Key Element for Competitiveness in Construction Management,2023,S4210191137,https://doi.org/10.3390/buildings13030774,Eric Forcael,2026-10-05 22:25
W4327724876,apital structure adjustment in Latin American firms: An empirical test based on the Error Correction Model,2023,S2898340276,https://doi.org/10.18046/j.estger.2023.166.5432,E. Edinson,2026-10-05 22:25
W4327768869,Paracanoe: particularities of functional classes in the structuring of the sports’ training,2023,S4210205299,https://doi.org/10.29035/rcaf.24.1.3,Luiz Gustavo Teixeira Fabrício dos Santos; Luis Felipe Castelli Correia de Campos,2026-10-05 22:25
W4327909806,Two-stage optimization scheme of routing scheduling from a single distribution center to multiple customers,2023,S140563256,https://doi.org/10.1007/s12351-023-00747-z,Matías Núñez-Muñoz; Rodrigo Linfati,2026-10-05 22:25
W4353056607,Value-added long-chain aliphatic compounds obtained through pyrolysis of phosphorylated chitin,2023,S83853393,https://doi.org/10.1016/j.ijbiomac.2023.124130,Serguei Alejandro-Martín,2026-10-05 22:25
W4353072009,Optimised Sunflower Oil Content for Encapsulation by Vibrating Technology as a Rejuvenating Solution for Asphalt Self-Healing,2023,S123288148,https://doi.org/10.3390/polym15061578,José L. Concha; Luis Ernesto Arteaga-Pérez; José Norambuena-Contreras,2026-10-05 22:25
W4360599477,Association between walking pace and incident type 2 diabetes by adiposity level: A prospective cohort study from the UK Biobank,2023,S148394532,https://doi.org/10.1111/dom.15053,Solange Liliana Parra-Soto,2026-10-05 22:25
W4360599976,Mental health care before and during the COVID-19 pandemic in public healthcare centers of a Chilean municipality,2023,S2737451355,https://doi.org/10.5867/medwave.2023.02.2675,San Martín Soledad Andrea,2026-10-05 22:25
W4360860787,Stability and Tribological Performance of Nanostructured 2D Turbostratic Graphite and Functionalised Graphene as Low-Viscosity Oil Additives,2023,S2736800165,https://doi.org/10.3390/lubricants11040155,Guilherme Oliveira Neves,2026-10-05 22:25
W4360946233,Effective metaheuristics for the latency location routing problem,2023,S267729,https://doi.org/10.1111/itor.13294,Carlos Rey,2026-10-05 22:25
W4360983676,Influence of SiC polytypes on the mixed lubrication regime of self-lubricating composites containing in situ generated 2D turbostratic graphite,2023,S24284137,https://doi.org/10.1016/j.triboint.2023.108446,Guilherme Oliveira Neves,2026-10-05 22:25
W4360989534,Soil contamination in nearby natural areas mirrors that in urban greenspaces worldwide,2023,S64187185,https://doi.org/10.1038/s41467-023-37428-6,Pankaj Trivedi; Cristian Torres‐Díaz,2026-10-05 22:25
W4361004300,Secondary Amines from Catalytic Amination of Bio-Derived Phenolics over Pd/C and Rh/C: Effect of Operation Parameters,2023,S2738539744,https://doi.org/10.3390/catal13040654,Maray Ortega; Luis Ernesto Arteaga-Pérez,2026-10-05 22:25
W4361254788,Análisis del lanzamiento a canasta en baloncesto en silla de ruedas (Analysis of the basket shot in wheelchair basketball),2023,S2738013834,https://doi.org/10.47197/retos.v48.97205,Luis Felipe Castelli Correia de Campos,2026-10-05 22:25
W4361268322,Techno-distress and parental burnout: The impact of home facilitating conditions and the system quality,2023,S166722454,https://doi.org/10.1007/s10639-023-11767-9,Natalia Bravo-Adasme; Elizabeth Grandón Toledo,2026-10-05 22:25
W4361269596,Salud mental y carga mental de trabajo en trabajadores de establecimientos educativos chilenos en contexto de COVID-19,2023,S2738465378,https://doi.org/10.21814/rpe.24855,Carlos Ossa Cornejo,2026-10-05 22:25
W4361275285,The Need for a Paradigm Shift toward an Occupant-Centered Environmental Control Model,2023,S10134376,https://doi.org/10.3390/su15075980,Paulina Wegertseder,2026-10-05 22:25
W4361278783,Time-step heat problem on the mesh: asymptotic behavior and decay rates,2023,S64527569,https://doi.org/10.1515/forum-2022-0334,Silvia Rueda,2026-10-05 22:25
W4362467731,Biodegraded hay with graded addition of Pleurotus ostreatus improves dry matter disappearance and reduces methane production of diets incubated in vitro,2023,S19154483,https://doi.org/10.1080/1828051x.2023.2193607,Julio Alarcón,2026-10-05 22:25
W4362471866,Extended Operating Region Algorithm for PV Array Connected to Microgrids for Wide Frequency and Amplitude Variations,2023,S198098182,https://doi.org/10.3390/en16073157,Jaime Rohten,2026-10-05 22:25
W4362474548,"A general modeling framework for quantitative tracking, accurate prediction of ICU, and assessing vaccination for COVID-19 in Chile",2023,S2595931848,https://doi.org/10.3389/fpubh.2023.1111641,Patricio Cumsille,2026-10-05 22:25
W4362475016,"Exploring the Underlying Mechanisms Linking Adiposity and Cardiovascular Disease: A Prospective Cohort Study of 404,332 UK Biobank Participants",2023,S44034637,https://doi.org/10.1016/j.cpcardiol.2023.101715,Solange Liliana Parra-Soto,2026-10-05 22:25
W4362521328,"Associations between an inflammatory diet index and severe non-alcoholic fatty liver disease: a prospective study of 171,544 UK Biobank participants",2023,S135560524,https://doi.org/10.1186/s12916-023-02793-y,Solange Liliana Parra-Soto,2026-10-05 22:25
W4362549420,Redes de aprendizaje profesional docente en contextos escolares chilenos,2023,S4210189937,https://doi.org/10.18861/cied.2023.14.1.3269,Samuel Pérez Norambuena,2026-10-05 22:25
W4362553105,Limit cycles of a continuous piecewise differential system formed by a quadratic center and two linear centers,2023,S194854559,https://doi.org/10.1007/s40590-023-00501-7,Maria Elisa Anacleto; Cláudio Vidal,2026-10-05 22:25
W4362577265,A Comprehensive Control Strategy for a Push–Pull Microinverter Connected to the Grid,2023,S198098182,https://doi.org/10.3390/en16073196,Jaime Rohten,2026-10-05 22:25
W4362587248,A photochemical approach to the synthesis of ZnO/CuO films and their application to the photocatalytic degradation of rhodamines (Rh-B and Rh-6G) under UV–Vis light irradiation,2023,S166634186,https://doi.org/10.1016/j.inoche.2023.110695,G. Cabello; Luis Fernández; C.F. Caro; Cristian Suarez; Marcela Matus; Camila Cifuentes; Felipe Bustos,2026-10-05 22:25
W4362596560,Sampling sufficiency for mechanical properties of wood,2023,S967659979,https://doi.org/10.4067/s0718-221x2023000100411,Arthur Behenck Aramburu,2026-10-05 22:25
W4362614257,Polynomial stability of a piezoelectric beam with magnetic effect and a boundary dissipation of the fractional derivative type,2023,S4210178775,https://doi.org/10.1017/s0013091523000111,Fernando Toledo,2026-10-05 22:25
W4362634859,Factores de adaptación a la enseñanza remota de emergencia: diferencias en las percepciones de los estudiantes universitarios en tiempos de COVID-19,2023,S4210211945,https://doi.org/10.4067/s0718-50062023000200061,Nataly Andrea Guiñez-Cabrera,2026-10-05 22:25
W4362638636,Ultra‐processed food and homemade fried food consumption is associated with overweight/obesity in Latin American university students during COVID ‐19,2023,S179381287,https://doi.org/10.1002/ajhb.23900,Jacqueline Alejandra Araneda-Flores,2026-10-05 22:25
W4362640300,Landscape dependency of land-based salmon farming under climate change,2023,S2764943563,https://doi.org/10.1016/j.crm.2023.100504,César Salazar,2026-10-05 22:25
W4362720696,The chromatic atmosphere of Chilean Patagonia: The color of vastness,2023,S920941,https://doi.org/10.1002/col.22855,Gonzalo Cerda Brintrup,2026-10-05 22:25
W4364355852,Endogenous thresholds in energy prices: Modeling and empirical estimation,2023,S94499970,https://doi.org/10.1016/j.eneco.2023.106669,Eugenio Bobenrieth; Juan Bobenrieth,2026-10-05 22:25
W4364862020,Modular standardization criteria applied in multi-story residential buildings in Cross-Laminated Timber (CLT),2023,S4210232411,https://doi.org/10.7764/ric.00061.21,Mauricio Vargas-Mosqueda; Gerardo Saelzer-Fuica; Maria Estella Torres Pereira; A. M. Navarro-Ortiz; Rodrigo García Álvarado,2026-10-05 22:25
W4365136933,"Gobernanza local de Riesgo, desastres en áreas metropolitanas. Caso del Valle Nonguén, Concepción, Chile",2023,S2738054754,https://doi.org/10.17141/letrasverdes.33.2023.5450,Roberto Burdiles; Juan Saavedra; Casandra Rubio Carrasco; Karina Valenzuela-Contreras,2026-10-05 22:25
W4365448134,Prevalencia de obesidad pre-sarcopénica en personas mayores chilenas: Resultados de la Encuesta Nacional de Salud 2016-2017,2023,S2739089816,https://doi.org/10.14306/renhyd.27.2.1875,Solange Liliana Parra-Soto,2026-10-05 22:25
W4365448431,Reconstructing the Quarterly Series of the Chilean Gross Domestic Product Using a State Space Approach,2023,S4210192031,https://doi.org/10.3390/math11081827,Christian Caamaño‐Carrillo; Sergio Contreras-Espinoza,2026-10-05 22:25
W4365448713,Brisk Walking Pace Is Associated with Better Cardiometabolic Health in Adults: Findings from the Chilean National Health Survey 2016–2017,2023,S15239247,https://doi.org/10.3390/ijerph20085490,Solange Liliana Parra-Soto,2026-10-05 22:25
W4365511343,"Vocación productiva y realidad productiva territorial: el caso de la Provincia de Arauco, Chile, 2021",2023,S4210195895,https://doi.org/10.18004/pdfce/2076-054x/2023.029.56.031,Esau Figueroa-Silva; Javier Antonio León Aravena,2026-10-05 22:25
W4365806941,Acerca de la nueva fortificación de alimentos con vitamina D,2023,S4210227418,https://doi.org/10.4067/s0717-75182023000100127,Edson Yáñez-Barros; Gladys Quezada-Figueroa; Sebastián Riquelme-Riquelme,2026-10-05 22:25
W4365807282,Preparaciones culinarias ¿cómo determinar cuándo forman parte de una dieta sustentable?,2023,S4210227418,https://doi.org/10.4067/s0717-75182023000100086,Solange Liliana Parra-Soto,2026-10-05 22:25
W4365808098,"Relación entre características antropométricas, autopercepción del índice de masa corporal, condición física y hábitos alimentarios en estudiantes universitarios de salud y educación",2023,S4210227418,https://doi.org/10.4067/s0717-75182023000100020,Solange Liliana Parra-Soto,2026-10-05 22:25
W4365815895,A geometric morphometrics and genetics characterization of Vanessa carye in an extreme elevational gradient in the Chilean Altiplano,2023,S160317517,https://doi.org/10.1016/j.jcz.2023.04.001,Moisés A. Valladares,2026-10-05 22:25
W4366086659,Effects of concentration by block freezing and vacuum evaporation on the physicochemical properties and digestibility of whey,2023,S124834161,https://doi.org/10.1080/19476337.2023.2196321,Belissa Cochachin-Carrera; Jorge J. Moreno; Nailín Carvajal-Mena,2026-10-05 22:25
W4366239910,Adoption of social networking sites among older adults: The role of the technology readiness and the generation to identifying segments,2023,S202381698,https://doi.org/10.1371/journal.pone.0284585,Elizabeth E. Grandón,2026-10-05 22:25
W4366771600,Experimental and Simulation Studies on Hematite Interaction with Na-Metasilicate Pentahydrate,2023,S108911230,https://doi.org/10.3390/molecules28083629,Gonzalo R. Quezada,2026-10-05 22:25
W4366775071,"Temporal Synchrony in Satellite-Derived Ocean Parameters in the Inner Sea of Chiloé, Northern Patagonia, Chile",2023,S43295729,https://doi.org/10.3390/rs15082182,Gonzalo S. Saldías,2026-10-05 22:25
W4366775229,"Study of the Properties of CdS:Al (R = [Al3+]/[Cd2+] = 0.30, 0.40, 0.50) Thin Films Grown by the CBD Method in an Ammonia-Free System",2023,S108911230,https://doi.org/10.3390/molecules28083626,Arturo Fernández-Pérez,2026-10-05 22:25
W4366813571,Numerical simulation on the influence of delamination on the critical buckling load of CLT panels,2023,S165454098,https://doi.org/10.1016/j.engstruct.2023.116029,Ángelo Oñate; Jorge Fernández,2026-10-05 22:25
W4367042657,Evaluation of physicochemical properties of starch-protein gels: Printability and postprocessing,2023,S26760650,https://doi.org/10.1016/j.lwt.2023.114797,Nailín Carvajal-Mena; Gipsy Tabilo‐Munizaga; Mario Pérez‐Won; Carolina Herrera‐Lavados; Luis Moreno‐Osorio,2026-10-05 22:25
W4367369074,Analysis of School Educational Spaces,2023,S140271624,https://doi.org/10.18251/ijme.v25i1.3363,Ingrid Bravo Carrasco,2026-10-05 22:25
W4367401280,A virtual element method for the elasticity problem allowing small edges,2023,S21314667,https://doi.org/10.1007/s10092-023-00522-8,Danilo Amigo; Felipe Lepe,2026-10-05 22:25
W4367598762,Comparison of FCS-MPC Strategies in a Grid-Connected Single-Phase Quasi-Z Source Inverter,2023,S4210202905,https://doi.org/10.3390/electronics12092052,Pedro Melín,2026-10-05 22:25
W4367609904,The global contribution of soil mosses to ecosystem services,2023,S48977010,https://doi.org/10.1038/s41561-023-01170-x,Cristian Torres‐Díaz,2026-10-05 22:25
W4367625234,Encapsulation of Concentrated Solution Obtained by Block Freeze Concentration in Calcium Alginate and Corn Starch Calcium Alginate Hydrogel Beads,2023,S2737559645,https://doi.org/10.3390/gels9050374,Nailín Carvajal-Mena; Guillermo Petzold,2026-10-05 22:25
W4367843728,Pulsed Electric Fields as Pretreatment for Different Drying Methods in Chilean Abalone (Concholepas concholepas) Mollusk: Effects on Product Physical Properties and Drying Methods Sustainability,2023,S181365921,https://doi.org/10.1007/s11947-023-03102-4,Mario Pérez‐Won; Luis González-Cavieres; Anais Palma-Acevedo; Gipsy Tabilo‐Munizaga; Erick Jara-Quijada,2026-10-05 22:25
W4375950873,CASA+: highly energy-efficient housing system for the central-south of Chile,2023,S170139714,https://doi.org/10.1108/ci-12-2021-0241,Rodrigo García Álvarado,2026-10-05 22:25
W4376139308,Estimation of heating system energy modeling profiles based on environmental monitoring records in Central-Southern Chile,2023,S6846437,https://doi.org/10.1016/j.enbuild.2023.113153,Jorge Muñoz-Fierro; Ariel Bobadilla-Moreno; Alexis Pérez-Fargallo,2026-10-05 22:25
W4376155626,"Phytochemical, biological, and in-silico analysis of Colutea armata Hemsl. & Lace: A possible source of bioactive natural compounds",2023,S31493525,https://doi.org/10.1016/j.sajb.2023.05.003,Carlos L. Céspedes,2026-10-05 22:25
W4376253955,Electromagnetic fields disrupt the pollination service by honeybees,2023,S2737427234,https://doi.org/10.1126/sciadv.adh1455,Cristian Torres‐Díaz,2026-10-05 22:25
W4376273970,Alkali Halide and MIBC Interaction at Typical Flotation Interfaces in Saline Water as Determined by Molecular Dynamics Simulations,2023,S2737336974,https://doi.org/10.3390/min13050665,Omar Alvarado; Gonzalo R. Quezada; Jorge H. Saavedra; Roberto E. Rozas,2026-10-05 22:25
W4376608763,Resolución de problemas: Una puerta de entrada para la valoración de la diversidad cultural de estudiantes migrantes,2023,S144374558,https://doi.org/10.19137/praxiseducativa-2023-270216,Universidad del Bío-Bío; Renán Concha Zelada; Chile,2026-10-05 22:25
W4376870992,Effects of Device-Facilitated Lingual Strengthening Therapy on Dysphagia Related Outcomes in Patients Post-Stroke: A Randomized Controlled Trial,2023,S152176358,https://doi.org/10.1007/s00455-023-10583-0,Rodolfo E. Peña-Chávez,2026-10-05 22:25
W4377097906,Power Converter Resonant Control for an Unbalanced and Non-Constant Frequency Supply,2023,S101949793,https://doi.org/10.3390/s23104884,Jaime Rohten; Felipe A. Villarroel; Fabián Gonzalo Pierart; Johan I. Guzman,2026-10-05 22:25
W4377098263,Measuring technical efficiency of Spanish pig farming: Quantile stochastic frontier approach,2023,S3593595,https://doi.org/10.1111/1467-8489.12518,Juan Hernán Cabas Monje,2026-10-05 22:25
W4377099275,Second-kind symmetric periodic orbits for planar perturbed Kepler problems and applications,2023,S4210171405,https://doi.org/10.1017/prm.2023.46,Cláudio Vidal,2026-10-05 22:25
W4377261441,"Epidemiological profile of Hantavirus in the Ñuble region period 2002-2018, Chile",2023,S90590500,https://doi.org/10.1590/1519-6984.269097,C. Dospital; Patricia Arancibia‐Ávila; Jacqueline Alejandra Araneda-Flores,2026-10-05 22:25
W4378172650,Dose–response relationship between device-measured physical activity and incident type 2 diabetes: findings from the UK Biobank prospective cohort study,2023,S135560524,https://doi.org/10.1186/s12916-023-02851-5,Solange Liliana Parra-Soto,2026-10-05 22:25
W4378515990,Screening of Antibiotic and Virulence Genes from Whole Genome Sequenced Cronobacter sakazakii Isolated from Food and Milk-Producing Environments,2023,S2736332253,https://doi.org/10.3390/antibiotics12050851,Julio Parra‐Flores; Sergio Acuña,2026-10-05 22:25
W4378528071,Ferrihydrite − Graphene oxide foams as an efficient adsorbent for Arsenic(III) removal from an aqueous solution,2023,S166634186,https://doi.org/10.1016/j.inoche.2023.110892,Christopher Salvo,2026-10-05 22:25
W4378532709,Genetic structure and north-south decrease of genetic diversity in the Patagonian maqui berry (Aristotelia chilensis [Molina] Stuntz): implications for its conservation and use,2023,S176933442,https://doi.org/10.1007/s10592-023-01526-1,Alexandra Chávez; Juan Carlos Marín,2026-10-05 22:25
W4378533223,Recent Deoxygenation of Patagonian Fjord Subsurface Waters Connected to the Peru–Chile Undercurrent and Equatorial Subsurface Water Variability,2023,S32973720,https://doi.org/10.1029/2022gb007688,Gonzalo S. Saldías,2026-10-05 22:25
W4378575063,Performance Analysis of 3D Concrete Printing Processes through Discrete-Event Simulation,2023,S4210191137,https://doi.org/10.3390/buildings13061390,Eric Forcael; Paula Martínez-Chabur; Iván Ramírez-Cifuentes; Rodrigo García Álvarado; Francisco J. Ramis; Alexander Opazo-Vega,2026-10-05 22:25
W4378843986,ilusión de la palidez,2023,S4387289364,https://doi.org/10.22320/rte.vi48.5319,Miguel Alvarado Borgoño,2026-10-05 22:25
W4378902778,Word Retrieval After the 80s: Evidence From Specific and Multiple Words Naming Tasks,2023,S148277943,https://doi.org/10.1177/21582440231178796,Carlos Rojas,2026-10-05 22:25
W4378902790,Computational Study of the Influence of α/β-Phase Ratio and Porosity on the Elastic Modulus of Ti-Based Alloy Foams,2023,S18714766,https://doi.org/10.3390/ma16114064,Christopher Salvo,2026-10-05 22:25
W4378905705,"Genetic Diversity, Morphometric Characterization, and Conservation Reassessment of the Critically Endangered Freshwater Snail, Heleobia atacamensis, in the Atacama Saltpan, Northern Chile",2023,S153489431,https://doi.org/10.3390/biology12060791,Gonzalo A. Collado; Cristian Torres‐Díaz; Marcela A. Vidal; Moisés A. Valladares,2026-10-05 22:25
W4378907661,Model of Key Factors in the Sustainable Growth of Small and Medium-Sized Enterprises Belonging to the First Nations,2023,S10134376,https://doi.org/10.3390/su15118822,Erick Torres Melillanca; Milton Ramírez; Eric Forcael,2026-10-05 22:25
W4378909154,Restitución Paramétrica de ilustraciones residenciales del pintor surrealista Roberto Matta,2023,S956840341,https://doi.org/10.5209/aris.87629,Rodrigo García Álvarado; Hernán Barría-Chateau,2026-10-05 22:25
W4378980389,Análisis de la información de desarrollo sostenible revelada por empresas pertenecientes al Sistema de Empresas Públicas de Chile (SEP),2023,S4210200437,https://doi.org/10.18601/16577175.n32.03,Fernando Andrés Morales Parada; Areli Lucía Aguilera Pinto; Reinier Höllander Sanhueza,2026-10-05 22:25
W4379013847,Interfacial properties and crystal growth of Ni and Ni50Al50 from molecular dynamics simulations,2023,S187991544,https://doi.org/10.1063/5.0143431,Roberto E. Rozas; J. L. Orrego,2026-10-05 22:25
W4379046677,On augmented finite element formulations for the Navier–Stokes equations with vorticity and variable viscosity,2023,S4210205691,https://doi.org/10.1016/j.camwa.2023.05.015,Verónica Anaya; Rubén Caraballo,2026-10-05 22:25
W4379136409,On the positive periodic solutions of a class of Liénard equations with repulsive singularities in degenerate case,2023,S200871675,https://doi.org/10.1016/j.jde.2023.05.039,José Godoy,2026-10-05 22:25
W4379184602,Relationships between specific motivational factors and critical thinking,2023,S2739019337,https://doi.org/10.32457/ejep.v16i1.2077,Carlos Ossa Cornejo,2026-10-05 22:25
W4379193792,Workforce scheduling efficiency assessment in construction projects through a multi-objective optimization model in the COVID-19 context,2023,S2898612692,https://doi.org/10.1016/j.heliyon.2023.e16745,Federico Corral; Eric Forcael; Rodrigo Linfati,2026-10-05 22:25
W4379208028,Automatic generation of a hybrid algorithm for the maximum independent set problem using genetic programming,2023,S140556538,https://doi.org/10.1016/j.asoc.2023.110474,Carlos Rey,2026-10-05 22:25
W4379526202,Tail Bifurcation Incidence in Liolaemus Lizards Assessed through Citizen Science and Naturalist Notes,2023,S74581665,https://doi.org/10.2994/sajh-d-21-00013.1,Marcela A. Vidal,2026-10-05 22:25
W4379534311,Preferencias y opiniones de estudiantes de un Programa de Pedagogía en Inglés con distinto nivel de competencia lingüística acerca del tratamiento de los errores en la escritura en LE: estudio de caso en una universidad chilena,2023,S4210215706,https://doi.org/10.29344/0717621x.47.2736,Belén Muñoz Muñoz,2026-10-05 22:25
W4379622190,"Impact of energy literacy on vulnerable families: Case study – The Chilean Good Energy (Con Buena Energía) Program, Los Ríos Region",2023,S175056054,https://doi.org/10.1016/j.enpol.2023.113650,Andrea Valenzuela-Flores; Alexis Pérez-Fargallo,2026-10-05 22:25
W4379644776,Quality of life and psychosocial risks in primary care workers in an urban area,2023,S4210220314,https://doi.org/10.47626/1679-4435-2022-1031,Carolina Luengo Martínez,2026-10-05 22:25
W4379654677,Computational analysis of the graded porosity distribution on the elastic modulus of Ti foams,2023,S2765035490,https://doi.org/10.1016/j.mtcomm.2023.106391,Christopher Salvo; D. Vega,2026-10-05 22:25
W4379800941,Environmental performance of constructed wetland planted with monocultures and polycultures for wastewater treatment,2023,S134185576,https://doi.org/10.1016/j.ecoleng.2023.107015,Patricio Neumann,2026-10-05 22:25
W4379803142,"Liposomes Loaded with Green Tea Polyphenols—Optimization, Characterization, and Release Kinetics Under Conventional Heating and Pulsed Electric Fields",2023,S181365921,https://doi.org/10.1007/s11947-023-03136-8,Erick Jara-Quijada; Mario Pérez‐Won; Gipsy Tabilo‐Munizaga; Luis González-Cavieres; Anais Palma-Acevedo; Carolina Herrera‐Lavados,2026-10-05 22:25
W4379988127,Results for a Control Problem for a SIS Epidemic Reaction–Diffusion Model,2023,S190787756,https://doi.org/10.3390/sym15061224,Aníbal Coronel; Esperanza Lozada,2026-10-05 22:25
W4380077343,Conforming and nonconforming virtual element methods for fourth order nonlocal reaction diffusion equation,2023,S24332595,https://doi.org/10.1142/s0218202523500483,Dibyendu Adak; Verónica Anaya; David Mora,2026-10-05 22:25
W4380225118,New Trends in Supercritical Fluid Technology and Pressurized Liquids for the Extraction and Recovery of Bioactive Compounds from Agro-Industrial and Marine Food Waste,2023,S108911230,https://doi.org/10.3390/molecules28114421,Horacio Fraguela-Meissimilly; José Miguel Bastías‐Montes,2026-10-05 22:25
W4380267099,Análisis de la salud oral en deportistas de Olimpiadas Especiales con discapacidad intelectual (Analysis of oral health in Special Olympics athletes with intellectual disability),2023,S2738013834,https://doi.org/10.47197/retos.v49.97417,Luis Felipe Castelli Correia de Campos,2026-10-05 22:25
W4380354238,PROPOSAL OF A CHANGE MANAGEMENT MODEL FOR HIGHER EDUCATION INSTITUTIONS. CASE STUDY: UNIVERSITY OF BÍO-BÍO,2023,S4210204635,https://doi.org/10.6036/mn10831,Claudia Castro; Carlos Torres Navarro; Karen García,2026-10-05 22:25
W4380370814,Violaciones a los derechos humanos durante la dictadura cívico militar chilena y las denuncias desde la prensa de oposición entre los años 1983- 1988,2023,S4210211769,https://doi.org/10.51188/rrts.num29.724,Eduardo Solís Álvarez,2026-10-05 22:25
W4380422434,Genetic control underlying the flowering‐drought tolerance trade‐off in the Antarctic plant Colobanthus quitensis,2023,S170036492,https://doi.org/10.1111/pce.14645,Cristian Torres‐Díaz,2026-10-05 22:25
W4380536386,Redes y personalización en la percepción de calidad del proceso de aprendizaje de la educación online desarrollada en contexto de pandemia,2023,S4210238748,https://doi.org/10.38123/rre.v3i1.253,Ariel Adrián Yévenes Subiabre,2026-10-05 22:25
W4380741503,"Periodic Solutions, KAM Tori, and Bifurcations in the Planar Anisotropic Schwarzschild-Type Problem",2023,S161160597,https://doi.org/10.1137/21m1450409,Cláudio Vidal,2026-10-05 22:25
W4380872950,Quantifying the influence of reinforcement architecture on the planar mechanical properties of 3D-printed continuous fiber-reinforced thermoplastic composites,2023,S77056576,https://doi.org/10.1007/s00170-023-11569-w,Rodrigo Castillo; Ángelo Oñate,2026-10-05 22:25
W4380986397,Cookies Enriched with Maqui (Aristotelia chilensis (Mol.) Stuntz) Flour: Good Source of Dietary Fiber and Antioxidant Capacity,2023,S188241495,https://doi.org/10.1155/2023/2144394,José Miguel Bastías‐Montes; María-Fernanda Orrego-Aguilera; Francisca-Jesus Ortiz-Espinoza; Sergio Acuña,2026-10-05 22:25
W4380988581,Pyrolysis of Chilean Southern Lignocellulosic Biomasses: Isoconversional Kinetics Analysis and Pyrolytic Products Distribution,2023,S123288148,https://doi.org/10.3390/polym15122698,Kevin Jhon Fernández-Andrade; Serguei Alejandro-Martín,2026-10-05 22:25
W4381167297,Conductas sexuales según sexo y nivel socioeconómico en adolescentes universitarios de una universidad pública de Chile,2023,S2738008052,https://doi.org/10.58807/indexenferm20235793,Paulina Vargas Chávez,2026-10-05 22:25
W4381196063,Premio a Mejor Ensayo - ANTICORRUPCIÓN EN LATINOAMÉRICA: DESAFÍOS PARA CHILE EN TRANSPARENCIA Y USO DE TECNOLOGÍAS DE INFORMACIÓN,2023,S4387286749,https://doi.org/10.57211/revista.v8i8.148,María Franco Carias,2026-10-05 22:25
W4381432480,O PROGRAMA DE VOLUNTARIADO COMO FERRAMENTA NA DISSEMINAÇÃO DO CONHECIMENTO DO ESPORTE PARALÍMPICO,2023,S4210227654,https://doi.org/10.36311/2674-8681.2023.v24n1.p17-28,Luiz Gustavo Teixeira Fabrício dos Santos,2026-10-05 22:25
W4381433315,Una estrategia de sistemas alimentarios locales para el Area Metropolitana de Concepcion (ESAL25),2023,S4210172960,https://doi.org/10.22320/07183607.2023.26.47.00,Ana Zazo Moratalla; Isidora Troncoso-González,2026-10-05 22:25
W4381435307,La migración en Antofagasta: El habitar en frontera porosa como estrategia de resistencia,2023,S4210172960,https://doi.org/10.22320/07183607.2023.26.47.04,Carolina Andrea Arriagada-Sickinger,2026-10-05 22:25
W4381436175,"Tipologías habitacionales, percepciones barriales y vínculos sociales vecinales. Exploraciones sobre el barrio de Michaihue, Área Metropolitana de Concepción, Chile",2023,S4210172960,https://doi.org/10.22320/07183607.2023.26.47.01,Aarón Tolindor Napadensky Pastene,2026-10-05 22:25
W4381660690,Corporate Social Responsibility and the Willingness to Eco-Innovate among Chilean Firms,2023,S10134376,https://doi.org/10.3390/su15129832,Luis E. Villegas; Andrés Acuña; César Salazar,2026-10-05 22:25
W4381663101,Synergistic Effects and Mechanistic Insights into the Co-Hydropyrolysis of Chilean Oak and Polyethylene: Unlocking the Potential of Biomass–Plastic Valorisation,2023,S123288148,https://doi.org/10.3390/polym15122747,Bastián Puentes; Fidel Vallejo; Serguei Alejandro-Martín,2026-10-05 22:25
W4381684081,A Banach spaces-based fully-mixed finite element method for the stationary chemotaxis-Navier-Stokes problem,2023,S4210205691,https://doi.org/10.1016/j.camwa.2023.06.006,Sergio Caucao; Eligio Colmenares; Gabriel N. Gatica; Cristian Inzunza,2026-10-05 22:25
W4381803771,Sobre la legitimidad de la intervención social,2023,S4210175692,https://doi.org/10.25100/prts.v0i36.12628,Juan Saavedra,2026-10-05 22:25
W4381845961,Vivienda colectiva y desarrollo urbano en el Norte Grande de Chile: la Remodelación El Morro de Iquique,2023,S74930560,https://doi.org/10.5354/0718-8358.2023.65685,Victor Manuel Valenzuela Grollmus; Pablo Fuentes Hernández,2026-10-05 22:25
W4381852451,Bifurcation of solutions through a contact manifold in bidisperse models,2023,S2597085352,https://doi.org/10.3389/fams.2023.1199011,Stefan Berres,2026-10-05 22:25
W4381926356,"Experiencias significativas sobre renovación curricular por competencias para carreras de ingeniería, Universidad del Bío-Bío",2023,S2739237874,https://doi.org/10.7769/gesec.v14i5.2098,Claudia Bañados Castro,2026-10-05 22:25
W4381957021,Desafíos enfrentados por las organizaciones en latinoamérica durante 1975-2021. Consideraciones postpandemia: análisis bibliométrico,2023,S2737480470,https://doi.org/10.36390/telos252.16,Patricia Carolina Huerta Riveros; Carolina Elena Leyton Pavez,2026-10-05 22:25
W4382057024,Education of the Affective Ideal in Contexts of Cultural Diversity: BIBLIOMETRIC and Thematic Analysis (2006-2021),2023,S4210200253,https://doi.org/10.15379/ijmst.v10i2.1391,Ingrid Bravo Carrasco,2026-10-05 22:25
W4382239021,¿Cuál es el perfil de nuestros estudiantes universitarios? Características del comportamiento emprendedor en el sur de Chile,2023,S2739118867,https://doi.org/10.12804/revistas.urosario.edu.co/empresa/a.12197,Juan Carlos Yévenes-Jara; Nataly Andrea Guiñez-Cabrera,2026-10-05 22:25
W4382358266,Do we need complex and multidimensional indicators to assess energy poverty? The case of the Chilean indicator,2023,S6846437,https://doi.org/10.1016/j.enbuild.2023.113314,Alexis Pérez-Fargallo; Laura Marín-Restrepo; Sergio Contreras-Espinoza,2026-10-05 22:25
W4382402114,Inference Based on the Stochastic Expectation Maximization Algorithm in a Kumaraswamy Model with an Application to COVID-19 Cases in Chile,2023,S4210192031,https://doi.org/10.3390/math11132894,Jean Paul Navarrete,2026-10-05 22:25
W4382539315,Complexity of limit cycles with block-sequential update schedules in conjunctive networks,2023,S149828480,https://doi.org/10.1007/s11047-023-09947-0,Luis Gómez,2026-10-05 22:25
W4382602152,Concentración del Mercado de las Big Four: Qué pasa en Chile,2023,S4210177557,https://doi.org/10.31095/podium.2023.43.09,Marcelo Navarrete Esparza; Fernando Andrés Morales Parada,2026-10-05 22:25
W4382698610,Estudio de las lesiones de hombro en tenis en silla de ruedas. Revisión sistemática,2023,S4387286328,https://doi.org/10.17398/2952-2218.1.191,Luis Felipe Castelli Correia de Campos,2026-10-05 22:25
W4382726304,Durvillaea antarctica: A Seaweed for Enhancing Immune and Cardiometabolic Health and Gut Microbiota Composition Modulation,2023,S10623703,https://doi.org/10.3390/ijms241310779,Solange Liliana Parra-Soto,2026-10-05 22:25
W4382752205,"Red de actores y patrimonialización de barrios post-industriales: Bellavista Tomé en Chile, 2008 - 2017",2023,S2739459161,https://doi.org/10.5354/0717-5051.2023.69518,María Isabel López Meza,2026-10-05 22:25
W4382774867,Estudio exploratorio del efecto de los parámetros de corte en la precisión de aserrado de la madera boliviana de Hymenaea courbaril.,2023,S158389302,https://doi.org/10.4067/s0717-92002023000100149,Francisco Vergara; Gerson Rojas; Claudio Montero,2026-10-05 22:25
W4382774935,Identidad Sexual: Configuraciones de significado desde discursos activos y prescriptivos del cuerpo académico.,2023,S2737823951,https://doi.org/10.30827/relieve.v29i1.26799,Andrés Ignacio Seguel Arriagada,2026-10-05 22:25
W4382775542,Asociación entre consumo de alcohol y exceso de peso entre estudiantes universitarios de América Latina,2023,S4210227418,https://doi.org/10.4067/s0717-75182023000200186,Solange Liliana Parra-Soto; Jacqueline Araneda Flores,2026-10-05 22:25
W4382883063,Supervised machine learning-based multi-class phase prediction in high-entropy alloys using robust databases,2023,S67716761,https://doi.org/10.1016/j.jallcom.2023.171224,Ángelo Oñate,2026-10-05 22:25
W4382935012,"Estrategias de afrontamiento en madres con síntomas de ansiedad en familias monoparentales femeninas de Ñuble, Chile",2023,S4210225987,https://doi.org/10.15381/rinvp.v26i1.24985,Yvanna Massoglia Salas; Francisca Jara Zapata; Nelson Zicavo,2026-10-05 22:25
W4382983543,Drone Optimization in Factory: Exploring the Minimal Level Vehicle Routing Problem for Efficient Material Distribution,2023,S4210193350,https://doi.org/10.3390/drones7070435,Carlos Rey,2026-10-05 22:25
W4382985017,Satisfacción con la simulación clínica de alta fidelidad previo y posterior a prácticas clínicas en estudiantes de enfermería,2023,S2738008052,https://doi.org/10.58807/indexenferm20235797,Ángela Astudillo Araya; Pamela Montoya-Cáceres,2026-10-05 22:25
W4383070398,Competencias emocionales en la formación de profesionales en trabajo social,2023,S4210229326,https://doi.org/10.15517/revedu.v47i2.53644,Marcela del Carmen Concha Toro; Nelly Lagos San Martín; Patricia Alejandra Becerra Aguayo,2026-10-05 22:25
W4383107640,Insatisfacción residencial post-relocalización de asentamientos informales en viviendas sociales: una revisión sistemática de la literatura,2023,S2737067835,https://doi.org/10.5821/ace.18.52.11371,Juan Carlos Marín-Villegas; Francisco Sabatini; Francisco Gatica Neira,2026-10-05 22:25
W4383111954,Caracterización sociodemográfica y clínica en egresos hospitalarios de usuarios con diagnóstico de epilepsia chile 2015-2019. Egresos hospitalarios por epilepsia en Chile,2023,S4210232697,https://doi.org/10.4067/s0717-92272023000200189,Patricio Oliva-Moresco; Jacqueline Alejandra Araneda-Flores,2026-10-05 22:25
W4383374341,"Competencias emocionales en estudiantes de educación superior de Argentina, Chile y Colombia",2023,S4210189937,https://doi.org/10.18861/cied.2023.14.2.3350,Nelly Lagos San Martín,2026-10-05 22:25
W4383553424,"Shape, Microstructure, and Chemical Composition of Pearls from the Freshwater Clam Diplodon chilensis Native to South America",2023,S4210168508,https://doi.org/10.3390/ani13132231,Gonzalo A. Collado; Moisés A. Valladares; Cristian Suárez; Mathías Seguel; G. Cabello,2026-10-05 22:25
W4383567300,"La anormalidad castigada: representaciones de la pena de muerte en un diario chileno de masas La Tercera de la Hora, 1951-1967",2023,S4210189091,https://doi.org/10.1590/1980-4369e2023009,Marco Antonio León León,2026-10-05 22:25
W4383893062,"Synthesis, characterization and exploration of the NIR luminescent properties in HfO2: Er, HfO2:Tm and HfO2:Er/Tm films photochemically prepared",2023,S5707928,https://doi.org/10.1016/j.matchemphys.2023.128184,G. Cabello; Marcela Matus; Luis Fernández; C. Caro-Díaz; Luis Lillo; Francisco J. Valenzuela-Melgarejo,2026-10-05 22:25
W4383893970,Time decay of viscoelastic plates with type II heat conduction,2023,S151579836,https://doi.org/10.1016/j.jmaa.2023.127592,Jaime E. Muñoz Rivera; Elena Ochoa Ochoa,2026-10-05 22:25
W4383905211,Perturbative S -matrix unitarity and higher-order Lorentz violation,2023,S4210238307,https://doi.org/10.1103/physrevd.108.015012,Carlos M. Reyes; César Riquelme,2026-10-05 22:25
W4383909063,"Processing of Enriched Pear Slices with Blueberry Juice: Phenolics, Antioxidant, and Color Characteristics",2023,S2737566431,https://doi.org/10.3390/antiox12071408,Siluana Katia Tischer Seraglio; Belkis Sarahí Hernández-Velásquez; Moira Elizabeth Osses-Millar; Bárbara Yolanda Malverde-Muñoz; Constanza Pavez-Guajardo; Jorge J. Moreno,2026-10-05 22:25
W4384039494,Experimental Validation of Damping Adjustment Method with Generator Parameter Study for Wave Energy Conversion,2023,S198098182,https://doi.org/10.3390/en16145298,Fabián Gonzalo Pierart; Matias Rubilar; Jaime Rohten,2026-10-05 22:25
W4384156412,Interaction and integration among behaviors of adult Drosophila in nature,2023,S202381698,https://doi.org/10.1371/journal.pone.0278427,Jeannette Silva-López,2026-10-05 22:25
W4384158136,Quality changes in Murta (Ugni molinae) under frozen home storage,2023,S4387291082,https://doi.org/10.17268/agrosci.2023.002,José Miguel Bastías‐Montes,2026-10-05 22:25
W4384201959,A Study on a Polymeric Foam Based on Pulse Proteins and Cellulose Fibrils,2023,S18714766,https://doi.org/10.3390/ma16144965,Gipsy Tabilo‐Munizaga,2026-10-05 22:25
W4384616325,La “Donación de Constantino”: un debate historiográfico multisecular,2023,S4210230081,https://doi.org/10.29393/rh30-8dclj20008,Luís Rojas Donat,2026-10-05 22:25
W4384692856,Narrativas de subjetivación en académicas de Chile y Colombia: neoliberalismo y género en la universidad,2023,S4210200106,https://doi.org/10.5565/rev/qpsicologia.1910,Soledad Martínez Labrín,2026-10-05 22:25
W4384829899,Subjective Socioeconomic Status in Small-Scale Aquaculture: Evidence from Central-Southern Chile,2023,S10134376,https://doi.org/10.3390/su151411239,Juan Rosas-Muñoz; Javier Castillo-Cruces,2026-10-05 22:25
W4384930363,Revisión sistemática sobre la capacidad de adaptación y resiliencia comunitaria ante desastres socionaturales en América Latina y el Caribe,2023,S4220651642,https://doi.org/10.55467/reder.v7i2.132,José Sandoval‐Díaz; Mónica Navarrete Muñoz,2026-10-05 22:25
W4385068613,A Study of the Properties of UV-Aged and Low Formaldehyde Emissions Particleboards Manufactured with Bio-Based Wood Protein Adhesives,2023,S71324801,https://doi.org/10.3390/f14071488,Mario Núñez‐Decap; Erickson Canales-Constanzo; Camila Opazo-Carlsson; Boris Moya-Rojas; Marcela Vidal-Vega; Alexander Opazo-Vega,2026-10-05 22:25
W4385117726,Los servicios y su capacidad de expandir el desarrollo de la economía nacional,2023,S4387288708,https://doi.org/10.22320/hem.v22i1.6025,Osvaldo Pino Arriagada; Gustavo Escobar Santibáñez,2026-10-05 22:25
W4385197623,Multiobjective Optimization of Public Health Service Delivery Networks,2023,S2736825511,https://doi.org/10.18359/rcin.6353,Rodrigo Linfati,2026-10-05 22:25
W4385200072,Percepciones de violencia de género en instituciones de educación superior en Chile,2023,S187296519,https://doi.org/10.1590/1806-9584-2023v31n284004,Valeria Boll Henríquez,2026-10-05 22:25
W4385230156,Cure rate models for heterogeneous competing causes,2023,S150263959,https://doi.org/10.1177/09622802231188514,Diego Ignacio Gallardo,2026-10-05 22:25
W4385281112,Distribution of Growth Stresses in Eucalyptus nitens Maiden Logs Immersed in Water,2023,S71324801,https://doi.org/10.3390/f14081517,Carlos Rozas; Ricardo Burgos; Alexander Opazo-Vega; Pablo Moreno; Oswaldo Erazo,2026-10-05 22:25
W4385281237,Desde el cuerpo:,2023,S4210196781,https://doi.org/10.21142/des-1503-2023-0033,Tania Faúndez Carreño,2026-10-05 22:25
W4385343647,Existence of entropy weak solutions for 1D non-local traffic models with space-discontinuous flux,2023,S198054453,https://doi.org/10.1007/s10665-023-10284-5,Harold Deivi Contreras; Luis Miguel Villada,2026-10-05 22:25
W4385362868,Interior penalty discontinuous Galerkin methods for the velocity-pressure formulation of the Stokes spectral problem,2023,S57050787,https://doi.org/10.1007/s10444-023-10062-y,Felipe Lepe,2026-10-05 22:25
W4385374744,Alkane biosynthesis is promoted in methyl jasmonate‐treated sweet cherry (Prunus avium) fruit cuticles,2023,S206298197,https://doi.org/10.1002/jsfa.12891,Camilo Gutiérrez; Juan Carlos Marín,2026-10-05 22:25
W4385394446,Relación entre metaconocimiento emocional y autodeterminación en estudiantes de Pedagogía,2023,S4210232918,https://doi.org/10.4151/07189729-vol.62-iss.3-art.1344,Claudia Verónica Vásquez Rivas,2026-10-05 22:25
W4385397938,Enseñar Estadística en Ciencias de la Salud. El uso de la retroalimentación (feedback) en Enfermería.,2023,S4210168080,https://doi.org/10.37618/paradigma.1011-2251.2023.p139-150.id1340,Patricia Rojas Salinas,2026-10-05 22:25
W4385416017,"Stability, Periodic Solution and Kam Tori in the Circular Restricted $$(N+1)$$-Body Problem on $${\mathbb {S}}^3$$ and $${\mathbb {H}}^3$$",2023,S131276044,https://doi.org/10.1007/s00332-023-09946-6,Jaime Andrade; D. E. Espejo,2026-10-05 22:25
W4385416267,Global existence and asymptotic behavior for a semilinear Bresse beam model with boundary constraints,2023,S151579836,https://doi.org/10.1016/j.jmaa.2023.127637,Jaime E. Muñoz Rivera,2026-10-05 22:25
W4385416654,"Exploring the Impact of Cooling Rate on Microstructural Features, Mechanical Properties, and Corrosion Resistance of a Novel Nb-Stabilized Super Duplex Stainless Steel in Shielded Metal Arc Welding",2023,S4210196485,https://doi.org/10.3390/cryst13081192,Ángelo Oñate,2026-10-05 22:25
W4385445000,Espacio Cotidiano,2023,S2737190872,https://doi.org/10.22320/07196466.2023.41.064.00,Pablo Fuentes Hernández; Gonzalo Cerda Brintrup,2026-10-05 22:25
W4385452766,Epistemología en la relación biocultural del diseño,2023,S4210182947,https://doi.org/10.18682/cdc.vi179.8885,Wolfgang Alejandro Breuer,2026-10-05 22:25
W4385547844,Educar en diversidad en la formación inicial docente: una revisión sistemática,2023,S2739091560,https://doi.org/10.21703/rexe.v22i49.1429,Nelly Lagos San Martín,2026-10-05 22:25
W4385581257,Application of Tikhonov fixed point theorem to analyze an inverse problem for a bioconvective flow model,2023,S177115271,https://doi.org/10.1007/s11784-023-01079-3,Aníbal Coronel; Alex Tello,2026-10-05 22:25
W4385583891,Computing the Spatial Explorations of Roberto Matta,2023,S71829577,https://doi.org/10.1007/s00004-023-00748-7,Rodrigo García Álvarado,2026-10-05 22:25
W4385587868,Failure response of expanded metal meshes subject to transversal impact,2023,S40181659,https://doi.org/10.1590/1679-78257585,Euro Casanova,2026-10-05 22:25
W4385626517,Un enfoque de machine learning para la predicción de la calidad de tableros contrachapados,2023,S967659979,https://doi.org/10.4067/s0718-221x2023000100436,Cynthia Urra-González; Mario Ramos-Maldonado,2026-10-05 22:25
W4385628813,Fuerzas de cambio del proceso de evaluación: Percepción docentes universitarios en COVID-19,2023,S2739091560,https://doi.org/10.21703/0718-5162.v22.n48.2023.007,Nataly Andrea Guiñez-Cabrera,2026-10-05 22:25
W4385667325,Development of bean-based emulgels for 3D printing applications: Feasibility for dysphagia diets,2023,S137362610,https://doi.org/10.1016/j.jfoodeng.2023.111687,Carolina Herrera‐Lavados; Gipsy Tabilo‐Munizaga; Nailín Carvajal-Mena; Anais Palma-Acevedo; Luis Moreno‐Osorio; Mario Pérez‐Won,2026-10-05 22:25
W4385731640,Evaluation of the interface of Eucalyptus specimens welded by rotary friction,2023,S967659979,https://doi.org/10.4067/s0718-221x2023000100426,Ana Carolina Costa Viana,2026-10-05 22:25
W4385738598,Aplicación del método de costeo basado en actividades en una empresa de la industria panadera,2023,S2739237874,https://doi.org/10.7769/gesec.v14i8.2586,Carlos Torres Navarro; Contanza Delgado Vizcarra,2026-10-05 22:25
W4385757697,"Biomaterializar: madera de Amomyrtus, una oportunidad para la diversificación productiva sustentable del bosque templado",2023,S4210182947,https://doi.org/10.18682/cdc.vi203.9752,Marcos García-Alvarado; Gerardo Saelzer Fuica,2026-10-05 22:25
W4385758341,Valorización de residuos de corcho en el ámbito del diseño de materiales emergentes,2023,S4210182947,https://doi.org/10.18682/cdc.vi190.9536,Jimena Alarcón Castro,2026-10-05 22:25
W4385758886,Microgrid Management Strategies for Economic Dispatch of Electricity Using Model Predictive Control Techniques: A Review,2023,S198098182,https://doi.org/10.3390/en16165935,Lesyani Teresa León Viltre; Yandi A. Gallego Landera,2026-10-05 22:25
W4385759697,"The economics impacts of long-run droughts: Challenges, gaps, and way forward",2023,S44455300,https://doi.org/10.1016/j.jenvman.2023.118726,Francisco Hernández,2026-10-05 22:25
W4385766950,Stability to Signorini Problem with Pointwise Damping,2023,S104354797,https://doi.org/10.1007/s00245-023-10038-w,Jaime E. Muñoz Rivera,2026-10-05 22:25
W4385799603,En búsqueda de un Chile menos centralizado y segregado: el rol sobre la salud,2023,S155962516,https://doi.org/10.4067/s0034-98872023000100129,Jacqueline Araneda-Flores,2026-10-05 22:25
W4385814011,Preferences in discrete multi-adjoint formal concept analysis,2023,S192650101,https://doi.org/10.1016/j.ins.2023.119507,Clemente Rubio-Manzano,2026-10-05 22:25
W4385949796,Proposal of a Mathematical Modelling Activity to Facilitate Students’ Learning of Ordinary Differential Equation Concepts,2023,S10134376,https://doi.org/10.3390/su151612483,Aníbal Coronel,2026-10-05 22:25
W4386001411,Body surface area is a predictor of maturity status in school children and adolescents,2023,S134535697,https://doi.org/10.1186/s12887-023-04222-8,Luis Felipe Castelli Correia de Campos,2026-10-05 22:25
W4386048675,FABRICATION AND CHARACTERIZATION OF ELECTROSPUN POLYLACTIC ACID FILMS REINFORCED WITH CHILEAN BAMBOO CELLULOSE NANOFIBERS,2023,S169526556,https://doi.org/10.35812/cellulosechemtechnol.2023.57.54,Alexander Gaitán; William Gacitúa,2026-10-05 22:25
W4386085806,Impact of public research investments on agricultural productivity in Chile,2023,S180723199,https://doi.org/10.1002/agr.21842,Juan Hernán Cabas Monje,2026-10-05 22:25
W4386134134,"An Infrastructure Management Humanistic Approach for Smart Cities Development, Evolution, and Sustainability",2023,S4210217608,https://doi.org/10.3390/infrastructures8090127,Stella Schroeder,2026-10-05 22:25
W4386175621,LA PARTICIPACIÓN COMO INDICADOR DE LA INNOVACIÓN PÚBLICA. EXPERIENCIA DEL LABORATORIO DE GOBIERNO DE LA UNIVERSIDAD DEL BÍO-BÍO,2023,S4210199428,https://doi.org/10.29393/gp5-9pijl10009,Javier Antonio León Aravena,2026-10-05 22:25
W4386191198,Barriers perceived to assume promoting health conduct in university students,2023,S4210223777,https://doi.org/10.15406/ijfcm.2023.07.00330,Verónica Jara Contreras,2026-10-05 22:25
W4386231119,"Involucramiento, implicación y participación de las familias: explorando enfoques, niveles y ámbitos de acción en políticas de cuatro páses latinoamericanos",2023,S4210229652,https://doi.org/10.7764/pel.60.2.2023.8,Héctor Cárcamo Vásquez,2026-10-05 22:25
W4386248956,"Alta prevalencia de malnutrición por déficit e inseguridad alimentaria en pm institucionalizadas en establecimientos de larga estadía (ELEAM) de las comunas de Chillán y Chillán Viejo, Chile",2023,S4210227418,https://doi.org/10.4067/s0717-75182023000300312,Marcela Ruíz-De la Fuente; Alejandra Rodríguez‐Fernández; Eduard Maury-Sintjago; Julia Flores-Sepúlveda; Josefa Candía-Martínez; Verónica Barrón-Pavón,2026-10-05 22:25
W4386254746,Evaluación de la calidad de servicios telemédicos: caso hospital en Chile,2023,S2739237874,https://doi.org/10.7769/gesec.v14i8.2687,Carlos Torres Navarro; Ricardo Oñate Alarcón; Arnaldo Jélvez Caamaño,2026-10-05 22:25
W4386280314,Characterization approaches affect asymmetric load predictions of hexagonal close-packed alloy,2023,S2765010971,https://doi.org/10.1016/j.jmrt.2023.08.255,Ángelo Oñate,2026-10-05 22:25
W4386292953,The Virtual Rotor Kit Project: A virtual rotor test rig for balancing experiments,2023,S2764411550,https://doi.org/10.1177/03064190231197119,Euro Casanova,2026-10-05 22:25
W4386295654,Solid lubrication performance of sandwich Ti3C2Tx-MoS2 composite coatings,2023,S42323631,https://doi.org/10.1016/j.apsusc.2023.158295,Paulina Valenzuela; William Gacitúa,2026-10-05 22:25
W4386299115,OPTIMIZATION OF NEUTRALIZING POWER OF Mytilus chilensis SEASHELLS IN ACID ALLUVIAL SOIL OF ÑUBLE COAST,2023,S4210172773,https://doi.org/10.29393/chjaa39-18onjd30018,Danela Silva-Ferrer,2026-10-05 22:25
W4386356867,Prediction of absenteeism in medical appointments using Machine Learning,2023,S4210187844,https://doi.org/10.47460/uct.v27i120.728,Catalina Valenzuela-Núñez; Fredy Humberto Troncoso Espinosa; Guillermo Latorre-Núñez,2026-10-05 22:25
W4386385079,High Phenol Yields from Catalytic Hydropyrolysis of Lignin and Phenolic-Rich Raffinate,2023,S2502047864,https://doi.org/10.1021/acssuschemeng.3c03990,Luis Ernesto Arteaga-Pérez; Tamara Menares,2026-10-05 22:25
W4386399831,"CEBs with GRC: Fabrication, characterization, modeling, and correlation with microstructural fracture features",2023,S2765035490,https://doi.org/10.1016/j.mtcomm.2023.107028,Ángelo Oñate,2026-10-05 22:25
W4386407036,Diversity of Agaricomycetes in southern South America and their bioactive natural products,2023,S205999849,https://doi.org/10.1080/14786419.2023.2244126,Jonhatan Gómez-Espinoza; Enzo Romero-Villegas; Ramón Ahumada-Rudolph; Paola Méndez; Camila Millar; Naomi Fernández-Alarcón; Jaime R. Cabrera‐Pardo,2026-10-05 22:25
W4386423960,VEM discretization allowing small edges for the reaction–convection–diffusion equation: source and spectral problems,2023,S108887460,https://doi.org/10.1051/m2an/2023069,Felipe Lepe,2026-10-05 22:25
W4386459843,Extreme environments as sources of fungal endophytes mitigating climate change impacts on crops in Mediterranean‐type ecosystems,2023,S4210231449,https://doi.org/10.1002/ppp3.10415,Cristian Torres‐Díaz,2026-10-05 22:25
W4386471338,TICs en la enseñanza de la economía y la administración,2023,S4210208179,https://doi.org/10.18004/ucsa/2409-8752/2023.010.02.067,Andrea King-Domínguez; Luis Rodolfo Améstica-Rivas,2026-10-05 22:25
W4386484863,Use of Carbon and Basalt Fibers with Adhesives to Improve Physical and Mechanical Properties of Laminated Veneer Lumber,2023,S4210205812,https://doi.org/10.3390/app131810032,Mario Núñez‐Decap; Bárbara Sandoval-Valderrama; Camila Opazo-Carlsson; Boris Moya-Rojas; Marcela Vidal-Vega; Alexander Opazo-Vega,2026-10-05 22:25
W4386533146,The nonconforming virtual element method for Oseen’s equation using a stream-function formulation,2023,S108887460,https://doi.org/10.1051/m2an/2023075,Dibyendu Adak,2026-10-05 22:25
W4386581928,De la teoria constructivista hacia el aprendizaje adaptativo; una evolución pedagógica en el siglo XXI,2023,S4306400562,https://doi.org/10.5281/zenodo.8331289,Cristián Loyola Salas,2026-10-05 22:25
W4386602881,Deep learning for Chilean native flora classification: a comparative analysis,2023,S2493613807,https://doi.org/10.3389/fpls.2023.1211490,Carola Figueroa-Flores; Pablo San-Martin,2026-10-05 22:25
W4386604676,Pensamiento probabilístico en profesores en formación matemática: un acercamiento desde juegos aleatorios.,2023,S2737944971,https://doi.org/10.12795/revistafuentes.2023.22921,Francisco Enrique Rodríguez Alveal; Timur Koparan,2026-10-05 22:25
W4386710830,Propuesta de un modelo para la cuantificación de costos de residuos de la construcción en la etapa de planificación de proyectos de construcción,2023,S129965973,https://doi.org/10.3989/ic.6425,Gonzalo Garcés; Antonio Molina,2026-10-05 22:25
W4386738824,"Angol en La Frontera. Desarrollo urbano y arquitectura pública, una modernidad al margen",2023,S4210188114,https://doi.org/10.29393/at527-6aepb30006,Pablo Fuentes Hernández; Bárbara Viney Sáez Orrego,2026-10-05 22:25
W4386800290,The effect of citric acid pretreatment on composition and stability of bio-oil from sugar cane residues using a continuous lab-scale pyrolysis reactor,2023,S58603569,https://doi.org/10.1016/j.jaap.2023.106183,Luis Ernesto Arteaga-Pérez; Raydel Manrique,2026-10-05 22:25
W4386803950,Numerical prediction of the solidification and melting of encapsulated nano‐enhanced phase change materials,2023,S4210199075,https://doi.org/10.1002/est2.521,Luis A. Segura‐Ponce,2026-10-05 22:25
W4386830826,All-in-Fiber Dynamically Reconfigurable Orbital Angular Momentum Mode Sorting,2023,S135184319,https://doi.org/10.1021/acsphotonics.3c00825,Santiago Gómez; Gustavo Cañas,2026-10-05 22:25
W4386838199,Analytical Pyrolysis of Pinus radiata and Eucalyptus globulus: Effects of Microwave Pretreatment on Pyrolytic Vapours Composition,2023,S123288148,https://doi.org/10.3390/polym15183790,Diego Venegas-Vásconez; Luis Ernesto Arteaga-Pérez; María Graciela Aguayo; Serguei Alejandro-Martín,2026-10-05 22:25
W4386843717,Associations and predictive performance of 11 anthropometric measures with incident type 2 diabetes: A prospective cohort study from the UK Biobank,2023,S29918858,https://doi.org/10.1002/oby.23849,Solange Liliana Parra-Soto,2026-10-05 22:25
W4386848055,Weighted pseudo almost automorphic solution for abstract dynamic equations under translation and non-translation time scales with shift operators and unbounded graininess,2023,S4210216644,https://doi.org/10.1007/s43036-023-00290-w,Samuel Castillo,2026-10-05 22:25
W4386850113,Quasistatic and Dynamic Nanoindentation Measurements of Pinus radiata D. Don S2 and CCML Cell Wall Layers,2023,S71324801,https://doi.org/10.3390/f14091900,Oswaldo Erazo; Judith Vergara-Figueroa; Paulina Valenzuela; William Gacitúa,2026-10-05 22:25
W4386851339,The public perception of urban vegetation in metropolitan regions of Costa Rica,2023,S4210181357,https://doi.org/10.1016/j.envadv.2023.100422,Sergio Contreras-Espinoza,2026-10-05 22:25
W4386867850,Percepción de estudiantes de enfermería y socios comunitarios de la metodología de Aprendizaje-Servicio (A-S),2023,S2738008052,https://doi.org/10.58807/indexenferm20235798,Aurora Henríquez Melgarejo; Raquel A Aburto-Godoy; Marcela Mora Donoso,2026-10-05 22:25
W4386886947,The M/G ratio of alginate oligosaccharides: The key to enhance the coloration of strawberries,2023,S64311837,https://doi.org/10.1016/j.carbpol.2023.121422,Carlos L. Céspedes,2026-10-05 22:25
W4386894118,Lexical Access Restrictions after the Age of 80,2023,S122317144,https://doi.org/10.3390/brainsci13091343,Carlos Rojas; Marilyn San Martín Cofré,2026-10-05 22:25
W4386905888,Operando FTIR-ATR with molecular dynamic simulations to understand the diffusion mechanism of waste tire-derived pyrolytic oil for asphalt self-healing,2023,S164770093,https://doi.org/10.1016/j.fuel.2023.129834,Gonzalo R. Quezada; Camilo Solar; Jorge H. Saavedra; Karla Petit; Luis Ernesto Arteaga-Pérez; José Norambuena-Contreras,2026-10-05 22:25
W4386945615,A photochemical route in the synthesis and characterization of La2Ti2O7 and La2Ti2O7/AgO films and its evaluation in Congo red degradation and as antibacterial control to Staphylococcus aureus,2023,S87561820,https://doi.org/10.1007/s11356-023-29847-1,Luis Fernández; Felipe Bustos; Diana Isabel Correa; Cristian Suarez; C.F. Caro; G. Cabello,2026-10-05 22:25
W4386979916,Three-Dimensional Printing Parameter Optimization for Salmon Gelatin Gels Using Artificial Neural Networks and Response Surface Methodology: Influence on Physicochemical and Digestibility Properties,2023,S2737559645,https://doi.org/10.3390/gels9090766,Nailín Carvajal-Mena; Gipsy Tabilo‐Munizaga; Mario Pérez‐Won; Carolina Herrera‐Lavados; Luis Moreno‐Osorio,2026-10-05 22:25
W4386985248,OP04_6. The risk of new-onset neurological disorders after pregnancy-induced hypertension; a nation-wide register-based cohort study,2023,S2898367572,https://doi.org/10.1016/j.preghy.2023.07.124,Carlos Escudero,2026-10-05 22:25
W4386997005,Understanding the Behavior of Sodium Polyacrylate in Suspensions of Silica and Monovalent Salts,2023,S123288148,https://doi.org/10.3390/polym15193861,Gonzalo R. Quezada; Francisco Retamal,2026-10-05 22:25
W4387005011,"Amplification of the antioxidant properties of myricetin, fisetin, and morin following their oxidation",2023,S98026630,https://doi.org/10.1016/j.foodchem.2023.137487,Edgar Pastene,2026-10-05 22:25
W4387011467,Desarrollo inicial de un fitofármaco derivado del jugo de Citrus limón (limón) para el tratamiento de crisis hipertensivas,2023,S4210168630,https://doi.org/10.4067/s0718-85602023000200082,Edgar Pastene,2026-10-05 22:25
W4387092779,(RE)CONHECER O LUGAR,2023,S4210224099,https://doi.org/10.15210/pixo.v7i26.6660,Laline Cenci; Samuel Brito; Ana Paula Maran; Luciani Neves Lens,2026-10-05 22:25
W4387104882,Tribologically induced nanostructural evolution of carbon materials: A new perspective,2023,S2736340094,https://doi.org/10.1007/s40544-023-0754-6,Guilherme Oliveira Neves,2026-10-05 22:25
W4387114406,Reduced Brain Cortex Angiogenesis in the Offspring of the Preeclampsia-Like Syndrome,2023,S67880631,https://doi.org/10.1161/hypertensionaha.123.21756,Felipe Troncoso; Hermes Sandoval; Belén Ibáñez; Estefanny Escudero-Guevara; Jesenia Acurio; Carlos Escudero,2026-10-05 22:25
W4387118827,Connotaciones atribuidas a la evaluación por futuros docentes de Educación Física en su primer año universitario presencial (Connotations given to assessment by future Physical Education teachers in their first university year on-site),2023,S2738013834,https://doi.org/10.47197/retos.v51.99916,Ana Carolina Maldonado Fuentes,2026-10-05 22:25
W4387170714,Supersymmetric quantum potentials analogs of classical electrostatic fields,2023,S146144561,https://doi.org/10.1142/s021988782450052x,Alfredo Raya,2026-10-05 22:25
W4387250476,Evaluación de los aprendizajes en educación superior: aportes de fuentes académicas para docentes hispanohablantes,2023,S4210202592,https://doi.org/10.18800/educacion.202302.a005,Ana Carolina Maldonado Fuentes; Francisco Rodríguez-Alveal,2026-10-05 22:25
W4387265892,Calidad de vida en el trabajo y síntomas de estrés laboral de enfermeras/os en Ecuador,2023,S2737918976,https://doi.org/10.36097/rsan.v1i55.2292,Juan Pablo Hidalgo-Ortiz,2026-10-05 22:25
W4387266323,Necesidades de naturaleza emocional de docentes en contexto de pandemia,2023,S2738708330,https://doi.org/10.5209/rced.80137,Nelly Lagos San Martín,2026-10-05 22:25
W4387268315,Evaluación docente y portafolio: análisis del desempeño profesional docente en Chile,2023,S4210202592,https://doi.org/10.18800/educacion.202302.a004,Geraldo Padilla Fuentes; Carlos Rodríguez Garcés; Denisse Espinosa-Valenzuela,2026-10-05 22:25
W4387344469,"CATALYTIC GASIFICATION WITH DOLOMITE AND OLIVINE IN FLUIDIZED BED, OF SOLID ORANGE WASTE. COMPARISON WITH NON-CATALYTIC GASIFICATION",2023,S4210200453,https://doi.org/10.6036/es10941,DANIEL TRAVIESO PEDROSO,2026-10-05 22:25
W4387358566,Effect of choline chloride-based deep eutectic solvents on polyphenols extraction from cocoa (Theobroma cacao L.) bean shells and antioxidant activity of extracts,2023,S4210236938,https://doi.org/10.1016/j.crfs.2023.100614,Elaine Benítez‐Correa; José Miguel Bastías‐Montes; Sergio Acuña,2026-10-05 22:25
W4387368625,Análisis de la condición física y estilos de vida relacionados con el consumo de tabaco y alcohol de los cazadores extremeños (Analysis of the physical condition and lifestyles related to the consumption of tobacco and alcohol of hunters from Extremadura),2023,S2738013834,https://doi.org/10.47197/retos.v51.99095,Luis Felipe Castelli Correia de Campos,2026-10-05 22:25
W4387369084,Global Attractor in the Positive Quadrant of the Lotka–Volterra System in ℝ2,2023,S81011612,https://doi.org/10.1142/s021812742350147x,Y. Paulina Martínez,2026-10-05 22:25
W4387378711,"Spatial distribution of two invasive freshwater snails and environmental correlates of the mollusc community abundance, a case study in Chile",2023,S2486232989,https://doi.org/10.32800/abc.2023.46.0187,Gonzalo A. Collado; Marcela A. Vidal; Cristian Torres‐Díaz,2026-10-05 22:25
W4387392335,Self-Reported Nutritional Status and Breakfast Characterization in Latin American University Students,2023,S4210233975,https://doi.org/10.1080/27697061.2023.2263526,Solange Liliana Parra-Soto; Jacqueline Alejandra Araneda-Flores,2026-10-05 22:25
W4387412560,Teatro y educación en Chile: el aula como escenario,2023,S2736717198,https://doi.org/10.17227/ppo.num30-19006,Tania Faúndez Carreño,2026-10-05 22:25
W4387424103,Association of Stair Use With Risk of Major Chronic Diseases,2023,S195759676,https://doi.org/10.1016/j.amepre.2023.10.007,Ximena Díaz-Martínez,2026-10-05 22:25
W4387465289,Resistencias a la inclusión en las escuelas chilenas en el contexto de la Ley de Inclusión,2023,S152657728,https://doi.org/10.1590/1984-0411.78673,Juan Cornejo Espejo,2026-10-05 22:25
W4387502096,The Application of the Random Time Transformation Method to Estimate Richards Model for Tree Growth Prediction,2023,S4210192031,https://doi.org/10.3390/math11204233,Felipe Baesler,2026-10-05 22:25
W4387531605,Stability of Equilibrium Points in the Spatially Restricted \({\boldsymbol{N+1}}\) -Body Problem with Manev Potential,2023,S161160597,https://doi.org/10.1137/23m1551912,Mauricio Ascencio; Cláudio Vidal,2026-10-05 22:25
W4387584577,Estado nutricional y su relación con el consumo alimentario y nivel de actividad física en tiempos de pandemia por COVID-19,2023,S4210227418,https://doi.org/10.4067/s0717-75182023000400382,Silvia Tapia Chandía; Marcela Ruíz-De la Fuente,2026-10-05 22:25
W4387609026,Pointwise stabilization of Bresse systems,2023,S34928686,https://doi.org/10.1007/s00033-023-02108-4,Jaime E. Muñoz Rivera,2026-10-05 22:25
W4387667220,Species delimitation and intraspecific diversification in recently diverged South American foxes,2023,S4210187125,https://doi.org/10.1007/s13364-023-00717-y,Juan Carlos Marín,2026-10-05 22:25
W4387705458,Non-Trivial Periodic Solutions for a Class of Second Order Differential Equations with Large Delay,2023,S3372071,https://doi.org/10.1007/s10440-023-00613-2,Adrián Gómez,2026-10-05 22:25
W4387714405,"Observation of the growth of a bifurcated tail in the Chilean Marked Gecko, Garthia gaudichaudii (Squamata, Phyllodactylidae)",2023,S116585955,https://doi.org/10.4067/s0717-65382023000100082,Fabián Campos-Cifuentes,2026-10-05 22:25
W4387718854,Physical Activity Levels in Various University Majors Amidst the COVID-19 Pandemic: A Comparative Study,2023,S4210205299,https://doi.org/10.29035/rcaf.24.2.8,Andrés Rodríguez-Morales,2026-10-05 22:25
W4387765220,"Different Sources of Fiber Intake and Risk of 17 Specific Cancers and All Cancers Combined: Prospective Study of 364,856 Participants in the UK Biobank",2023,S170967050,https://doi.org/10.1093/aje/kwad202,Solange Liliana Parra-Soto,2026-10-05 22:25
W4387773118,Stochastic Approaches Systems to Predictive and Modeling Chilean Wildfires,2023,S4210192031,https://doi.org/10.3390/math11204346,Benito Umaña-Hermosilla; Marisela Fonseca-Fuentes,2026-10-05 22:25
W4387802764,"High-order SUSY-QM, the quantum XP model and zeroes of the Riemann Zeta function",2023,S59012888,https://doi.org/10.1088/1402-4896/ad05ac,Alfredo Raya,2026-10-05 22:25
W4387810613,Nonlinear stability of elliptic equilibria in Hamiltonian systems with resonances of order four with interactions,2023,S19392275,https://doi.org/10.3934/dcds.2023119,Claudio Sierpe; Cláudio Vidal,2026-10-05 22:25
W4387815602,A Virtual Element Method for the Elasticity Spectral Problem Allowing for Small Edges,2023,S151550017,https://doi.org/10.1007/s10915-023-02372-6,Danilo Amigo; Felipe Lepe,2026-10-05 22:25
W4387885719,Design of an Electronic Health Record for Treating and Monitoring Oncology Patients in Chile,2023,S2485537415,https://doi.org/10.1109/access.2023.3327058,Gastón Márquez,2026-10-05 22:25
W4387902061,Transmission of optical communication signals through ring core fiber using perfect vortex beams,2023,S178776955,https://doi.org/10.1364/oe.503740,Nelson Villalba; Erik Baradit; Gustavo Cañas,2026-10-05 22:25
W4387907435,"Natural Compounds Purified from the Leaves of Aristotelia chilensis: Makomakinol, a New Alkaloid and the Effect of Aristoteline and Hobartine on NaV Channels",2023,S10623703,https://doi.org/10.3390/ijms242115504,Jaime R. Cabrera‐Pardo,2026-10-05 22:25
W4387914555,O efeito do vidro refletivo no microclima urbano: fachadas de edifícios comerciais,2023,S4210170361,https://doi.org/10.37180/2675-0392-n40-12,Maida Passamai Baldotto; Edna Aparecida Nico-Rodrigues,2026-10-05 22:25
W4387937984,"Distribution, conservation assessment and management perspectives of Chilean micro-snails of the family Charopidae",2023,S2764730374,https://doi.org/10.3897/natureconservation.53.100631,Gonzalo A. Collado; Nataly Flores; Marcela A. Vidal; Cristian Torres‐Díaz; Moisés A. Valladares,2026-10-05 22:25
W4387940333,Machine Learning Algorithms for Semi-Autogenous Grinding Mill Operational Regions’ Identification,2023,S2737336974,https://doi.org/10.3390/min13111360,I. Reyes,2026-10-05 22:25
W4387957444,A Novel Two-Phase Approach to Forest Harvesting Optimization Using Cable Logging,2023,S71324801,https://doi.org/10.3390/f14112133,Carlos Rey,2026-10-05 22:25
W4387971884,Nucleon axial-vector coupling constant in magnetar environments,2023,S4210238307,https://doi.org/10.1103/physrevd.108.074024,Cristian Villavicencio,2026-10-05 22:25
W4388018521,Influence of thermal pretreatments on dimensional change and humidity sensitivity of densified spruce and poplar wood,2023,S967659979,https://doi.org/10.22320/s0718221x/2024.09,Hüseyin Pelit,2026-10-05 22:25
W4388018957,"Agents of change, power, and resistance in the patterns of change of an industrial heritage district: the case of Bellavista, Chile (1970‒2019)",2023,S21390370,https://doi.org/10.51347/um27.0013,María Isabel López Meza,2026-10-05 22:25
W4388022312,Mapuche Socioeducational Knowledge: An Ambivalent Relation with School Learning,2023,S4210200253,https://doi.org/10.15379/ijmst.v10i1.2910,Héctor Torres-Cuevas,2026-10-05 22:25
W4388023590,On relations between properties in transitive Turing machines,2023,S158842918,https://doi.org/10.1088/1361-6544/ad0355,Rodrigo Torres-Avilés,2026-10-05 22:25
W4388026584,Barriers and Opportunities for Clinical Nutritionists in 13 Latin American Countries: A Qualitative Study,2023,S59821943,https://doi.org/10.1177/21501319231204580,Solange Liliana Parra-Soto,2026-10-05 22:25
W4388042051,Collaborative Consumption in an Emerging Market: What Motivates Consumers to Adopt It under Economic and Political Uncertainty?,2023,S10134376,https://doi.org/10.3390/su152115482,Nataly Andrea Guiñez-Cabrera,2026-10-05 22:25
W4388069597,"Compromiso organizacional y satisfacción laboral, análisis de clases latentes en trabajadores de administración pública y privada",2023,S4210203937,https://doi.org/10.24215/23143738e132,María Margarita Chiang Vega; Karin Escalona tapia; María José Rivera Cerda,2026-10-05 22:25
W4388077188,Observation and Measurement of Ice Morphology in Foods: A Review,2023,S2737939966,https://doi.org/10.3390/foods12213987,Indira Pérez; Guillermo Petzold,2026-10-05 22:25
W4388112906,Impregnation of Medium-Density Fiberboard Residues with Phase Change Materials for Efficient Thermal Energy Storage,2023,S71324801,https://doi.org/10.3390/f14112175,Gustavo E. Rodríguez; Cecilia Bustos,2026-10-05 22:25
W4388127249,Abbreviated Score to Assess Adherence to the 2018 WCRF/AICR Cancer Prevention Recommendations and Risk of Cancer in the UK Biobank,2023,S8391440,https://doi.org/10.1158/1055-9965.epi-23-0923,Solange Liliana Parra-Soto,2026-10-05 22:25
W4388139541,Optimized infill density through topological optimization increases strength of additively manufactured porous polylactic acid,2023,S77056576,https://doi.org/10.1007/s00170-023-12554-z,Ángelo Oñate,2026-10-05 22:25
W4388142045,Use of phase change materials in wood and wood-based composites for thermal energy storage: A Review,2023,S74630304,https://doi.org/10.15376/biores.18.4.rodriguez,Gustavo E. Rodríguez; Cecilia Bustos,2026-10-05 22:25
W4388202925,Enhancing mechanical properties of PLA and PP composites through ionic zeolite with copper nanoparticle reinforcement: microstructural and micromechanical characterization,2023,S77056576,https://doi.org/10.1007/s00170-023-12499-3,Ángelo Oñate,2026-10-05 22:25
W4388208075,Valoración del aprendizaje en las prácticas profesionales de estudiantes de trabajo social de la Universidad del Bío-Bío,2023,S4210235696,https://doi.org/10.23913/ride.v14i27.1658,Nelly Lagos San Martín; Marcela del Carmen Concha Toro; Marcela Liliana Mora Donoso; Juan Pablo Hidalgo-Ortiz,2026-10-05 22:25
W4388240382,A Honeycomb-Like Predictive Controller With a Reduced Computational Burden for Three-Level NPC Converters,2023,S29875816,https://doi.org/10.1109/tpel.2023.3329644,José Silva; Jaime Rohten; Felipe A. Villarroel,2026-10-05 22:25
W4388262056,A Family of Truncated Positive Distributions,2023,S4210192031,https://doi.org/10.3390/math11214431,Diego Ignacio Gallardo,2026-10-05 22:25
W4388287791,Enhanced social connectivity in hybrid classrooms versus academic centrality in online settings,2023,S4210190682,https://doi.org/10.1103/physrevphyseducres.19.020155,Javier Pulgar,2026-10-05 22:25
W4388289240,Effect of high-voltage electrical discharge (HVED) at high frequency on vacuum freeze-drying time and physicochemical properties of blueberries,2023,S137362610,https://doi.org/10.1016/j.jfoodeng.2023.111815,R. Díaz-Álvarez; Luis A. Segura‐Ponce,2026-10-05 22:25
W4388291556,Biopolítica del Desastre e Intervención social en la ciudad,2023,S4210184370,https://doi.org/10.5354/2735-6620.2023.70054,Juan Saavedra,2026-10-05 22:25
W4388291597,"Extractivismo, conflictos ecoterritoriales y Trabajo Social en América Latina: Contradicciones y contribuciones profesionales",2023,S4210184370,https://doi.org/10.5354/2735-6620.2023.68976,Alexander Panez Pinto; Claudia Mendoza Arriagada,2026-10-05 22:25
W4388334107,The Influence of Gamification on High School Students’ Motivation in Geometry Lessons,2023,S10134376,https://doi.org/10.3390/su152115615,Miguel Claudio Friz Carrillo,2026-10-05 22:25
W4388440952,"Impact of magnesium on the flocculation, sedimentation and consolidation of clay-rich tailings in lime-treated seawater",2023,S69753523,https://doi.org/10.1016/j.seppur.2023.125633,Gonzalo R. Quezada,2026-10-05 22:25
W4388443492,Trends in Nanoparticles for Leishmania Treatment: A Bibliometric and Network Analysis,2023,S2736521255,https://doi.org/10.3390/diseases11040153,Karel Diéguez‐Santana,2026-10-05 22:25
W4388460926,On the phenology of coastal upwelling off central-southern Chile,2023,S29696369,https://doi.org/10.1016/j.dynatmoce.2023.101405,Odette A. Vergara; Pedro A. Figueroa; Gonzalo S. Saldías,2026-10-05 22:25
W4388471710,Nonconforming virtual element discretization for the transmission eigenvalue problem,2023,S4210205691,https://doi.org/10.1016/j.camwa.2023.10.032,Dibyendu Adak; David Mora,2026-10-05 22:25
W4388487034,Understanding the synergetic effects of mechanical milling and hot pressing on bimodal microstructure and tribo-mechanical behavior in porous Ti structures,2023,S2765010971,https://doi.org/10.1016/j.jmrt.2023.10.260,Christopher Salvo,2026-10-05 22:25
W4388488961,The boundary of the gravitational standard-model extension,2023,S4210238307,https://doi.org/10.1103/physrevd.108.104013,Carlos M. Reyes,2026-10-05 22:25
W4388557892,Use of deep learning to segment bolus during videofluoroscopic swallow studies,2023,S2764445381,https://doi.org/10.1088/2057-1976/ad0bb3,Rodolfo E. Peña-Chávez,2026-10-05 22:25
W4388568169,Sacrifice Zones and Socio-environmental Recovery in Chile: Failures and opportunities of the environmental policy,2023,S182792126,https://doi.org/10.1590/1809-4422asoc0137r1vu2023l3oa,Alexander Panez Pinto,2026-10-05 22:25
W4388568188,Zonas de Sacrificio y Recuperación Socioambiental en Chile: Fallas y oportunidades de la política ambiental,2023,S182792126,https://doi.org/10.1590/1809-4422asoc0137r1vu2023l3ao,Alexander Panez Pinto,2026-10-05 22:25
W4388571690,Nearest neighbors weighted composite likelihood based on pairs for (non-)Gaussian massive spatial data with an application to Tukey-hh random fields estimation,2023,S132362803,https://doi.org/10.1016/j.csda.2023.107887,Christian Caamaño‐Carrillo; Cristian López,2026-10-05 22:25
W4388583218,Global dynamics of a class of planar semi-homogeneous polynomial vector fields with degree $$2-3$$,2023,S194854559,https://doi.org/10.1007/s40590-023-00571-7,Mauricio Ascencio; Cláudio Vidal,2026-10-05 22:25
W4388624942,A posteriori analysis for a mixed formulation of the Stokes spectral problem,2023,S21314667,https://doi.org/10.1007/s10092-023-00548-y,Felipe Lepe; Jesus Vellojin,2026-10-05 22:25
W4388635958,A Heavy-Tailed Distribution Based on the Lomax–Rayleigh Distribution with Applications to Medical Data,2023,S4210192031,https://doi.org/10.3390/math11224626,Diego Ignacio Gallardo,2026-10-05 22:25
W4388641516,Utilidad del índice diadococinético DDKCVP% para la detección de imprecisiones articulatorias en enfermedad de Parkinson: estudio exploratorio preliminar,2023,S4210201465,https://doi.org/10.1590/1982-0216/20232564723s,Marcela Sanhueza-Garrido; Carlos Rojas; Virginia García-Flores,2026-10-05 22:25
W4388641648,Use of the diadochokinetic index DDKCCVP% in the detection of articulatory inaccuracies in Parkinson’s disease: a preliminary exploratory study,2023,S4210201465,https://doi.org/10.1590/1982-0216/20232564723,Marcela Sanhueza-Garrido; Carlos Rojas; Virginia García-Flores,2026-10-05 22:25
W4388734723,"Origen, evolución y aplicación de indicadores de pobreza energética en Iberoamérica",2023,S74930560,https://doi.org/10.5354/0718-8358.2023.70785,Alexis Pérez-Fargallo,2026-10-05 22:25
W4388742812,The Morley-type virtual element method for the Navier–Stokes equations in stream-function form,2023,S40006715,https://doi.org/10.1016/j.cma.2023.116573,Dibyendu Adak; David Mora; Alberth Silgado,2026-10-05 22:25
W4388754897,The role of the soil microbiome in the colonisation of glacier forefields by Antarctic pearlwort (Colobanthus quitensis) under current and future climate change scenarios,2023,S62391475,https://doi.org/10.1016/j.soilbio.2023.109249,Cristian Torres‐Díaz,2026-10-05 22:25
W4388823941,Life expectancy can increase by up to 10 years following sustained shifts towards healthier diets in the United Kingdom,2023,S4210207988,https://doi.org/10.1038/s43016-023-00868-w,Solange Liliana Parra-Soto,2026-10-05 22:25
W4388836622,Valores de referencia y factores de riesgo de la condición física en personas mayores chilenas físicamente activas,2023,S155962516,https://doi.org/10.4067/s0034-98872023000200177,Ximena Díaz-Martínez; Natalia Bello-Escamilla,2026-10-05 22:25
W4388837287,Imidazolate framework material for crude oil removal in aqueus media: Mechanism insight,2023,S173943867,https://doi.org/10.1016/j.envres.2023.117680,Kevin Jhon Fernández-Andrade,2026-10-05 22:25
W4388848870,Socio-demographic variation in adherence to the World Cancer Research Fund (WCRF)/American Institute for Cancer Research (AICR) Cancer Prevention Recommendations within the UK Biobank prospective cohort study,2023,S27214173,https://doi.org/10.1093/pubmed/fdad218,Solange Liliana Parra-Soto,2026-10-05 22:25
W4388884419,Efficiently Finding Cyclical Patterns on Twitter Considering the Inherent Spatio-temporal Attributes of Data,2023,S58563349,https://doi.org/10.3897/jucs.112523,Claudio Gutiérrez-Soto; Patricio Galdames; Daniel Navea,2026-10-05 22:25
W4388905576,"Exploration of Informal Space Production and Its Potential for Sustainable Urban Planning: A Case Study of Community Gardens in Piura, Peru",2023,S4210201098,https://doi.org/10.1115/1.4064120,Stella Schroeder,2026-10-05 22:25
W4388909000,"Social Outbreak in Chile, and Its Association with the Effects Biological, Psychological, Social, and Quality of Life",2023,S15239247,https://doi.org/10.3390/ijerph20237096,Solange Liliana Parra-Soto,2026-10-05 22:25
W4388923067,"How to draw the graphs of the Exponential, Logistic, and Gaussian functions with pencil and ruler in an accurate way",2023,S4210193274,https://doi.org/10.22199/issn.0717-6279-5936,Samuel Castillo,2026-10-05 22:25
W4388943645,Characterization of Cronobacter sakazakii and Cronobacter malonaticus Strains Isolated from Powdered Dairy Products Intended for Consumption by Adults and Older Adults,2023,S4210222090,https://doi.org/10.3390/microorganisms11122841,Julio Parra‐Flores; Fernanda Flores-Soto; Carolina Flores-Balboa; María Paula Alarcón-Lavín; José Alex Leiva-Caro,2026-10-05 22:25
W4388966645,Adoption of Cybersecurity in the Chilean Manufacturing Sector: A First Analytical Proposal,2023,S2485537415,https://doi.org/10.1109/access.2023.3336818,Francisco Gatica Neira; Patricio Galdames; Mario Ramos-Maldonado,2026-10-05 22:25
W4388971499,Simulation of the Influence of the Radial Graded Porosity Distribution on Elastic Modulus of γ/β Phase Ti-Based Alloy Foams for Bone Implant,2023,S18714766,https://doi.org/10.3390/ma16237320,Guilherme Oliveira Neves,2026-10-05 22:25
W4388974164,"Collective memories and previous experiences of older people in the face of disaster risk processes: lessons learned, implication, and social support",2023,S4210213052,https://doi.org/10.3389/fclim.2023.1272219,José Sandoval‐Díaz; Consuelo Suazo‐Muñoz; Soledad Martínez Labrín,2026-10-05 22:25
W4388982288,Association of five diet scores with severe NAFLD incidence: A prospective study from UK Biobank,2023,S148394532,https://doi.org/10.1111/dom.15378,Solange Liliana Parra-Soto,2026-10-05 22:25
W4388990238,On the eigenvectors of generalized circulant matrices,2023,S150125562,https://doi.org/10.1080/03081087.2023.2284750,Dante Carrasco-Olivera,2026-10-05 22:25
W4388995859,Cambio climático y olas de calor sobre el bienestar subjetivo en jóvenes,2023,S2738484073,https://doi.org/10.11600/rlcsnj.22.1.5926,José Sandoval‐Díaz; Nadia Díaz-Vargas; Dilan Flores-Jiménez; Camila López-Salazar; Cristóbal Bravo Ferretti,2026-10-05 22:25
W4389001195,Goethite (α-FeOOH) nanoparticles wrapped on reduced graphene oxide nanosheet for sensitive electrochemical detection of arsenic(III),2023,S106928643,https://doi.org/10.1016/j.ceramint.2023.11.275,Christopher Salvo,2026-10-05 22:25
W4389038937,Robust finite element methods and solvers for the Biot–Brinkman equations in vorticity form,2023,S19633754,https://doi.org/10.1002/num.23083,Rubén Caraballo,2026-10-05 22:25
W4389069287,Adherence to the 2018 World Cancer Research Fund (WCRF)/American Institute for Cancer Research (AICR) Cancer Prevention Recommendations and risk of 14 lifestyle-related cancers in the UK Biobank prospective cohort study,2023,S135560524,https://doi.org/10.1186/s12916-023-03107-y,Solange Liliana Parra-Soto,2026-10-05 22:25
W4389086349,EVOLUCIÓN DE LA COMUNICACIÓN DE INFORMACIÓN CORPORATIVA EN PÁGINAS WEB DE COMPAÑÍAS COTIZADAS LATINOAMERICANAS,2023,S4210208356,https://doi.org/10.22370/riace.2023.12.1.4039,Fernando Andrés Morales Parada,2026-10-05 22:25
W4389109984,Green solvent-assisted hydrothermal conversion of biomass waste into bio-oil under pressurized conditions,2023,S2764923638,https://doi.org/10.1007/s13399-023-05171-z,Serguei Alejandro-Martín,2026-10-05 22:25
W4389113900,Integration of power to gas and biomass charcoal in oxygen blast furnace ironmaking,2023,S105637730,https://doi.org/10.1016/j.enconman.2023.117916,Manuel Bailera; Boris Rebolledo,2026-10-05 22:25
W4389136320,Microbiome and plant cell transformation trigger insect gall induction in cassava,2023,S2493613807,https://doi.org/10.3389/fpls.2023.1237966,Alvaro Alemán-Gutiérrez,2026-10-05 22:25
W4389136452,Engagement and Burnout in Times of COVID-19: A Comparative Analysis Based on Healthy Organizational Practices,2023,S10134376,https://doi.org/10.3390/su152316414,Álvaro Acuña-Hormazábal; Rodolfo Mendoza-Llanos; Sebastián Maureira-Meneses,2026-10-05 22:25
W4389161851,Mechanical activation assisted of biobased encapsulated rejuvenators to promote asphalt self-healing,2023,S2765035490,https://doi.org/10.1016/j.mtcomm.2023.107735,José L. Concha; Miguel Sáez-Gutierrez; José Norambuena-Contreras,2026-10-05 22:25
W4389163485,¿Cómo construir objetivos operacionales medibles? Una taxonomía de criterios de logro para el monitoreo de la intervención vocal,2023,S4210182437,https://doi.org/10.46634/riics.230,Jaime Crisosto-Alarcón,2026-10-05 22:25
W4389205460,Crosslinked oxidized-nanocellulose/chitosan hydrogels as a scaffold matrix for mesenchymal stem cell growth,2023,S130536152,https://doi.org/10.1007/s10570-023-05591-0,José L. Concha; José Norambuena-Contreras,2026-10-05 22:25
W4389206157,Characterization and Yield of Eucalyptus regnans F. Muell Logs for Lumber Production,2023,S71324801,https://doi.org/10.3390/f14122359,Carlos Rozas; Virna Ortíz-Araya; Oswaldo Erazo,2026-10-05 22:25
W4389220629,A flexible Clayton-like spatial copula with application to bounded support data,2023,S133905466,https://doi.org/10.1016/j.jmva.2023.105277,Christian Caamaño‐Carrillo,2026-10-05 22:25
W4389220943,Discontinuous Galerkin methods for the acoustic vibration problem,2023,S165473669,https://doi.org/10.1016/j.cam.2023.115700,Felipe Lepe; David Mora; Jesus Vellojin,2026-10-05 22:25
W4389235674,Nucleon axial coupling constant in a magnetar environment,2023,S2898370247,https://doi.org/10.1016/j.nuclphysbps.2023.11.018,Cristian Villavicencio,2026-10-05 22:25
W4389275602,Predicción del comportamiento de ocupantes de edificios de oficina en base a variables de confort térmico mediante machine learning,2023,S2737067835,https://doi.org/10.5821/ace.18.53.11958,Gastón Arias Aravena; Maureen Trebilcock,2026-10-05 22:25
W4389303669,"Relation between metacognitive strategies, motivation to think, and critical thinking skills",2023,S9692511,https://doi.org/10.3389/fpsyg.2023.1272958,Carlos Ossa Cornejo,2026-10-05 22:25
W4389304470,Violencia en el territorio escolar: percepción del profesorado chileno de Educación Física en formación respecto a su preparación académica (Violence in the school territory: perception of Chilean Physical Education teachers in training regarding their academic preparation),2023,S2738013834,https://doi.org/10.47197/retos.v51.101507,Jaime Pacheco-Carrillo,2026-10-05 22:25
W4389326674,Modeling the interannual variability in Maipo and Rapel river plumes off central Chile,2023,S152701455,https://doi.org/10.5194/os-19-1687-2023,Gonzalo S. Saldías,2026-10-05 22:25
W4389397009,Association between a lifestyle score and all-cause mortality: a prospective analysis of the Chilean National Health Survey 2009–2010,2023,S115427279,https://doi.org/10.1017/s1368980023002598,Solange Liliana Parra-Soto,2026-10-05 22:25
W4389399283,Vacuum Impregnation of Solid Lubricant as a Versatile Tool for Producing Self-Replenishable Solid Lubrication,2023,S194735492,https://doi.org/10.1080/10402004.2023.2286266,Guilherme Oliveira Neves,2026-10-05 22:25
W4389416488,Iniciación sexual y conducta preventiva en la juventud chilena,2023,S4210208181,https://doi.org/10.18800/psico.202401.002,Carlos Rodríguez Garcés; David Romero Garrido; Denisse Espinosa-Valenzuela,2026-10-05 22:25
W4389427950,Mathematical models for the electric vehicle routing problem with time windows considering different aspects of the charging process,2023,S140563256,https://doi.org/10.1007/s12351-023-00806-5,Cristian Cataldo-Díaz; Rodrigo Linfati,2026-10-05 22:25
W4389431302,Surrogate model of adaptive thermal comfort of a social housing in the Dominican Republic micro-climates: a predictive approach toward sustainable buildings,2023,S4210188153,https://doi.org/10.1080/15567036.2023.2291449,Alexis Pérez-Fargallo,2026-10-05 22:25
W4389442812,Feasibility of Bonding High-Moisture-Content Wood Using Nothofagus chilean Species,2023,S71324801,https://doi.org/10.3390/f14122386,Víctor Rosales; Gonzalo Rodríguez-Grau; Claudio Montero,2026-10-05 22:25
W4389507564,Formación de la gerencia en contextos adhocráticos desde la perspectiva del discurso docente,2023,S4210234276,https://doi.org/10.52080/rvgluz.28.e10.47,David Álvarez Maldonado,2026-10-05 22:25
W4389668074,Influencia del contenido de frecuencias de la excitación sísmica en la eficiencia de un amortiguado combinado sintonizado,2023,S4210227506,https://doi.org/10.21703/0718-2813.2023.34.2445,Gilda Espinoza; Álvaro Suazo; Francisco Vergara; José Luis Fuentes Cantillana,2026-10-05 22:25
W4389668111,Validación mediante simulación de Montecarlo de la eficiencia de un amortiguador de columna de líquido sintonizado óptimo para excitaciones de alto contenido de frecuencias,2023,S4210227506,https://doi.org/10.21703/0718-2813.2023.34.2446,Álvaro Suazo; Camilo Sanhueza; Gerardo Coloma; Gilda Espinoza,2026-10-05 22:25
W4389669005,Docencia en Pandemia: Percepciones del Profesorado,2023,S2739091560,https://doi.org/10.21703/rexe.v22i50.1867,Fancy Castro-Rubilar; Ariel Adrián Yévenes Subiabre; Sandra Molina-Castillo; Juana Irene Castro-Rubilar,2026-10-05 22:25
W4389688139,"Prácticas reflexivas implementadas en el desarrollo del prácticum, en perspectiva de docentes en formación de Educación Básica",2023,S2739091560,https://doi.org/10.21703/rexe.v22i50.1693,Carolina Flores Lueg; Sofía Sánchez Novoa,2026-10-05 22:25
W4389733862,Polyphenol Extraction of Green Tea Through Pulsed Electric Field: Yield Improvement and Environmental Assessment,2023,S181365921,https://doi.org/10.1007/s11947-023-03286-9,Erick Jara-Quijada; Mario Pérez‐Won; Gipsy Tabilo‐Munizaga; Luis González-Cavieres; Anais Palma-Acevedo; Carolina Herrera‐Lavados,2026-10-05 22:25
W4389734790,"Propiedades psicométricas de la escala CICAA (Conectar, Identificar, Comprender, Acordar y Ayudar) utilizada en simulación clínica de alta fidelidad de estudiantes de Enfermería",2023,S2738008052,https://doi.org/10.58807/indexenferm20236205,Ángela Astudillo Araya; José Manuel León Pino,2026-10-05 22:25
W4389782727,Estudiantes primera generación en educación superior: representaciones sociales de los docentes universitarios sobre la implicación estudiantil,2023,S2736711335,https://doi.org/10.1590/s1413-24782023280124,Carmen Gloria Jarpa Arriagada; Héctor Cárcamo Vásquez,2026-10-05 22:25
W4389784366,"Differential Impact of the Biodegradation Sunflower Oil, Particulate Substrate, Caused by the Presence of Saccharose, Soluble Substrate, on Activated Sludge Treatment",2023,S134216166,https://doi.org/10.3390/w15244282,Pedro Cisterna-Osorio; Miguel Moraga-Chaura; Raydel Manrique; Mabel Vega‐Coloma,2026-10-05 22:25
W4389786474,The diffusion identification in a SIS reaction-diffusion system,2023,S113214489,https://doi.org/10.3934/mbe.2024024,Aníbal Coronel; Ian Hess,2026-10-05 22:25
W4389795918,Procesos de enseñanza y aprendizaje de la investigación en trabajo social,2023,S4210232918,https://doi.org/10.4151/07189729-vol.62-iss.4-art.1287,Marcelo Andrés Gallegos Fuentes; Héctor Cárcamo Vásquez; Carmen Gloria Jarpa Arriagada; Héctor Agustín Vargas Muñoz,2026-10-05 22:25
W4389795926,"Desiertos y pantanos alimentarios, nuevos conceptos para la planificación urbana",2023,S4210172960,https://doi.org/10.22320/07183607.2023.26.48.00,Ana Zazo Moratalla,2026-10-05 22:25
W4389868652,Evolution and characteristics of speech and language therapist services in a high complexity Chilean hospital according to monthly statistical records (REM),2023,S4387287557,https://doi.org/10.56294/dm202397,Jorge Burdiles-Aguirre; Nicole Hidd Cuitiño; Jaime Crisosto-Alarcón; Carlos Rojas,2026-10-05 22:25
W4389870344,Numerical Approximation of an Axisymmetric Elastoacoustic Eigenvalue Problem,2023,S34010870,https://doi.org/10.4208/cicp.oa-2023-0179,José Querales; Pablo Venegas,2026-10-05 22:25
W4389880126,Educación intercultural en la enseñanza de las ciencias naturales: Un desafío para la igualdad de oportunidades,2023,S4390297081,https://doi.org/10.22320/reined.v4i2.5786,Nabil Marzuca Nassr,2026-10-05 22:25
W4389880217,Estudios sobre pensamiento crítico en docentes y estudiantes de pedagogía latinoamericanos,2023,S4390297081,https://doi.org/10.22320/reined.v4i2.5787,Carlos Ossa Cornejo,2026-10-05 22:25
W4389888174,Concepción paradigmática para la formación ciudadana y el papel asignado a las familias. Miradas desde un establecimiento educacional de la Región de Ñuble,2023,S4390297081,https://doi.org/10.22320/reined.v5i1.6239,Fabián Bazin Vargas; Héctor Cárcamo Vásquez,2026-10-05 22:25
W4389888241,Propósitos formativos en la enseñanza de la historia. Continuidades y cambios en las reformas curriculares,2023,S4390297081,https://doi.org/10.22320/reined.v5i1.6238,Cristian Arrepol Santos,2026-10-05 22:25
W4389888333,Divulgación científica virtual para estudiantes secundarios en tiempos de pandemia virtual,2023,S4390297081,https://doi.org/10.22320/reined.v5i1.6237,Nabil Marzuka-Nassr,2026-10-05 22:25
W4389889839,"Correlación entre habilidades cognitivas, metacognitivas y motivacionales del pensamiento crítico en estudiantes universitarios",2023,S4390297081,https://doi.org/10.22320/reined.v4i2.5779,Gustavo Hermosilla Parra; Carlos Ossa Cornejo,2026-10-05 22:25
W4389889858,Creencias acerca de la creatividad en profesores/as de educación física en formación,2023,S4390297081,https://doi.org/10.22320/reined.v4i2.5781,Jorge Alberto Parra Barrios,2026-10-05 22:25
W4389918542,Planificación terapéutica fonoaudiológica para el abordaje de usuarios adultos con dificultades comunicativas y/o lingüísticas de origen neurológico,2023,S4210169275,https://doi.org/10.5354/0719-4692.2023.67593,Jaime Crisosto-Alarcón,2026-10-05 22:25
W4389955195,Developing New Bounds for the Performance Guarantee of the Jump Neighborhood for Scheduling Jobs on Uniformly Related Machines,2023,S4210192031,https://doi.org/10.3390/math12010006,Felipe T. Muñoz; Guillermo Latorre-Núñez; Mario Ramos-Maldonado,2026-10-05 22:25
W4389993759,ARTICULACIÓN DE VARIABLES DEL COMPORTAMIENTO ORGANIZACIONAL EN FUNCIONARIOS PÚBLICOS PARA LOS PERíODOS 2019-2020,2023,S4210213488,https://doi.org/10.38147/invneg.v16i28.232,Marí­a Chiang Vega; Bárbara Vergara Bustos; Nelly Margot Gómez Fuentealba,2026-10-05 22:25
W4389995062,Optimizing insulation and heating systems for social housing in Chile: Insights for sustainable energy policies,2023,S2497375143,https://doi.org/10.1016/j.energy.2023.130024,Lorena Larrea-Sáez,2026-10-05 22:25
W4390011909,Elicitation Study Based on the Theory of Planned Behaviour that analyses the intention to Adopt Electronic Commerce in the Elderly,2023,S4210226899,https://doi.org/10.35692/07183992.16.2.3,Nadia Soto-Hernández; Elizabeth E. Grandón,2026-10-05 22:25
W4390015041,Land tenure and cost inefficiency: the case of rice (Oryza sativa L.) cultivation in Chile,2023,S109997589,https://doi.org/10.48162/rev.39.109,Juan Hernán Cabas Monje,2026-10-05 22:25
W4390018049,El deporte paralímpico en Chile: Resultados históricos de las participaciones en los Juegos Paralímpicos de Invierno y Verano,2023,S4210205299,https://doi.org/10.29035/rcaf.24.2.11,Luis Felipe Castelli Correia de Campos; Luiz Gustavo Teixeira Fabrício dos Santos,2026-10-05 22:25
W4390033221,Impacto de la pandemia de COVID-19 en la calidad de vida de para-futbolistas con lesión cerebral (Impact of the COVID-19 pandemic on quality of life among para-footballers with brain impairment),2023,S2738013834,https://doi.org/10.47197/retos.v52.97757,Luis Felipe Castelli Correia de Campos,2026-10-05 22:25
W4390062370,Preservice Mathematics Teachers' Beliefs about Problem-Solving in Culturally Diverse Classrooms,2023,S4210223866,https://doi.org/10.17648/acta.scientiae.7816,Renán Concha Zelada; Miguel Claudio Friz Carrillo,2026-10-05 22:25
W4390109627,Association of Sitting Time With All-Cause and Cardiovascular Mortality: How Does Frailty Modify This Association?,2023,S49185410,https://doi.org/10.1123/japa.2023-0105,Ximena Díaz-Martínez,2026-10-05 22:25
W4390112533,"An Extension of the Akash Distribution: Properties, Inference and Application",2023,S4210192031,https://doi.org/10.3390/math12010031,Yolanda M. Gómez; Luis Firinguetti-Limone; Diego Ignacio Gallardo,2026-10-05 22:25
W4390113580,A cross-country comparison of pig production systems performance: Evidence from EU countries,2023,S4210186146,https://doi.org/10.7201/earn.2023.02.01,Juan Hernán Cabas Monje,2026-10-05 22:25
W4390134872,Comprehensive Analysis of Model Errors in Blueberry Detection and Maturity Classification: Identifying Limitations and Proposing Future Improvements in Agricultural Monitoring,2023,S4210202585,https://doi.org/10.3390/agriculture14010018,Cristhian A. Aguilera; Cristhian A. Aguilera; Carola Figueroa-Flores; Cristhian Aguilera; Cristhian Aguilera; Cesar Navarrete,2026-10-05 22:25
W4390176405,An In-Depth Review of the Weibull Model with a Focus on Various Parameterizations,2023,S4210192031,https://doi.org/10.3390/math12010056,Yolanda M. Gómez; Diego Ignacio Gallardo,2026-10-05 22:25
W4390226063,Agribusiness moving through the Capitalocene: slow violence and renewed strategies of capitalist agriculture in Chile,2023,S112914683,https://doi.org/10.1080/03066150.2023.2291397,Alexander Panez Pinto,2026-10-05 22:25
W4390234570,Modeling High-Frequency Zeros in Time Series with Generalized Autoregressive Score Models with Explanatory Variables: An Application to Precipitation,2023,S4210173132,https://doi.org/10.3390/axioms13010015,Pedro Vidal-Gutiérrez; Sergio Contreras-Espinoza; Francisco Fernando Novoa,2026-10-05 22:25
W4390273284,Sobrecarga en cuidadores chilenos de pacientes pediátricos con diagnóstico de epilepsia,2023,S4210220070,https://doi.org/10.5354/2452-5839.2023.72291,Tihare Pía Belén Burgos Oses; Francisco Ortega; Patricio Oliva Moresco,2026-10-05 22:25
W4390314332,¿En qué creen los chilenos/as?: la arraigada prevalencia de las ideas infundadas y el pensamiento mágico,2023,S4306527567,https://doi.org/10.18004/riics.2023.diciembre.217,Carlos Rodríguez Garcés; Denisse Espinosa-Valenzuela; Geraldo Padilla Fuentes,2026-10-05 22:25
W4390369508,Estimación de Precios de Bitcoin mediante Regresión Lineal Múltiple y Redes Neuronales,2023,S4210177557,https://doi.org/10.31095/podium.2023.44.8,Manuel Humberto Díaz López; Andrea King-Domínguez; Luis Rodolfo Améstica-Rivas,2026-10-05 22:25
W4390459642,Evaluation of Fissures and Cracks in Bridges by Applying Digital Image Capture Techniques Using an Unmanned Aerial Vehicle,2023,S4210193350,https://doi.org/10.3390/drones8010008,Oswal Román; Hayan Stuardo; Jaime Soto Muñoz,2026-10-05 22:25
W4390467257,Comparative Study of Carbon Nanotubes and Lignosulfonate as Polyvinyl Acetate (PVAc) Wood Adhesive-Reinforcing Agents,2023,S4210205812,https://doi.org/10.3390/app14010365,Marcela Vidal-Vega; Mario Núñez‐Decap; Javier Hernández-Durán; Pedro Catricura-Muñoz; Catalina Jara-Briones; Boris Moya-Rojas; Camila Opazo-Carlsson,2026-10-05 22:25
W4390479448,Study of an Epidemiological Model for Plant Virus Diseases with Periodic Coefficients,2023,S4210205812,https://doi.org/10.3390/app14010399,Aníbal Coronel; Stefan Berres,2026-10-05 22:25
W4390547171,Analysis of the shots in Football for blind people in the 2021 World Grand Prix,2023,S2739233495,https://doi.org/10.12800/ccd.v18i58.2039,Luis Felipe Castelli Correia de Campos,2026-10-05 22:25
W4390620963,Chilean Journal of Statistics: Introducing a new issue and new editors,2023,S1016829236,https://doi.org/10.32372/chjs.14-02-01,Diego Ignacio Gallardo,2026-10-05 22:25
W4390671253,Dose-response relationships of seven dietary patterns with incident type 2 diabetes: Findings from the UK Biobank study,2023,S4210187764,https://doi.org/10.1017/s0029665123004123,Solange Liliana Parra-Soto,2026-10-05 22:25
W4390735179,Prácticas docentes para el desarrollo de la formación ciudadana en Chile. El caso de Biobío y Ñuble,2023,S4210219938,https://doi.org/10.22352/saustral20232911,Rodrigo Arturo Salazar Jiménez; Cristian Orellana-Fonseca; Bruno Bivort Urrutia,2026-10-05 22:25
W4390993366,"ESCUELAS STANDARD EN LA ARAUCANÍA. UN CASO DE MODERNIDAD COMO ESTETIZACIÓN POLÍTICA DURANTE EL PRIMER GOBIERNO DE CARLOS IBÁÑEZ DEL CAMPO, (1927-1931)",2023,S973993200,https://doi.org/10.4067/s0717-71942023000200139,Pablo Fuentes Hernández,2026-10-05 22:25
W4391022514,"Lineamientos para un plan de negocios para la internacionalización de empresas: El caso de Hubei, China",2023,S4387288708,https://doi.org/10.22320/hem.v22i2.6329,Damary Valdés Ávila; Patricia Carolina Huerta Riveros; Cristian Muñoz Carreño; Carolina Elena Leyton Pavez,2026-10-05 22:25
W4391023245,Productividad y crecimiento de largo plazo,2023,S4387288708,https://doi.org/10.22320/hem.v22i2.6325,Luis Méndez Briones,2026-10-05 22:25
W4391038987,"¿Afectan los ciclos económicos al precio del suelo urbano?: El caso del Gran Concepción, Chile, durante el período 1992-2002",2023,S4387288708,https://doi.org/10.22320/hem.v22i2.6327,Francisco Núñez Cerda,2026-10-05 22:25
W4391039298,"Brusquedad, transgresión, agobio y degradación: formas del acoso laboral en la minería del cobre chileno",2023,S4210201890,https://doi.org/10.32995/praxispsy.v24i39.220,Jose Matamala,2026-10-05 22:25
W4391095946,Entramados comunitarios vecinales estudiantiles posibles. Cómo revertir los efectos sociales nocivos de la estudiantización,2023,S4210172884,https://doi.org/10.29035/pai.9.2.37,Plácida García Muñoz; Daniela Jara; Felipe Saravia,2026-10-05 22:25
W4391344134,Metacognición Institucional: Herramienta de Gestión Participativa para el Liderazgo Inclusivo en Educación,2023,S4210209713,https://doi.org/10.4067/s0718-73782023000200103,Carlos Ossa Cornejo; Roxana Balbontín-Alvarado; Juana Irene Castro-Rubilar,2026-10-05 22:25
W4391408372,Encapsulado de miel melipona (Scaptotrigona mexicana) incorporado a un producto de confitería,2023,S4210238247,https://doi.org/10.18378/aab.11.9905,Orietta Segura Badilla,2026-10-05 22:25
W4391462600,"""A recorrer toda la estension de mi patria"":itinerarios, conciertos y recepción del flautista Ruperto Santa Cruz en sus viajes por Chile, 1866-1878",2023,S172442402,https://doi.org/10.4067/s0716-27902023000200104,Pablo E. Ramírez Césped,2026-10-05 22:25
W4391569213,Planificación urbana y conjuntos habitacionales en el Norte Grande de Chile: el caso de Iquique: 1936-1976,2023,S4210207057,https://doi.org/10.5821/qru.11892,Victor Manuel Valenzuela Grollmus,2026-10-05 22:25
W4391952236,Participación Política Juvenil en el Chile Neoliberal,2023,S2736762252,https://doi.org/10.22518/jour.ccsh/20230107,Bruno Bivort Urrutia; Soledad Martínez Labrín,2026-10-05 22:25
W4392097957,Divulgación de información corporativa basada en ODS en páginas web de empresas chilenas y polacas cotizadas,2023,S4210234059,https://doi.org/10.18041/1900-3803/entramado.1.10410,Fernando Andrés Morales Parada; Reinier Höllander Sanhueza,2026-10-05 22:25
W4392478254,Desperdicio de alimentos en comedores escolares de una región de la zona centro sur de Chile: Percepciones de manipuladoras de alimentos del Programa de Alimentación Escolar,2023,S4210227418,https://doi.org/10.4067/s0717-75182023000600643,Gladys Quezada-Figueroa; Jacqueline Alejandra Araneda-Flores; Sebastián Riquelme-Riquelme; Patricio Oliva-Moresco; Luz Lobos-Fernández; Marcela Vera-Cabalín; Orietta Segura-Badilla,2026-10-05 22:25
W4392478261,Factors associated with the consumption of fruits and vegetables in latin american university students,2023,S4210227418,https://doi.org/10.4067/s0717-75182023000600654,Jacqueline Alejandra Araneda-Flores; Solange Liliana Parra-Soto,2026-10-05 22:25
W4393058385,"Identidad Sexual, una aproximación reflexiva a las voces de los académicos",2023,S4390297141,https://doi.org/10.15443/codes1978,Andrés Ignacio Seguel Arriagada,2026-10-05 22:25
W4393109678,UNIVERSIDAD INTERVENIDA Y RESISTENCIAS POLÍTICAS: LA EXPERIENCIA DE LA FEDERACIÓN DE ESTUDIANTES DE LA UNIVERSIDAD DE CONCEPCIÓN ENTRE 1983 Y 1988,2023,S4393915645,https://doi.org/10.53689/int.v13i2.180,Eduardo Solís Álvarez,2026-10-05 22:25
W4393411655,EVALUACIÓN DEL CUMPLIMIENTO DE LA LEY DE TRANSPARENCIA EN ÑUBLE: ANÁLISIS DE SOLICITUDES Y RESPUESTAS ENTRE 2019 Y 2022,2023,S4210199428,https://doi.org/10.29393/gp6-6eccf20006,Cristián Loyola Salas,2026-10-05 22:25
W4394784465,Estilo de liderazgo en profesionales de enfermería dentro de un sistema público,2023,S102849038,https://doi.org/10.4321/s0465-546x2023000300002,Pamela Aurora Montoya Cáceres,2026-10-05 22:25
W4394784484,Adaptación transcultural al español chileno de la Perceived Stress Scale-10 (PSS-10) en profesores: estudio Delphi,2023,S102849038,https://doi.org/10.4321/s0465-546x2023000300003,Gabriel Lagos Riveros; Carolina Luengo Martínez; Bárbara Farías-Fritz; Freddy Guzmán-Garcés,2026-10-05 22:25
W4394840609,Métodos de acumulación y asignación de costos en la práctica empresarial,2023,S4210175380,https://doi.org/10.16967/23898186.816,Cecilia Gallegos Muñoz; Estela Rodríguez Quezada; Vesnia Ortiz-Cea,2026-10-05 22:25
W4394967933,Multivariate optimization of microwave-assisted enzyme digestion of α-casein for generation of bioactive peptides,2023,S114494114,https://doi.org/10.4067/s0717-97072023000305963,Katherine López; Alejandra Espinoza-Bello; Karem Henríquez‐Aedo,2026-10-05 22:25
W4396691352,Compromiso con la comunidad: su efecto en el comportamiento organizacional en instituciones de educación primaria,2023,S4210188556,https://doi.org/10.35588/pfhgbg92,María Margarita Chiang Vega; Celia Perine Figueroa; María José Rivera Cerda,2026-10-05 22:25
W4398249008,Índice de obesidad ABSI y su asociación con diabetes mellitus tipo 2 en adultos chilenos: un estudio transversal de la ENS 2016-2017,2023,S155962516,https://doi.org/10.4067/s0034-98872023000600687,Solange Liliana Parra-Soto; Ximena Díaz-Martínez,2026-10-05 22:25
W4399565888,New records of Physa acuta (Gastropoda: Physidae) and the ectoparasite Chaetogaster limnaei (Oligochaeta: Naididae) in central Chile,2023,S50669219,https://doi.org/10.15446/caldasia.v46n1.90975,Gonzalo A. Collado; Karina P. Aguayo,2026-10-05 22:25
W4399968891,Seguimiento al sistema de admisión escolar en Chile: ¿cómo ha funcionado el aseguramiento de la inclusión?,2023,S4210226487,https://doi.org/10.35305/rece.v1i18.776,Geraldo Padilla Fuentes; Claudia Suazo Ruíz; Carlos Rodríguez Garcés,2026-10-05 22:25
W4401023185,Postural balance and body mass index in older adults; a descriptive and associative study testing traditional risk factors,2023,S155962516,https://doi.org/10.4067/s0034-98872023000700813,Carmen Luz Muñoz-Mendoza,2026-10-05 22:25
W4401023573,Efecto del sedentarismo sobre la interacción entre el gen FTO y niveles de adiposidad en adultos chilenos - Resultados del Estudio GENADIO,2023,S155962516,https://doi.org/10.4067/s0034-98872023000800980,Ximena Díaz-Martínez,2026-10-05 22:25
W4401023648,"Economía del comportamiento y empujoncitos, en la promoción y prevención de la Salud Pública. Revisión sistemática",2023,S155962516,https://doi.org/10.4067/s0034-98872023000801043,Carolina Luengo Martínez,2026-10-05 22:25
W4401023773,Asociación entre cáncer y fitness cardiorrespiratorio en población chilena: Resultados de la Encuesta Nacional de Salud 2016-2017,2023,S155962516,https://doi.org/10.4067/s0034-98872023000901115,Solange Liliana Parra-Soto; Ximena Díaz-Martínez,2026-10-05 22:25
W4401023881,Asociación entre la velocidad de marcha y obesidad en población chilena: Resultados de la Encuesta Nacional de Salud 2016-2017,2023,S155962516,https://doi.org/10.4067/s0034-98872023000700849,Solange Liliana Parra-Soto,2026-10-05 22:25
W4401613244,"Representaciones de la anormalidad y los anormales en dos medios impresos: la revista Vea y el diario Clarín. Chile, 1955-1961",2023,S4210180825,https://doi.org/10.17533/udea.trahs.n22a10,Marco Antonio León León,2026-10-05 22:25
W4402298587,"El preocupante escenario del cáncer en Chile y sus proyecciones, ¿qué estamos haciendo?",2023,S155962516,https://doi.org/10.4067/s0034-98872023001201654,Solange Liliana Parra-Soto,2026-10-05 22:25
W4402671953,Pedro Lemebel Profesor,2023,S2736762252,https://doi.org/10.22518/jour.ccsh/20230208,Miguel Alvarado Borgoño; Denisse Espinosa-Valenzuela,2026-10-05 22:25
W4404738676,La educación en valores en la formación de profesores de educación física,2023,S147589591,https://doi.org/10.22456/1982-8918.127584,Samuel Pérez Norambuena,2026-10-05 22:25
W4405516535,Revolución plástica en las aulas chilenas: Un caso de integración en la Escuela México Estado de Guerrero en Talcahuano.,2023,S4210212710,https://doi.org/10.29393/ur17-5rpje10005,José Antonio Rodríguez Miranda,2026-10-05 22:25
W4408332547,Workflow for bio-guided fractionation of antimicrobial polyphenols from Ugni molinae leaves using microfractionation and centrifugal partition chromatography: in vitro and in silico studies,2023,S114494114,https://doi.org/10.4067/s0717-97072023000405977,Edgar Pastene; Matias Venegas; Julio Alarcón; Nandis Fiallos; Girlenne Christiansen; Diana Isabel Correa,2026-10-05 22:25
W4410935970,Percepciones de estudiantes y empresarios sobre aprendizaje-servicio en costos y marketing,2023,S4210175429,https://doi.org/10.37819/revhuman.v16i5.1526,Nataly Andrea Guiñez-Cabrera; Estela Rodríguez Quezada,2026-10-05 22:25
W6967346177,"Relación entre el liderazgo y la gestión del conocimiento, y su incidencia enel comportamiento organizativo",2023,S5407054329,https://doi.org/10.5281/zenodo.10155388,"Araya-Guzmán, Sergio; Muñoz-Lillo, Alicia; Bueno-Broterson, Yarisel",2026-10-05 22:25
W7120509129,Digital gender-based violence in Chile: a survey during the COVID-19 pandemic,2023,S4306402641,,Beatriz Barra Ortiz,2026-10-05 22:25
W7214727791,"ENTRE TEMORES, OBLIGACIONES Y DESESPERANZAS MISIONEROS DEL COLEGIO DE CHILLÁN, SIGLOS XVIII Y XIX",2023,S4210190999,https://doi.org/10.15691/07176864.2023.015,Cristián Leal Pino,2026-10-05 22:25
W755550829,GLORIA IN EXCELSIS DEO. EL CANTO GREGORIANO EN EL ARTE MEDIEVAL,2023,S4220651249,https://doi.org/10.21703/2735-634520141621911,Héctor Uribe Ulloa,2026-10-05 22:25
W2766001599,A Priori Estimates for a System Modelling Nonhomogeneous Asymmetric Fluids,2022,S27114296,https://doi.org/10.1080/01630563.2022.2150640,Aníbal Coronel; Alex Tello,2026-10-05 22:25
W2802445414,New results for the non-oscillatory asymptotic behavior of high order differential equations of Poincaré type,2022,S4210179087,https://doi.org/10.3934/math.2022358,"GMA, Departamento de Ciencias Básicas, Facultad de Ciencias, Universidad del Bío-Bío, Campus Fernando May, Chillán, Chile; Fernando Huancas",2026-10-05 22:25
W2969685154,Analytic Expressions for Debye Functions and the Heat Capacity of a Solid,2022,S4210192031,https://doi.org/10.3390/math10101745,Igor Kondrashuk,2026-10-05 22:25
W2980798122,Hiding data inside images using orthogonal moments,2022,S4210191536,https://doi.org/10.1016/j.jisa.2022.103192,Stefan Berres,2026-10-05 22:25
W2989611874,Goodness-of-Fit Test for the Bivariate Hermite Distribution,2022,S4210173132,https://doi.org/10.3390/axioms12010007,Francisco Fernando Novoa,2026-10-05 22:25
W3046110568,Asymptotically equivalent prediction in multivariate geostatistics,2022,S172538041,https://doi.org/10.3150/21-bej1427,Tarik Faouzi,2026-10-05 22:25
W3048085585,Unifying compactly supported and Matérn covariance functions in spatial statistics,2022,S133905466,https://doi.org/10.1016/j.jmva.2022.104949,Christian Caamaño‐Carrillo,2026-10-05 22:25
W3137841557,Parametric Quantile Regression Models for Fitting Double Bounded Response with Application to COVID-19 Mortality Rate Data,2022,S4210192031,https://doi.org/10.3390/math10132249,Christian Caamaño‐Carrillo,2026-10-05 22:25
W3162037518,Modeling Point Referenced Spatial Count Data: A Poisson Process Approach,2022,S4394736638,https://doi.org/10.1080/01621459.2022.2140053,Christian Caamaño‐Carrillo,2026-10-05 22:25
W3170404211,Analysis of a semi-augmented mixed finite element method for double-diffusive natural convection in porous media,2022,S4210205691,https://doi.org/10.1016/j.camwa.2022.03.032,Eligio Colmenares,2026-10-05 22:25
W3187551920,A Second Planet Transiting LTT 1445A and a Determination of the Masses of Both Worlds,2022,S100695177,https://doi.org/10.3847/1538-3881/ac50a9,C. Cortés,2026-10-05 22:25
W3191316880,Collision energy dependence of the critical end point from baryon number fluctuations in the Linear Sigma Model with quarks,2022,S4210173186,https://doi.org/10.1140/epja/s10050-022-00732-8,Alfredo Raya,2026-10-05 22:25
W3198419789,Relative pressure functions and their equilibrium states,2022,S14709335,https://doi.org/10.1017/etds.2022.30,Yuki Yayama,2026-10-05 22:25
W3198501706,Displacement‐pseudostress formulation for the linear elasticity spectral problem,2022,S19633754,https://doi.org/10.1002/num.22955,Felipe Lepe,2026-10-05 22:25
W3212218650,Finite volume and magnetic field effects on the two-pion correlation function in relativistic heavy-ion collisions,2022,S4210238307,https://doi.org/10.1103/physrevd.105.056001,Cristian Villavicencio,2026-10-05 22:25
W3213163078,Metaplectic representation and ordering (in)dependence in Vasiliev’s higher spin gravity,2022,S187585107,https://doi.org/10.1007/jhep07(2022)003,Per Sundell,2026-10-05 22:25
W4205115928,Plant-Based Polyphenols: Anti-Helicobacter pylori Effect and Improvement of Gut Microbiota,2022,S2737566431,https://doi.org/10.3390/antiox11010109,María Guerra‐Valle; Guillermo Petzold,2026-10-05 22:25
W4205172130,Cascaded H-Bridge Converter Based on Current-Source Inverter with DC Links Magnetically Coupled to Reduce the DC Inductors Value,2022,S198098182,https://doi.org/10.3390/en15010324,Pedro Melín,2026-10-05 22:25
W4205186621,Domestic hot water consumption prediction models suited for dwellings in central-southern parts of Chile,2022,S2764478331,https://doi.org/10.1016/j.jobe.2022.104024,Alexis Pérez-Fargallo; Sergio Contreras-Espinoza; Laura Marín-Restrepo,2026-10-05 22:25
W4205346286,Strategy for Locating People to Reduce the Transmission of COVID-19 Using Different Interference Measures,2022,S10134376,https://doi.org/10.3390/su14010529,Brenda Valenzuela-Fonseca; Rodrigo Linfati,2026-10-05 22:25
W4205436568,Saberes pedagógicos para la enseñanza infantil desde la perspectiva de personas educadoras de infantes,2022,S2738406816,https://doi.org/10.15517/aie.v22i1.47433,Carolina Flores Lueg; Tannia Alvarado Retamal; Tannia Belén Gutiérrez Oyarce; Sandra Patricia Medel Lilo,2026-10-05 22:25
W4205768274,Exploring consistency between stated and revealed preferences for the plastic bag ban policy in Chile,2022,S19266977,https://doi.org/10.1016/j.wasman.2021.12.040,César Salazar,2026-10-05 22:25
W4205791818,Only Humanities Education Will Save Us from Extinction,2022,S4210198633,https://doi.org/10.26417/766pkm35,Edgardo Leopoldo Maza-Ortega,2026-10-05 22:25
W4206025782,On the local existence for Hardy parabolic equations with singular initial data,2022,S151579836,https://doi.org/10.1016/j.jmaa.2022.126022,Ricardo Castillo,2026-10-05 22:25
W4206214162,Divulgación de la información ambiental en páginas web en empresas cotizadas chilenas,2022,S4210182932,https://doi.org/10.22267/rtend.222301.188,Fernando Andrés Morales Parada; Doris Vergara Puentes; Vanessa Jara Rodríguez,2026-10-05 22:25
W4206319546,"Clima organizacional, ¿afecta al estrés laboral?: comparación entre funcionarios de la salud y seguridad pública",2022,S4210179423,https://doi.org/10.29393/ran8-6comm30006,Margarita Chiang; Camila Sanhueza Hernández; María José Rivera Cerda,2026-10-05 22:25
W4206396829,Identificación de Factores de Operación en un Proceso de Refinación para la Producción de Papel Tisú,2022,S997202892,https://doi.org/10.22209/rt.v45n1a03,"Carlos Torres Navarro; Vanessa Ortega Zavala; Departamento de Ingeniería Industrial, Universidad del Bío-Bío, Chile; Sebastián Campos Sáez; Carlos Rozas",2026-10-05 22:25
W4206435250,Desempeño financiero de empresas familiares en Chile.,2022,S2737873557,https://doi.org/10.46377/dilemas.v9i2.3155,Camilo Larraín Jara; Luis Rodolfo Améstica-Rivas; Andrea King-Domínguez,2026-10-05 22:25
W4206538698,Mixed approximation of the axisymmetric acoustic eigenvalue problem,2022,S4210205691,https://doi.org/10.1016/j.camwa.2021.12.013,José Querales; Pablo Venegas,2026-10-05 22:25
W4206652629,A class of random fields with two-piece marginal distributions for modeling point-referenced data with spatial outliers,2022,S24165732,https://doi.org/10.1007/s11749-021-00797-5,Christian Caamaño‐Carrillo,2026-10-05 22:25
W4206751056,Mellin–Barnes integrals and the method of brackets,2022,S94052278,https://doi.org/10.1140/epjc/s10052-021-09977-x,Igor Kondrashuk,2026-10-05 22:25
W4206912317,Comparación de dos funcionales de optimización para el control de estructuras monosimétricas sometidas a sismos de ancho de banda amplio por medio de dos amortiguadores de columna de líquido sintonizados,2022,S4210227506,https://doi.org/10.4067/s0718-28132021000200050,Gilda Espinoza; Euro Casanova; Nicole Moya; Gerardo Coloma; Álvaro Suazo,2026-10-05 22:25
W4207055844,A selective view of climatological data and likelihood estimation,2022,S2765037494,https://doi.org/10.1016/j.spasta.2022.100596,Christian Caamaño‐Carrillo,2026-10-05 22:25
W4210326358,"Spatio-temporal variability of turbid freshwater plumes in the Inner Sea of Chiloé, northern Patagonia",2022,S195909765,https://doi.org/10.1016/j.jmarsys.2022.103709,Gonzalo S. Saldías,2026-10-05 22:25
W4210341675,Trayectoria investigativa en educación durante la década 2009-2018 en Chile,2022,S4210179512,https://doi.org/10.32735/s2735-65232021000599,Evelyn Gladys Zagal Valenzuela; Verónica López-López; Nelly Lagos San Martín,2026-10-05 22:25
W4210364162,An Overview Focusing on Food Liposomes and Their Stability to Electric Fields,2022,S161939520,https://doi.org/10.1007/s12393-022-09306-2,Erick Jara-Quijada; Mario Pérez‐Won; Gipsy Tabilo‐Munizaga; Luis González-Cavieres,2026-10-05 22:25
W4210434401,[Spanish translation] Effectiveness of goalball athletes throwing in the chilean national league,2022,S2738961148,https://doi.org/10.15517/pensarmov.v20i1.49765,Luis Felipe Castelli Correia de Campos,2026-10-05 22:25
W4210633228,On the Parametric Stability of the Isosceles Triangular Libration Points in the Planar Elliptical Charged Restricted Three-body Problem,2022,S115207144,https://doi.org/10.1134/s1560354722010099,Yocelyn Pérez Rothen; Cláudio Vidal,2026-10-05 22:25
W4210806127,"Enseñanza de la arquitectura en Chile, 1999-2019. Potencial ecológico y sentido político colectivo de las prácticas del proyecto",2022,S4210195039,https://doi.org/10.14198/i2.20131,Rodrigo Lagos Vergara,2026-10-05 22:25
W4210810994,Polivictimización reportada por escolares chilenos: ¿es la escuela un lugar donde sentirse a salvo?,2022,S2736436140,https://doi.org/10.22458/ie.v24i36.3918,Carlos Rodríguez Garcés; Claudia Alexandra Suazo Ruiz; Geraldo Padilla Fuentes; Denisse Espinosa-Valenzuela,2026-10-05 22:25
W4210839696,How Soluble Fms-Like Tyrosine Kinase 1 Could Contribute to Blood-Brain Barrier Dysfunction in Preeclampsia?,2022,S52732750,https://doi.org/10.3389/fphys.2021.805082,Carlos Escudero,2026-10-05 22:25
W4210969190,"Diagnóstico Sistema de Prácticas Pedagógicas: el caso de la Facultad de Educación y Humanidades de la Universidad del Bío-Bío, Chile",2022,S144374558,https://doi.org/10.19137/praxiseducativa-2022-260108,Facultad de Educación y Humanidades Universidad del Bío-Bío; Juana Irene Castro Rubilar; Chile; Ana Garrido Roca; Sergio Ortega Gutiérrez,2026-10-05 22:25
W4211006684,Force Measurement with a Strain Gauge Subjected to Pure Bending in the Fluid–Wall Interaction of Open Water Channels,2022,S4210205812,https://doi.org/10.3390/app12031744,Luis Santana; Eric Forcael,2026-10-05 22:25
W4211217177,Comparison of anthropometric indicators as predictors of the percentage of fat mass in young people and older adults in Chile,2022,S4210198968,https://doi.org/10.1016/j.endien.2022.01.002,Luis Felipe Castelli Correia de Campos,2026-10-05 22:25
W4212893645,The problem of doing more: success and paradoxes in scaling up informal initiatives for disaster risk reduction and climate action,2022,S2912707458,https://doi.org/10.1080/02255189.2021.2019574,Roberto Burdiles; Claudio Araneda,2026-10-05 22:25
W4212894884,From theory to action: Explaining the process of knowledge attitudes and practices regarding the use and disposal of plastic among school children,2022,S32271328,https://doi.org/10.1016/j.jenvp.2022.101777,César Salazar,2026-10-05 22:25
W4212926889,Virulence and Antibiotic Resistance Genes in Listeria monocytogenes Strains Isolated From Ready-to-Eat Foods in Chile,2022,S2484704948,https://doi.org/10.3389/fmicb.2021.796040,Julio Parra‐Flores; Alejandra Contreras-Fernández; Claudia Castillo; Catalina Ovalle; María Paula Alarcón-Lavín,2026-10-05 22:25
W4212988369,Spatial and Temporal Origins of the La Perouse Low Oxygen Pool: A Combined Lagrangian Statistical Approach,2022,S4210200322,https://doi.org/10.1029/2021jc018135,Gonzalo S. Saldías,2026-10-05 22:25
W4213049918,Numerical Solution of an Axisymmetric Eddy Current Model with Current and Voltage Excitations,2022,S151550017,https://doi.org/10.1007/s10915-022-01780-4,Pablo Venegas,2026-10-05 22:25
W4213055262,Mathematical Model for the Electric Vehicle Routing Problem Considering the State of Charge of the Batteries,2022,S10134376,https://doi.org/10.3390/su14031645,Cristian Cataldo-Díaz; Rodrigo Linfati,2026-10-05 22:25
W4213067231,An Edge Server Placement Method Based on Reinforcement Learning,2022,S195231649,https://doi.org/10.3390/e24030317,Joel Fuentes,2026-10-05 22:25
W4213171749,Recent Developments and Challenges of 3D-Printed Construction: A Review of Research Fronts,2022,S4210191137,https://doi.org/10.3390/buildings12020229,Rodrigo García Álvarado; Claudia Muñoz-Sanguinetti,2026-10-05 22:25
W4213220658,ADOPTION AND DIFFUSION OF TECHNOLOGIES 4.0 BASED ON THE INNOVATIVE TRAJECTORY AND THE SCALE OF OPERATION: THE CASE OF CHILE,2022,S203848637,https://doi.org/10.1590/s0034-759020220303x,Francisco Gatica Neira,2026-10-05 22:25
W4213222643,Nonlocal reaction traffic flow model with on-off ramps,2022,S21752972,https://doi.org/10.3934/nhm.2022003,Harold Deivi Contreras; Luis Miguel Villada,2026-10-05 22:25
W4213227374,"Alfabetización y pensamiento probabilístico en docentes de matemática, en formación inicial y en activo",2022,S2738964976,https://doi.org/10.15359/ru.36-1.22,Francisco Rodríguez-Alveal,2026-10-05 22:25
W4213243784,Advancements on sustainable microbial fuel cells and their future prospects: A review,2022,S173943867,https://doi.org/10.1016/j.envres.2022.112930,Matias Soto-Moscoso,2026-10-05 22:25
W4213296828,A posteriori error analysis of a momentum conservative Banach spaces based mixed-FEM for the Navier–Stokes problem,2022,S24251679,https://doi.org/10.1016/j.apnum.2022.02.014,Ricardo Oyarzúa; Segundo Villa–Fuentes,2026-10-05 22:25
W4213362522,ADOPCIÓN Y DIFUSIÓN DE LAS TECNOLOGIAS 4.0 A PARTIR DE LA TRAYECTORIA INNOVATIVA Y LA ESCALA DE OPERACIÓN: EL CASO DE CHILE,2022,S203848637,https://doi.org/10.1590/s0034-759020220303,Francisco Gatica Neira,2026-10-05 22:25
W4213389450,"Evaluation of the PLA-nZH-Cu Nanocomposite Film on the Micro-Biological, Organoleptic and Physicochemical Qualities of Packed Chicken Meat",2022,S2737939966,https://doi.org/10.3390/foods11040546,Judith Vergara-Figueroa; Fabiola Cerda-Leal; Serguei Alejandro-Martín; William Gacitúa,2026-10-05 22:25
W4213413691,The α-Groups under Condorcet Clustering,2022,S4210192031,https://doi.org/10.3390/math10050718,Tarik Faouzi; Luis Firinguetti-Limone; José Miguel Avilez-Bozo,2026-10-05 22:25
W4213424716,Rendimiento físico de atletas varones de élite de baloncesto en silla de ruedas de la región del Biobío-Chile en inicio del período preparatorio: estudio transversal (Physical performance of wheelchair basketball athletes with Paralympic projection of th,2022,S2738013834,https://doi.org/10.47197/retos.v44i0.91783,Cristián Luarte-Rocha; Luis Felipe Castelli Correia de Campos; Kevin Campos-Campos; Matías Henríquez,2026-10-05 22:25
W4213449750,Cerebral Biomarkers and Blood-Brain Barrier Integrity in Preeclampsia,2022,S2736626452,https://doi.org/10.3390/cells11050789,Jesenia Acurio; José Manuel León Pino; Felipe Troncoso; Carlos Escudero,2026-10-05 22:25
W4214559625,Jaime Garretón’s cybernetic theory of the city and its system: a missing link in contemporary urban theory,2022,S4210190517,https://doi.org/10.1007/s00146-021-01349-z,Claudio Araneda,2026-10-05 22:25
W4214651713,Patch loading resistance of steel plate girders stiffened with triangular cell flanges,2022,S2898442875,https://doi.org/10.1016/j.istruc.2022.02.065,Euro Casanova,2026-10-05 22:25
W4220656279,"Estimating the Shear Resistance of Flocculated Kaolin Aggregates: Effect of Flocculation Time, Flocculant Dose, and Water Quality",2022,S123288148,https://doi.org/10.3390/polym14071381,Omar Alvarado,2026-10-05 22:25
W4220717350,Optimization of Encapsulation by Ionic Gelation Technique of Cryoconcentrated Solution: A Response Surface Methodology and Evaluation of Physicochemical Characteristics Study,2022,S123288148,https://doi.org/10.3390/polym14051031,Guillermo Petzold,2026-10-05 22:25
W4220720385,"Effects of PEF-Assisted Freeze-Drying on Protein Quality, Microstructure, and Digestibility in Chilean Abalone “Loco” (Concholepas concholepas) Mollusk",2022,S2596909297,https://doi.org/10.3389/fnut.2022.810827,Anais Palma-Acevedo; Mario Pérez‐Won; Gipsy Tabilo‐Munizaga,2026-10-05 22:25
W4220735029,Análisis de los instrumentos utilizados en las investigaciones consultadas,2022,S4306400562,https://doi.org/10.5281/zenodo.6354430,Mario Bravo,2026-10-05 22:25
W4220756576,"Impact of Urban Re-Densification on Indoor Lighting Demand and Energy Poverty on the Equator, in the City of Quito",2022,S10134376,https://doi.org/10.3390/su14073783,Estefanía Montes-Villalva; María Beatriz Piderit-Moreno; Alexis Pérez-Fargallo,2026-10-05 22:25
W4220782325,Evaluation of cost-effective measures for the renovation of existing dwellings in the framework of the energy certification system: A case study in Norway,2022,S6846437,https://doi.org/10.1016/j.enbuild.2022.112071,Alex Gonzalez-Caceres,2026-10-05 22:25
W4220801900,Convergence Analysis of Virtual Element Method for Nonlinear Nonlocal Dynamic Plate Equation,2022,S151550017,https://doi.org/10.1007/s10915-022-01794-y,Dibyendu Adak; David Mora,2026-10-05 22:25
W4220829604,Nanoflower shaped NiO/CeO2 p-n junction material for the degradation of pollutant under visible light,2022,S55626769,https://doi.org/10.1016/j.matlet.2022.132122,Matias Soto-Moscoso,2026-10-05 22:25
W4220830234,"Social work, neoliberalism, and post-disaster intervention: The 1985, 2010, and 2015 Chilean earthquakes",2022,S163221538,https://doi.org/10.1177/00208728221085404,Juan Saavedra,2026-10-05 22:25
W4220857888,Application of a Control Scheme Based on Predictive and Linear Strategy for Improved Transient State and Steady-State Performance in a Single-Phase Quasi-Z-Source Inverter,2022,S101949793,https://doi.org/10.3390/s22072458,Pedro Melín,2026-10-05 22:25
W4220869305,Comparison of Raw and Torrefied Dichrostachys cinerea as a Fuel for Cogeneration Systems: A Life Cycle Assessment,2022,S31817463,https://doi.org/10.1007/s12649-022-01746-5,Luis Ernesto Arteaga-Pérez,2026-10-05 22:25
W4220898950,A Soar-Based Space Exploration Algorithm for Mobile Robots,2022,S195231649,https://doi.org/10.3390/e24030426,Joel Fuentes,2026-10-05 22:25
W4220906157,Cost Function Analysis Applied to Different Kinetic Release Models of Arrabidaea chica Verlot Extract from Chitosan/Alginate Membranes,2022,S123288148,https://doi.org/10.3390/polym14061109,Stefan Berres,2026-10-05 22:25
W4220909782,Disconnected Julia set of Halley's method for exponential maps,2022,S195495005,https://doi.org/10.1080/14689367.2022.2048633,Patricio Cumsille,2026-10-05 22:25
W4220950819,"Riboflavin Bioenriched Soymilk Alleviates Oxidative Stress Mediated Liver Injury, Intestinal Inflammation, and Gut Microbiota Modification in B2 Depletion–Repletion Mice",2022,S134644764,https://doi.org/10.1021/acs.jafc.2c00117,Carlos L. Céspedes,2026-10-05 22:25
W4220953500,Carbon Aerogel-Supported Iron for Gasification Gas Cleaning: Tars Decomposition,2022,S2738539744,https://doi.org/10.3390/catal12040391,Luis Ernesto Arteaga-Pérez,2026-10-05 22:25
W4220976137,"Microplastics in the environment: Recent developments in characteristic, occurrence, identification and ecological risk",2022,S203465130,https://doi.org/10.1016/j.chemosphere.2022.134161,Matias Soto-Moscoso,2026-10-05 22:25
W4221006126,Local existence for evolution equations with nonlocal term in time and singular initial data,2022,S34928686,https://doi.org/10.1007/s00033-022-01723-x,Ricardo Moreno Castillo,2026-10-05 22:25
W4221007088,Análisis de los instrumentos utilizados en las investigaciones consultadas,2022,S4306400562,https://doi.org/10.5281/zenodo.6354508,Mario Bravo,2026-10-05 22:25
W4221007835,A new mathematical model of continuous gravitational separation with coalescence of liquid-liquid emulsions,2022,S166351637,https://doi.org/10.1016/j.cherd.2022.03.044,Stefan Berres,2026-10-05 22:25
W4221009033,"Conciliación trabajo - familia, su efecto en el compromiso organizacional y la satisfacción laboral en municipalidades chilenas",2022,S4210179731,https://doi.org/10.25100/cdea.v38i72.11123,María Margarita Chiang Vega; María José Rivera Cerda; Juan Pablo Hidalgo-Ortiz,2026-10-05 22:25
W4221011462,"Morphological, Behavioral, and Molecular Characterization of Avian Schistosomes (Digenea: Schistosomatidae) in the Native Snail Chilina dombeyana (Chilinidae) from Southern Chile",2022,S4210239906,https://doi.org/10.3390/pathogens11030332,Gonzalo A. Collado,2026-10-05 22:25
W4221015168,"Food Availability in Different Food Environments Surrounding Schools in a Vulnerable Urban Area of Santiago, Chile: Exploring Socioeconomic Determinants",2022,S2737939966,https://doi.org/10.3390/foods11070901,Jacqueline Araneda Flores,2026-10-05 22:25
W4221017502,Synthesis and Characterisation of Alginate-Based Capsules Containing Waste Cooking Oil for Asphalt Self-Healing,2022,S4210205812,https://doi.org/10.3390/app12052739,José Norambuena-Contreras; José L. Concha; Luis Ernesto Arteaga-Pérez; Irene Gonzalez-Torre,2026-10-05 22:25
W4221022922,"Desarrollo de la industria siderúrgica y arquitectura de vanguardia del siglo XX en Chile: La Unidad departamental Acería CONOX y Colada Continua (1976), y Central de Alimentación y Casino (1973) en la usina de CAP-Huachipato, como ejemplos del paradigma brutalista",2022,S2737190872,https://doi.org/10.22320/07196466.2022.40.061.06,Neftalí Vargas-Rojas; Ignacio Bisbal Grandal,2026-10-05 22:25
W4221049346,Performance guarantee of the jump neighborhood for scheduling jobs on uniformly related machines,2022,S20631277,https://doi.org/10.1051/ro/2022045,Felipe T. Muñoz,2026-10-05 22:25
W4221070990,Modified quasispecies model: the analysis of a periodic therapy,2022,S171842551,https://doi.org/10.1007/s00285-022-01726-2,Elisa Martínez; Francisco Crespo,2026-10-05 22:25
W4221090847,Co-creating together: Ibero-American emergent collaborations in architecture and digital manufacture,2022,S2737190872,https://doi.org/10.22320/07196466.2022.40.061.08,Rodrigo García Álvarado,2026-10-05 22:25
W4221095191,Uso de WhatsApp en los trabajadores de la salud en el proceso de vacunación chileno contra la pandemia COVID-19,2022,S4210174899,https://doi.org/10.33595/2226-1478.13.1.582,Nataly Andrea Guiñez-Cabrera,2026-10-05 22:25
W4221118912,Postural Balance and Gait Parameters of Independent Older Adults: A Sex Difference Analysis,2022,S15239247,https://doi.org/10.3390/ijerph19074064,Carmen Luz Muñoz-Mendoza,2026-10-05 22:25
W4221119418,Virtual element analysis of nonlocal coupled parabolic problems on polygonal meshes,2022,S21314667,https://doi.org/10.1007/s10092-022-00459-4,Dibyendu Adak,2026-10-05 22:25
W4221130162,PARLAMENTAR,2022,S2737190872,https://doi.org/10.22320/07196466.2022.40.061.00,Pablo Fuentes Hernández; Gonzalo Cerda Brintrup,2026-10-05 22:25
W4221136101,A note on differentiability of the conjugacy in a delayed version of Hartman-Grobman Theorem,2022,S151292657,https://doi.org/10.3934/dcdsb.2022055,Adrián Gómez; Dante Carrasco-Olivera; Helí Elorreaga,2026-10-05 22:25
W4221153903,Long-term collaboration with strong friendship ties improves academic performance in remote and hybrid teaching modalities in high school physics,2022,S4210190682,https://doi.org/10.1103/physrevphyseducres.18.010146,Javier Pulgar; Diego Ramírez; Abigail Umanzor; Iván Sánchez,2026-10-05 22:25
W4221155148,Modified-gravity theories with nondynamical background fields,2022,S4210238307,https://doi.org/10.1103/physrevd.106.044050,Carlos M. Reyes,2026-10-05 22:25
W4221161033,Ritus functions for graphene-like systems with magnetic fields generated by first-order intertwining operators,2022,S59012888,https://doi.org/10.1088/1402-4896/ac8582,Alfredo Raya,2026-10-05 22:25
W4223470441,"Plastid Genome of Equisetum xylochaetum from the Atacama Desert, Chile and the Relationships of Equisetum Based on Frequently Used Plastid Genes and Network Analysis",2022,S4210230202,https://doi.org/10.3390/plants11071001,Patricia Arancibia‐Ávila,2026-10-05 22:25
W4223559506,"Probabilistic Approach to Determine the Spatial Distribution of the Antecedent Moisture Conditions for Different Return Periods in the Atlántico Region, Colombia",2022,S134216166,https://doi.org/10.3390/w14081217,Rodrigo Linfati,2026-10-05 22:25
W4223947400,Smooth dynamics of a Timoshenko system with hybrid dissipation,2022,S141283892,https://doi.org/10.3233/asy-221768,Jaime E. Muñoz Rivera,2026-10-05 22:25
W4224091541,"Government performance, geophysical-related disasters, and institutional trust: A comparison of Chilean and Haitian responses after an earthquake",2022,S2764830010,https://doi.org/10.1016/j.ijdrr.2022.102950,Gustavo A. Cisterna; Andrés Acuña; César Salazar,2026-10-05 22:25
W4224248267,Bioconversion in Ryegrass-Fescue Hay by Pleurotus ostreatus to Increase Their Nutritional Value for Ruminant,2022,S4210202585,https://doi.org/10.3390/agriculture12040534,Evelyn Muñoz; Soledad Quiroz‐Carreño; Julio Alarcón,2026-10-05 22:25
W4224290606,Corporate Social Responsibility and Social Network Analysis: Unionized Workers’ Perceptions,2022,S10134376,https://doi.org/10.3390/su14074320,Nataly Andrea Guiñez-Cabrera,2026-10-05 22:25
W4224293951,La educación primaria en España y la diversidad cultural,2022,S4210219893,https://doi.org/10.5027/psicoperspectivas-vol21-issue1-fulltext-2323,Héctor Cárcamo Vásquez,2026-10-05 22:25
W4224301959,"Periodic, permanent, and extinct solutions to population models",2022,S151579836,https://doi.org/10.1016/j.jmaa.2022.126262,José Oyarce,2026-10-05 22:25
W4224304819,Mechanical and fire properties of oriental beech impregnated with fire-retardants and coated with polyurea/polyurethane hybrid and epoxy resins,2022,S967659979,https://doi.org/10.4067/s0718-221x2022000100423,Çağlar Altay,2026-10-05 22:25
W4224308570,Effects of Cryoconcentrated Blueberry Juice as Functional Ingredient for Preparation of Commercial Confectionary Hydrogels,2022,S2737559645,https://doi.org/10.3390/gels8040217,Nidia Casas‐Forero; Igor Trujillo‐Mayol; Guillermo Petzold,2026-10-05 22:25
W4224862120,Estudio de disponibilidad léxica asociado al ámbito de las matemáticas y las tecnologías,2022,S4210227687,https://doi.org/10.17533/udea.lyl.n81a09,Miguel Claudio Friz Carrillo,2026-10-05 22:25
W4225078061,La influencia térmica de la pared de lodo del espacio solar en el clima interior de la casa de Valparaíso 1811 - 1950,2022,S4210226027,https://doi.org/10.22370/margenes.2021.14.21.3104,Gerardo Saelzer-Fuica,2026-10-05 22:25
W4225090134,A global reptile assessment highlights shared conservation needs of tetrapods,2022,S137773608,https://doi.org/10.1038/s41586-022-04664-7,Marcela A. Vidal,2026-10-05 22:25
W4225152541,Disposición al Cambio en Establecimientos Educacionales de una Comuna de la Zona Central de Chile: La Mirada de Directivos y Profesores,2022,S2736936350,https://doi.org/10.21664/2238-8869.2022v11i1.p194-205,Carlos Mauricio Salazar Botello; Yohana Andrea Muñoz Jara; Patricia Parra-Ulloa,2026-10-05 22:25
W4225153188,Development of anthropometric equations for predicting total body fat percentage in Chilean children and adolescents,2022,S108953488,https://doi.org/10.20960/nh.03636,Wilbert Juvenal Cossio-Bolaños; Luis Felipe Castelli-Correia de Campos,2026-10-05 22:25
W4225258829,A Generalization of the Bivariate Gamma Distribution Based on Generalized Hypergeometric Functions,2022,S4210192031,https://doi.org/10.3390/math10091502,Christian Caamaño‐Carrillo,2026-10-05 22:25
W4225259216,Desempeño financiero de Empresas familiares en Chile.,2022,S2737873557,https://doi.org/10.46377/dilemas.v9i3.3225,Camilo Larraín Jara; Luis Rodolfo Améstica-Rivas; Andrea King-Domínguez,2026-10-05 22:25
W4225310440,An Opposition-Based Learning CRO Algorithm for Solving the Shortest Common Supersequence Problem,2022,S195231649,https://doi.org/10.3390/e24050641,Joel Fuentes,2026-10-05 22:25
W4225927450,Upcycling agro-industrial blueberry waste into platform chemicals and structured materials for application in marine environments,2022,S55009144,https://doi.org/10.1039/d2gc00573e,Amaidy González; Serguei Alejandro-Martín; Luis Ernesto Arteaga-Pérez,2026-10-05 22:25
W4226081348,A three-field Banach spaces-based mixed formulation for the unsteady Brinkman–Forchheimer equations,2022,S40006715,https://doi.org/10.1016/j.cma.2022.114895,Ricardo Oyarzúa; Segundo Villa–Fuentes,2026-10-05 22:25
W4226090332,NEW CHITOSAN-BASED CHEMO PHARMACEUTICAL DELIVERY SYSTEMS FOR TUMOR CANCER TREATMENT: SHORT-REVIEW,2022,S114494114,https://doi.org/10.4067/s0717-97072022000105425,Yuly Andrea Guarín-González; Galo Cárdenas-Triviño,2026-10-05 22:25
W4226146168,Synoptic Flow Variability in a River-Influenced Inner Shelf off Central Chile,2022,S2736865057,https://doi.org/10.3390/jmse10040501,Gonzalo S. Saldías,2026-10-05 22:25
W4226268308,Analysis of an unfitted mixed finite element method for a class of quasi-Newtonian Stokes flow,2022,S4210205691,https://doi.org/10.1016/j.camwa.2022.03.039,Ricardo Oyarzúa,2026-10-05 22:25
W4226324985,Influence of the type of solar protection on thermal and light performance in classrooms,2022,S2898434319,https://doi.org/10.1016/j.egyr.2022.04.007,Cristián Muñoz-Viveros; Alexis Pérez-Fargallo,2026-10-05 22:25
W4226353845,About the stability to Timoshenko system with pointwise dissipation,2022,S16594347,https://doi.org/10.3934/dcdss.2022078,Jaime E. Muñoz Rivera,2026-10-05 22:25
W4226398881,Tensión epistémica entre multiculturalismo anglosajón e interculturalidad latinoamericana: sus proyecciones en educación,2022,S4306400562,https://doi.org/10.5281/zenodo.5979768,Omar Turra-Díaz,2026-10-05 22:25
W4226407035,EVALUATION OF CYTOTOXIC EFFECT AGAINST TUMOUR CELLS OF THE ACIDIC POLYSACCHARIDES OF THE FUNGUS Nothophellinus andinopatagonicus,2022,S114494114,https://doi.org/10.4067/s0717-97072022000105418,Jaime R. Cabrera‐Pardo,2026-10-05 22:25
W4226440534,Freezable bound states in the continuum for time-dependent quantum potentials,2022,S173877794,https://doi.org/10.1016/j.aop.2022.168882,Alfredo Raya,2026-10-05 22:25
W4229031572,"Mental health in health care workers: Engagement, burnout and healthy organizational practices in times of COVID-19",2022,S4210179027,https://doi.org/10.53730/ijhs.v6ns1.6903,Álvaro Acuña-Hormazábal,2026-10-05 22:25
W4229048372,A Multi-hashing Index for hybrid DRAM-NVM memory systems,2022,S127660348,https://doi.org/10.1016/j.sysarc.2022.102547,Joel Fuentes,2026-10-05 22:25
W4229070277,Influence of Nursing in Health Economics: an Integrative Review of Literature,2022,S4210191054,https://doi.org/10.14482/sun.38.1.610.73,Carolina Luengo Martínez,2026-10-05 22:25
W4229446329,Investigaciones sobre engagement y burnout: una aproximación teórica en tiempos de Covid-19,2022,S2737480470,https://doi.org/10.36390/telos242.10,Álvaro Acuña-Hormazábal; Carolina Luengo Martínez,2026-10-05 22:25
W4280488595,Optical and mechanical properties of Zr-oxide doped TiO2/SiO2 anti-reflective coatings for PV glass covers,2022,S166040772,https://doi.org/10.1016/j.solmat.2022.111784,Paulina Valenzuela; William Gacitúa,2026-10-05 22:25
W4280507776,Use of Carbon and Basalt Fibers with Adhesives to Improve Physical and Mechanical Properties of Plywood,2022,S4210205812,https://doi.org/10.3390/app12105114,Mario Núñez‐Decap; Yasna Barra-Rodríguez; Camila Opazo-Carlsson; Boris Moya-Rojas; Marcela Vidal-Vega; Alexander Opazo-Vega,2026-10-05 22:25
W4280512549,"Auto-adscripción inclusiva y empatía en establecimientos secundarios, con o sin integración escolar",2022,S144374558,https://doi.org/10.19137/praxiseducativa-2022-260216,Universidad de Bío Bío; Fancy Inés Castro Rubilar; Chile; Carlos Ossa Cornejo; Juana Irene Castro Rubilar,2026-10-05 22:25
W4280514754,"Coating mortars with improved physical properties, economic cost, and carbon footprint",2022,S2764881959,https://doi.org/10.1016/j.cscm.2022.e01095,Vicente Flores Alés,2026-10-05 22:25
W4280519397,Higher education students’ achievement emotions and their antecedents in e-learning amid COVID-19 pandemic: A multi-country survey,2022,S78398831,https://doi.org/10.1016/j.learninstruc.2022.101629,Roxana Balbontín-Alvarado,2026-10-05 22:25
W4280534641,Cohesion index for investigate criminal organizations in criminal big databases,2022,S2764746358,https://doi.org/10.17485/ijst/v15i16.2042,Humberto Troncoso Espinosa Fredy,2026-10-05 22:25
W4280546469,Environmental efficiency in the salmon industry—an exploratory analysis around the 2007 ISA virus outbreak and subsequent regulations in Chile,2022,S155209994,https://doi.org/10.1007/s10668-022-02390-8,César Salazar,2026-10-05 22:25
W4280568728,Bayesian modeling for pro-environmental behavior data: sorting and selecting relevant variables,2022,S81024170,https://doi.org/10.1007/s00477-022-02240-z,José Sandoval‐Díaz,2026-10-05 22:25
W4280569385,Consumo de frutas y verduras en mujeres Jefas de Hogar. Un estudio cualitativo,2022,S4210227418,https://doi.org/10.4067/s0717-75182022000200201,Gladys Quezada-Figueroa; Luz Lobos-Fernández; Pedro Sandoval; Jacqueline Araneda,2026-10-05 22:25
W4280587095,Fungal endophytes improve the performance of host plants but do not eliminate the growth/defence trade‐off,2022,S58631098,https://doi.org/10.1111/nph.18160,Cristian Torres‐Díaz,2026-10-05 22:25
W4280588405,Location-Query-Privacy and Safety Cloaking Schemes for Continuous Location-Based Services,2022,S152111507,https://doi.org/10.1155/2022/5191041,Claudio Gutiérrez-Soto; Patricio Galdames; Carlos Faúndez; Cristian Durán-Faúndez,2026-10-05 22:25
W4280603743,Association of Prematurity and Low Birth Weight with Gestational Exposure to PM2.5 and PM10 Particulate Matter in Chileans Newborns,2022,S15239247,https://doi.org/10.3390/ijerph19106133,Alejandra Rodríguez‐Fernández; Natalia Ramos-Castillo; Marcela Ruíz-De la Fuente; Julio Parra‐Flores; Eduard Antonio Maury-Sintjago,2026-10-05 22:25
W4280604164,Nitrogen fixation and other biogeochemically important features of Atacama Desert giant horsetail plant microbiomes inferred from metagenomic contig analysis,2022,S2254258,https://doi.org/10.1093/aob/mcac060,Patricia Arancibia‐Ávila,2026-10-05 22:25
W4280609391,Pandeo crítico de vigas esbeltas con rigidizadores tipo delta diseñadas con AASHTO sometidas a cargas concentradas,2022,S4210174120,https://doi.org/10.18273/revuin.v21n2-2022012,Euro Casanova,2026-10-05 22:25
W4280610371,Obese Women Have a High Carbohydrate Intake without Changes in the Resting Metabolic Rate in the Luteal Phase,2022,S110785341,https://doi.org/10.3390/nu14101997,Eduard Antonio Maury-Sintjago; Alejandra Rodríguez‐Fernández; Julio Parra‐Flores; Marcela Ruíz-De la Fuente,2026-10-05 22:25
W4280618148,Neuromuscular Fatigue in Cerebral Palsy Football Players after a Competitive Match According to Sport Classification and Playing Position,2022,S15239247,https://doi.org/10.3390/ijerph19106070,Luis Felipe Castelli Correia de Campos,2026-10-05 22:25
W4280630249,"Cosmology in the presence of diffeomorphism-violating, nondynamical background fields",2022,S4210238307,https://doi.org/10.1103/physrevd.106.023524,Carlos M. Reyes,2026-10-05 22:25
W4280630909,"Extreme arid conditions: Association among soiling characteristics, transmittance loss and climatic conditions",2022,S5745031,https://doi.org/10.1016/j.solener.2022.05.020,Christopher Salvo; G. Cabello,2026-10-05 22:25
W4280637425,Species Surface Distribution and Surface Tension of Aqueous Solutions of MIBC and NaCl Using Molecular Dynamics Simulations,2022,S123288148,https://doi.org/10.3390/polym14101967,Omar Alvarado; Jorge H. Saavedra; Roberto E. Rozas,2026-10-05 22:25
W4280637895,Chemical and structural changes of ocote pine (Pinus oocarpa) wood caused by thermal modification,2022,S2738265788,https://doi.org/10.15446/rfnam.v75n2.97576,Víctor Sepúlveda-Villarroel; Rubén A. Ananías,2026-10-05 22:25
W4280640172,Experimental Validation in a Controlled Environment of a Methodology for Assessing the Dynamic Behavior of Railway Track Components,2022,S4210219839,https://doi.org/10.3390/machines10050394,Diego Venegas-Vásconez,2026-10-05 22:25
W4281261138,Dysregulation of vascular endothelial growth factor receptor 2 phosphorylation is associated with disruption of the blood-brain barrier and brain endothelial cell apoptosis induced by plasma from women with preeclampsia,2022,S4210173099,https://doi.org/10.1016/j.bbadis.2022.166451,Felipe Troncoso; Jesenia Acurio; Carlos Escudero,2026-10-05 22:25
W4281288233,Limits to the Productivity in Biobased Territorial SMEs,2022,S148277943,https://doi.org/10.1177/21582440221099294,Francisco Gatica Neira; Mario Ramos-Maldonado,2026-10-05 22:25
W4281477962,Estudio de caso y modelado matemático en la formación de ingenieros. Caracterización de habilidades STEM,2022,S4210222220,https://doi.org/10.4067/s0718-33052022000100037,Francisco Enrique Rodríguez Alveal,2026-10-05 22:25
W4281493016,¿Y dónde está la biblioteca escolar? Visibilizando los espacios físicos y virtuales que los jóvenes frecuentan para leer por placer,2022,S4210174102,https://doi.org/10.4067/s0718-22362022000100186,Daniela Souto Godoy,2026-10-05 22:25
W4281638227,Kalman filter and classical Preisach hysteresis model applied to the state of charge battery estimation,2022,S4210205691,https://doi.org/10.1016/j.camwa.2022.05.009,Pablo Venegas,2026-10-05 22:25
W4281674446,Planar central configurations of six bodies,2022,S158241587,https://doi.org/10.1063/5.0057231,Cláudio Vidal,2026-10-05 22:25
W4281681764,Micropolítica escolar y aprendizaje socioemocional como catalizadores de la cohesión social,2022,S2737327955,https://doi.org/10.14516/fde.886,Verónica López-López; Nelly Lagos San Martín; Evelyn Gladys Zagal Valenzuela,2026-10-05 22:25
W4281706553,"Purple grape juice improves performance of recreational runners, but the effect is genotype dependent: a double blind, randomized, controlled trial",2022,S159227150,https://doi.org/10.1186/s12263-022-00710-1,Luis Felipe Castelli Correia de Campos,2026-10-05 22:25
W4281715754,Promising perspectives on novel protein food sources combining artificial intelligence and 3D food printing for food industry,2022,S89023782,https://doi.org/10.1016/j.tifs.2022.05.013,Gipsy Tabilo‐Munizaga; Mario Pérez‐Won,2026-10-05 22:25
W4281721493,"Las vidas cotidianas de las y los testigos del terremoto de 2010 en Chile: ruptura, recuperación y reconstitución",2022,S2737336660,https://doi.org/10.21678/apuntes.91.1365,Juan Saavedra; Yeniffer Carrasco-Valdebenito; Darlyn Núñez-Núñez,2026-10-05 22:25
W4281750824,FCS–MPC with Nonlinear Control Applied to a Multicell AFE Rectifier,2022,S101949793,https://doi.org/10.3390/s22114100,Pedro Melín; Jaime Rohten,2026-10-05 22:25
W4281761994,EL JUEGO EN NIÑOS Y NIÑAS MENORES DE TRES AÑOS:,2022,S4210167820,https://doi.org/10.22370/ieya.2022.8.1.2471,Carmen Patricia Mena Bastías,2026-10-05 22:25
W4281770203,New Insights into the Determinants of Specificity in Human Type I Arginase: Generation of a Mutant That Is Only Active with Agmatine as Substrate,2022,S10623703,https://doi.org/10.3390/ijms23126438,Fabiola Estefany Medina,2026-10-05 22:25
W4281770222,"Voluntariado, organizaciones o acción no convencional ¿qué mueve a los jóvenes chilenos?",2022,S4210177919,https://doi.org/10.7770/rchdcp-v12n2-art2674,Roberto Mardones Arévalo,2026-10-05 22:25
W4281774865,Hypoxic placental small extracellular vesicles disrupt the blood-brain barrier in the frontal area of the brain,2022,S171513543,https://doi.org/10.1016/j.placenta.2022.03.054,Hermes Sandoval; Belén Ibáñez; Jesenia Acurio; Carlos Escudero,2026-10-05 22:25
W4281777623,The activation G protein-copled estrogen receptor (GPER30) enhances angiogenesis through the adenosine A2A receptor in human brain endothelium,2022,S171513543,https://doi.org/10.1016/j.placenta.2022.03.098,Felipe Troncoso; Jessenia Acurio; Carlo Escudero,2026-10-05 22:25
W4281885180,Genomic Characterization of Cronobacter spp. and Salmonella spp. Strains Isolated From Powdered Infant Formula in Chile,2022,S2484704948,https://doi.org/10.3389/fmicb.2022.884721,Julio Parra‐Flores; Sergio Acuña; Alejandra Contreras-Fernández; Pamela Chavarría-Sepúlveda,2026-10-05 22:25
W4281897543,Prediction of gestational diabetes mellitus with machine learning techniques: A comparison between near-infrared spectra and maternal data based-models,2022,S171513543,https://doi.org/10.1016/j.placenta.2022.03.053,Andres Felipe Rodriguez,2026-10-05 22:25
W4281920562,TiO2 nanorods doped with g-C3N4 – Polyethylene composite coating for self-cleaning applications,2022,S5707928,https://doi.org/10.1016/j.matchemphys.2022.126356,Paula Osorio-Vargas,2026-10-05 22:25
W4282914949,Análisis psicométrico del inventario de síntomas prefrontales abreviado: evidencias de su validez y fiabilidad en la población general venezolana,2022,S184263677,https://doi.org/10.33588/rn.7411.2022068,Norelis Mendoza,2026-10-05 22:25
W4282933270,Metacognitive Strategies and Development of Critical Thinking in Higher Education,2022,S9692511,https://doi.org/10.3389/fpsyg.2022.913219,Carlos Ossa Cornejo,2026-10-05 22:25
W4283010605,A Neural Network-Based Spectral Approach for the Assignment of Individual Trees to Genetically Differentiated Subpopulations,2022,S43295729,https://doi.org/10.3390/rs14122898,Cristian Torres‐Díaz,2026-10-05 22:25
W4283027119,Crossing limit cycles for discontinuous piecewise linear differential centers separated by three parallel straight lines,2022,S55160269,https://doi.org/10.1007/s12215-022-00766-3,Maria Elisa Anacleto; Cláudio Vidal,2026-10-05 22:25
W4283118344,Effect of the Longitudinal Tensile Creep on the Stiffness of Radiata Pine (Pinus radiata D. Don),2022,S18714766,https://doi.org/10.3390/ma15124314,Oswaldo Erazo; Judith Vergara-Figueroa; Paulina Valenzuela; William Gacitúa,2026-10-05 22:25
W4283373171,Geographic prediction of crimes against property using Neural Networks and the SARIMA model,2022,S4210187844,https://doi.org/10.47460/uct.v26i113.576,Fredy Humberto Troncoso Espinosa; Danilo Gomes Correa,2026-10-05 22:25
W4283374425,We Need Engaged Workers! A Structural Equation Modeling Study from the Positive Organizational Psychology in Times of COVID-19 in Chile,2022,S15239247,https://doi.org/10.3390/ijerph19137700,Rodolfo Mendoza-Llanos; Álvaro Acuña-Hormazábal,2026-10-05 22:25
W4283382508,¿Qué factores inciden en la formación inicial del profesorado de Educación Básica en Chile?: una aproximación desde la Evaluación Nacional Diagnóstica,2022,S4210222562,https://doi.org/10.5965/2357724x10192022081,Francisco Rodríguez-Alveal,2026-10-05 22:25
W4283393366,Understanding the Implications of Hydrographic Processes on the Dynamics of the Carbonate System in a Sub-Antarctic Marine-Terminating Glacier-Fjord (53°S),2022,S2596539584,https://doi.org/10.3389/fmars.2022.643811,Gonzalo S. Saldías,2026-10-05 22:25
W4283397082,Characterization of topography hidden under paint by means of qualitative algorithms robust to the number of frames and non-uniform illumination,2022,S102728161,https://doi.org/10.1016/j.optlaseng.2022.107158,Erik Baradit; M. Avendaño; Gustavo Cañas; Miguel Yáñez,2026-10-05 22:25
W4283462412,Effect of rejuvenating oil type on the synthesis and properties of alginate-based polynuclear capsules for asphalt self-healing,2022,S31518343,https://doi.org/10.1080/14680629.2022.2092026,José L. Concha; Luis Ernesto Arteaga-Pérez; Erik Alpizar-Reyes; Irene Gonzalez-Torre; José Norambuena-Contreras,2026-10-05 22:25
W4283582322,El aula como escenario: Mapeando el Teatro Aplicado en Educación en Chile 2010-2020,2022,S4210181129,https://doi.org/10.32621/acotaciones.2022.48.04,Tania Faúndez Carreño,2026-10-05 22:25
W4283590094,"La enfermedad como heterotopía: un lugar de aceptación de la culpa y el fracaso en la novela ""Sistema nervioso"" (2018), de la escritora chilena Lina Meruane",2022,S4210177190,https://doi.org/10.35499/tl.v16i1.13853,Mireya Ramos,2026-10-05 22:25
W4283694677,Estudio longitudinal de la ansiedad escolar en niños chilenos de educación primaria,2022,S4306526401,https://doi.org/10.22544/rcps.v41i01.01,Nelly Lagos San Martín; Maritza Palma; Carlos Ossa Cornejo,2026-10-05 22:25
W4283698955,"La “educación para anormales” y la pedagogía terapéutica de Juan Sandoval Carrasco. Chile, 1928-1970",2022,S4210188114,https://doi.org/10.29393/at525-6eaml10006,Marco Antonio León León,2026-10-05 22:25
W4283700473,"Association between Maternal Factors, Preterm Birth, and Low Birth Weight of Chilean Singletons",2022,S2736895435,https://doi.org/10.3390/children9070967,Alejandra Rodríguez‐Fernández; Marcela Ruíz-De la Fuente; Ximena Sanhueza-Riquelme; Julio Parra‐Flores; Eduard Antonio Maury-Sintjago,2026-10-05 22:25
W4283721380,Biobased Spore Microcapsules for Asphalt Self-Healing,2022,S164001016,https://doi.org/10.1021/acsami.2c07301,Erik Alpizar-Reyes; José L. Concha; José Norambuena-Contreras,2026-10-05 22:25
W4283748572,Los escenarios pedagógicos de la dramaturgia de Deyanira Urzúa de Calvo,2022,S2739009134,https://doi.org/10.15443/rl3210,Juan Pablo Amaya González,2026-10-05 22:25
W4283754189,Validación del Inventario de Competencias Emocionales para Adultos (ICEA),2022,S4210229326,https://doi.org/10.15517/revedu.v46i2.47960,Nelly Lagos San Martín; Juan Pablo Hidalgo-Ortiz,2026-10-05 22:25
W4283780395,Gevrey class for locally thermoelastic beam equations,2022,S34928686,https://doi.org/10.1007/s00033-022-01800-1,Jaime E. Muñoz Rivera,2026-10-05 22:25
W4283798010,Mapeos de Gehl aplicados en las escaleras de Melipulli – Puerto Montt,2022,S4210228060,https://doi.org/10.5354/0719-5427.2022.66692,Diego Pablo Cárdenas Merino; Jessica Solange Fuentealba Quilodrán,2026-10-05 22:25
W4283808522,Critical analysis of the performance of pilot and industrial scale technologies for sewage reuse,2022,S2764859491,https://doi.org/10.1016/j.jece.2022.108198,Cristian Riquelme; Patricio Neumann,2026-10-05 22:25
W4283822511,Periodic Solutions and KAM Tori for the Spatial Maxwell Restricted $$N+1$$-Body Problem with Manev Potential,2022,S113416816,https://doi.org/10.1007/s44198-022-00070-9,Mauricio Ascencio; Cláudio Vidal,2026-10-05 22:25
W4283828214,Conflicto trabajo-familia de mujeres en situación de teletrabajo a partir de la contingencia sanitaria por COVID-19 en Chile,2022,S4210224278,https://doi.org/10.5209/infe.77850,Soledad Martínez Labrín; Bruno Bivort Urrutia; José Sandoval‐Díaz,2026-10-05 22:25
W4284890921,Numerical Investigation of the Scaling Effects for a Point Absorber,2022,S134216166,https://doi.org/10.3390/w14142156,Fabián Gonzalo Pierart; Joaquín Fernandez; Juan Olivos,2026-10-05 22:25
W4284899316,Agendas investigativas: Sensibilidad intercultural de los profesores y su efecto en la inclusión social de estudiantes migrantes en enseñanza básica.,2022,S4306400562,https://doi.org/10.5281/zenodo.6809041,Teresa Marinelly Agreda Sigindioy,2026-10-05 22:25
W4284960671,Artificial intelligence-based modeling of extruded aluminum beams subjected to patch loading,2022,S205118121,https://doi.org/10.1016/j.tws.2022.109673,Euro Casanova,2026-10-05 22:25
W4284993507,Technical and Environmental Opportunities for Freeze Desalination,2022,S4210218972,https://doi.org/10.1080/15422119.2022.2098504,Guillermo Petzold,2026-10-05 22:25
W4285007513,"La voz del Obispo: Eladio Vicuña, anticomunismo y Pánico Moral, 1955-1973",2022,S4210230081,https://doi.org/10.29393/rh29-14vomc20014,Cristián Leal Pino,2026-10-05 22:25
W4285007599,Numerical Analysis of the Seismic Performance of Light-Frame Timber Buildings Using a Detailed Model,2022,S4210191137,https://doi.org/10.3390/buildings12070981,Franco Benedetti; Alan Jara-Cisterna; Nicool Astroza; Alexander Opazo-Vega,2026-10-05 22:25
W4285009535,"Dyhidro-β-agarofurans natural and synthetic as acetylcholinesterase and COX inhibitors: interaction with the peripheral anionic site (AChE-PAS), and anti-inflammatory potentials",2022,S192603849,https://doi.org/10.1080/14756366.2022.2091554,Julio Alarcón; Evelyn Muñoz; Soledad Quiroz‐Carreño; Edgar Pastene; Carlos L. Céspedes,2026-10-05 22:25
W4285034660,Narrativas del acorralamiento. Identidad de Lugar en la Bahía de Coronel a partir de la reconversión productiva,2022,S4210230081,https://doi.org/10.29393/rh29-4nacf30004,José Sandoval‐Díaz,2026-10-05 22:25
W4285043621,"Body weight in relation to hours of sleep, and physical activity in Latin American university students during the Covid-19 pandemic",2022,S70371499,https://doi.org/10.1080/07448481.2022.2089848,Jacqueline Araneda,2026-10-05 22:25
W4285086937,"High pressure impregnation‐assisted drying of abalone ( Haliotis rufescens ) slices: Changes in protein conformation, thermal properties, and microstructure",2022,S188241495,https://doi.org/10.1111/jfpp.16924,Yamira Cepero‐Betancourt; Gipsy Tabilo‐Munizaga; Mario Pérez‐Won; Ricardo Villalobos‐Carvajal; Luis Moreno‐Osorio,2026-10-05 22:25
W4285120743,Implementation of Exact Linearization Technique for Modeling and Control of DC/DC Converters in Rural PV Microgrid Application,2022,S2485537415,https://doi.org/10.1109/access.2022.3178425,Jaime Rohten,2026-10-05 22:25
W4285163799,Motivation to Choose the Teaching Profession: the case of early access to the pedagogical program in Chile,2022,S2739092582,https://doi.org/10.1590/2175-6236109205vs02,Omar Turra-Díaz; Marcela Rivas-Valenzuela,2026-10-05 22:25
W4285180295,"Caracterización laboral de psicólogos noveles en educación de la región del Biobío, Chile",2022,S4210197790,https://doi.org/10.29035/ucmaule.62.79,Carlos Ossa Cornejo,2026-10-05 22:25
W4285203637,Motivaciones para la Elección de la Profesión Docente: el caso de un programa de acceso temprano a pedagogía en Chile,2022,S2739092582,https://doi.org/10.1590/2175-6236109205vs01,Omar Turra-Díaz; Marcela Rivas-Valenzuela,2026-10-05 22:25
W4285214768,Educación familiar mapuche: epistemes para el diálogo con la educación escolar,2022,S4210229652,https://doi.org/10.7764/pel.59.1.2022.1,Héctor Torres Cuevas,2026-10-05 22:25
W4285222219,Habilidades lingüísticas en un cerebro envejecido: revisión de estudios empíricos en adultos de tercera y cuarta edad cognitivamente sanos,2022,S147989425,https://doi.org/10.4067/s0071-17132022000100213,Carlos Rojas; Marilyn San Martín Cofré,2026-10-05 22:25
W4285287559,Del Afrontamiento Colectivo al Crecimiento Postraumático Comunitario: Análisis Mediacional del Empoderamiento ante un Desastre Climatológico,2022,S110868954,https://doi.org/10.7764/psykhe.2019.22345,José Sandoval‐Díaz,2026-10-05 22:25
W4285387742,Dietary Patterns and Dietary Recommendations Achievement From Latin American College Students During the COVID-19 Pandemic Lockdown,2022,S4210212157,https://doi.org/10.3389/fsufs.2022.836299,Jacqueline Araneda,2026-10-05 22:25
W4285393542,Inclusión educativa en el contexto de la formación de profesores en Chile,2022,S2738064548,https://doi.org/10.19083/ridu.2022.1582,Juan Cornejo Espejo,2026-10-05 22:25
W4285508918,"Activos, autónomos y contribuyentes: argumentos para la resignificación de las representaciones sociales sobre envejecimiento en Chile",2022,S4387283128,https://doi.org/10.7770/cuhso-v30n2-art1931,Carlos Rodríguez Garcés; Geraldo Padilla Fuentes; Javier Ávila-Bascuñán,2026-10-05 22:25
W4285610737,Transparencia corporativa sobre capital humano en empresas del retail del Mercado Integrado Latinoamericano (MILA),2022,S4393918062,https://doi.org/10.14349/sumneg/2022.v13.n28.a3,Fernando Andrés Morales Parada; Jacob Sáez Salazar,2026-10-05 22:25
W4285733334,Proposal on New Tariffs with a Price Option per Use Time: Application to the Cooperativa Eléctrica San Pedro de Atacama (CESPA) Microgrid in Chile,2022,S198098182,https://doi.org/10.3390/en15145151,Vladimir Esparza,2026-10-05 22:25
W4285744370,Efectos en la capacidad funcional de un programa de ejercicio físico terapéutico basado en telesalud en personas con diagnóstico de osteoartritis de rodilla y cadera,2022,S155962516,https://doi.org/10.4067/s0034-98872022000100033,Ximena Díaz-Martínez,2026-10-05 22:25
W4285765453,Movilidad cotidiana e interurbana en contextos de exclusión socioespacial al sur de Chile. Aportes para pensar los territorios no metropolitanos en América Latina,2022,S4387283128,https://doi.org/10.7770/cuhso-v29n2-art1903,Felipe Saravia,2026-10-05 22:25
W4286111423,Amphibian phylogenetic diversity in the face of future climate change: not so good news for the chilean biodiversity hotspot,2022,S5043789,https://doi.org/10.1007/s10531-022-02444-3,Marcela A. Vidal,2026-10-05 22:25
W4286239114,"Demandas emocionales, violencia laboral y salud mental según género en trabajadores de hospitales públicos chilenos",2022,S4210219893,https://doi.org/10.5027/psicoperspectivas-vol21-issue2-fulltext-2258,Andrea Palma; Elisa Ansoleaga,2026-10-05 22:25
W4286284659,Economic and technical analysis of CLT production facilities: an application to small and emerging markets,2022,S61428987,https://doi.org/10.1007/s00107-022-01846-y,Franco Benedetti; Víctor Rosales; Arnaldo Jélvez; Mario Núñez‐Decap; Alonso Rebolledo; Alan Jara-Cisterna,2026-10-05 22:25
W4286287457,"PROPERTIES AND OBTAINING COPPER, GOLD AND SILVER QUANTUM DOTS SUPPORTED IN CARBON NANOTUBES",2022,S114494114,https://doi.org/10.4067/s0717-97072022000205503,Galo Cárdenas-Triviño; Ivonne Monsalve-Arellano; Mario Núñez‐Decap,2026-10-05 22:25
W4286367231,En el corazón de la poesía: Pedro Lastra,2022,S42544253,https://doi.org/10.7764/tl70180-185,Universidad del Bío-Bío; Juan Gabriel Araya,2026-10-05 22:25
W4286466854,Comunes bioculturales y el kimün: experiencias turísticas de comunidades mapuche del Biobío,2022,S2737040730,https://doi.org/10.25145/j.pasos.2022.20.061,Magaly Mella Abalos; Universidad del Bío-Bío (Chile); Cristián Beroiza; Universidad Austral de Chile (Chile); Andrés Amigo,2026-10-05 22:25
W4286487973,A Discontinuous Galerkin Method for the Stationary Boussinesq System,2022,S2765013998,https://doi.org/10.1515/cmam-2022-0021,Eligio Colmenares; Ricardo Oyarzúa; Francisco Piña,2026-10-05 22:25
W4286502884,Assessments of Ceanothanes Triterpenes as Cholinesterase Inhibitors: An Investigation of Potential Agents with Novel Inspiration for Drug Treatment of Neurodegenerative Diseases,2022,S2764402194,https://doi.org/10.3390/metabo12070668,Evelyn Muñoz; Soledad Quiroz‐Carreño; Edgar Pastene; Carlos L. Céspedes; Julio Alarcón,2026-10-05 22:25
W4286506519,Expresiones de violencia epistémica en la formación inicial docente,2022,S2737940936,https://doi.org/10.17227/pys.num57-14365,Marcela Rivas-Valenzuela,2026-10-05 22:25
W4286521933,Análisis de la miel de abeja en Chile: un estudio de caso en el sector apícola,2022,S4210234059,https://doi.org/10.18041/1900-3803/entramado.2.8625,Patricia Carolina Huerta Riveros; Carolina Oliva-Jara; Jocabed Pulido-Garcés; Carolina Elena Leyton Pavez,2026-10-05 22:25
W4286525471,Significados docentes en la construcción de conocimiento en investigación para la formación inicial de profesores de historia y geografía. Emergencia de la co-construcción,2022,S2738274098,https://doi.org/10.17227/rce.num85-11758,Omar Turra-Díaz,2026-10-05 22:25
W4286655671,Incidencia del confort térmico en espacios públicos: Caso del borde costero del Bío Bío,2022,S4210209653,https://doi.org/10.4206/aus.2022.n31-10,Natalia Toledo Hernández; Sergio Baeriswyl Rada,2026-10-05 22:25
W4288052180,Transverse permeability in Eucalyptus nitens wood specimens,2022,S37840076,https://doi.org/10.1080/17480272.2022.2102436,Rubén A. Ananías; Natalia Pérez-Peña; L. Salvo,2026-10-05 22:25
W4288054527,Percepción de la calidad de vida en para-deportistas y no deportistas chilenos con lesión cerebral,2022,S2738961148,https://doi.org/10.15517/pensarmov.v20i2.49229,Luis Felipe Castelli Correia de Campos,2026-10-05 22:25
W4288065225,Risk Factors and Gender Differences for Depression in Chilean Older Adults: A Cross-Sectional Analysis from the National Health Survey 2016–2017,2022,S2764534856,https://doi.org/10.32604/ijmhp.2022.020105,Ximena D韆z-Mart韓ez,2026-10-05 22:25
W4288074206,Polymer affinity with quartz (1 0 1) surface in saline solutions: A molecular dynamics study,2022,S181849944,https://doi.org/10.1016/j.mineng.2022.107750,Jorge H. Saavedra,2026-10-05 22:25
W4288686318,Evaluation of twisted Gaussian Schell model beams produced with phase randomized coherent fields,2022,S128936867,https://doi.org/10.1088/2040-8986/ac8562,Gustavo Cañas,2026-10-05 22:25
W4288717971,Estimation of Endogenous Volatility Models with Exponential Trends,2022,S4210192031,https://doi.org/10.3390/math10152647,Juan Bobenrieth,2026-10-05 22:25
W4289110748,Energy Poverty Evaluation Using a Three-Dimensional and Territorial Indicator: A Case Study in Chile,2022,S4210191137,https://doi.org/10.3390/buildings12081125,Alexis Pérez-Fargallo; Matías Leyton-Vergara; Paulina Wegertseder,2026-10-05 22:25
W4289515916,What can we learn about the natural disasters and multidimensional poverty link for artisanal fishery in Chile?,2022,S56205983,https://doi.org/10.1016/j.marpol.2022.105225,Juan Rosas-Muñoz,2026-10-05 22:25
W4289520504,Maternal Factors Associated with Non-Exclusive Breastfeeding in Haitian Immigrant Women in Southern Chile,2022,S110785341,https://doi.org/10.3390/nu14153173,Alejandra Rodríguez‐Fernández; Ximena Sanhueza-Riquelme; Gloria Cárcamo-Vargas; Julio Parra‐Flores; Marcela Ruíz-De la Fuente; Eduard Antonio Maury-Sintjago,2026-10-05 22:25
W4289524175,Cyclopeptide Alkaloids from Discaria chacaye (Rhamnaceae) as Result of Symbiosis with Frankia (Actinomycetales),2022,S206700086,https://doi.org/10.1002/cbdv.202200630,Soledad Quiroz‐Carreño; Evelyn Muñoz; Edgar Pastene; Carlos L. Céspedes; Julio Alarcón,2026-10-05 22:25
W4289525697,A robust quantitative approach for laser speckle contrast imaging perfusion analysis revealed anomalies in the brain blood flow in offspring mice of preeclampsia,2022,S174346720,https://doi.org/10.1016/j.mvr.2022.104418,Patricio Cumsille; Evelyn Lara; Jesenia Acurio; Carlos Escudero,2026-10-05 22:25
W4289531418,Clima escolar y factores asociados: modelo predictivo de ecuaciones estructurales,2022,S4210208181,https://doi.org/10.18800/psico.202202.002,José Sandoval‐Díaz,2026-10-05 22:25
W4289646288,Predictive expressions for withdrawal force capacity of various size of dowels from particleboard and medium density fiberboard,2022,S967659979,https://doi.org/10.4067/s0718-221x2022000100436,Mehmet Yüksel,2026-10-05 22:25
W4289787365,Brain Vascular Dysfunction in Mothers and Their Children Exposed to Preeclampsia,2022,S67880631,https://doi.org/10.1161/hypertensionaha.122.19408,Carlos Escudero; Belén Ibáñez; Hermes Sandoval; Felipe Troncoso; Jesenia Acurio,2026-10-05 22:25
W4289856623,Current threats faced by amphibian populations in the southern cone of South America,2022,S77407326,https://doi.org/10.1016/j.jnc.2022.126254,Marcela A. Vidal,2026-10-05 22:25
W4289942392,Predictive Equation to Estimate Resting Metabolic Rate in Older Chilean Women,2022,S110785341,https://doi.org/10.3390/nu14153199,Eduard Antonio Maury-Sintjago; Carmen Luz Muñoz-Mendoza; Alejandra Rodríguez‐Fernández; Marcela Ruíz-De la Fuente,2026-10-05 22:25
W4290643241,Consumo sustentable en Chile: una aproximación a los objetivos de desarrollo sostenible (ODS),2022,S4210213702,https://doi.org/10.4067/s0718-07642022000400181,Omar Acuña-Moraga; Constanza Stuardo-Solar,2026-10-05 22:25
W4291110904,Evaluation of La0.8 Sr0·2MnO3 perovskite prepared by fast solution combustion,2022,S106928643,https://doi.org/10.1016/j.ceramint.2022.08.105,Christopher Salvo,2026-10-05 22:25
W4291535753,PRÁCTICAS SEXUALES Y CONDUCTAS SEXUALES DE RIESGO EN LA JUVENTUD CHILENA,2022,S4210168080,https://doi.org/10.37618/paradigma.1011-2251.2022.p723-739.id1074,Carlos Rodríguez Garcés; Geraldo Padilla Fuentes; Muriel Muñoz Ibáñez,2026-10-05 22:25
W4291606390,HPLC-MS/MS targeting analysis of phenolics metabolism and antioxidant activity of extractions from Lycium barbarum and its meal using different methods,2022,S4210223135,https://doi.org/10.1590/fst.71022,Carlos L. Céspedes,2026-10-05 22:25
W4291710784,Sirex noctilio infestation led to inevitable pine death despite activating pathways involved in tolerance,2022,S88226677,https://doi.org/10.1016/j.phytochem.2022.113350,Luis Ernesto Arteaga-Pérez,2026-10-05 22:25
W4292103870,Physical activity habits and their relationship with sociodemographic factors in Chilean adolescents,2022,S9692511,https://doi.org/10.3389/fpsyg.2022.915314,Jaime Pacheco-Carrillo,2026-10-05 22:25
W4292622687,Channel hopping for blind rendezvous in cognitive radio networks: A review,2022,S115004586,https://doi.org/10.1016/j.comcom.2022.08.011,Cristian Durán-Faúndez,2026-10-05 22:25
W4292651664,A Posteriori Analysis for a Mixed FEM Discretization of the Linear Elasticity Spectral Problem,2022,S151550017,https://doi.org/10.1007/s10915-022-01972-y,Felipe Lepe; Jesus Vellojin,2026-10-05 22:25
W4292796913,"Subalternidad, antagonismo y autonomía de la infancia: Análisis para el reconocimiento de su subjetividad política desde su potencial de multitud",2022,S4306400562,https://doi.org/10.5281/zenodo.7015942,Isaac Ruiz Muñoz,2026-10-05 22:25
W4292814090,Experiencia en la implementación de un modelo de dirección estratégica en educación superior,2022,S2739091560,https://doi.org/10.21703/0718-5162.v21.n46.2022.014,Patricia Carolina Huerta Riveros; Héctor Gaete Feres; Miguel Yáñez; Carolina Elena Leyton Pavez,2026-10-05 22:25
W4292941877,Machine learning-based models for gestational diabetes mellitus prediction before 24–28 weeks of pregnancy: A review,2022,S42468263,https://doi.org/10.1016/j.artmed.2022.102378,Andres Felipe Rodriguez,2026-10-05 22:25
W4292961205,Preliminary study of particleboards manufactured with pine cones and Eucalyptus globulus capsules with a bio‐based polyurethane adhesive,2022,S156806727,https://doi.org/10.1002/pc.26995,Mario Núñez‐Decap,2026-10-05 22:25
W4293053019,A Numerical Method for a Heat Conduction Model in a Double-Pane Window,2022,S4210173132,https://doi.org/10.3390/axioms11080422,Aníbal Coronel; Esperanza Lozada; Alex Tello,2026-10-05 22:25
W4293065400,"Capacidades y capital social ante un riesgo natural en personas mayores: el caso del Complejo Volcánico Nevados de Chillán, Chile",2022,S4210200304,https://doi.org/10.19053/01233769.13434,José Sandoval‐Díaz; Saron Rosa Monsalves-Peña; Vivana Vejar Valles,2026-10-05 22:25
W4293077095,Effect of 0.5% CNT reinforcement of a glass fiber composite on strength and cyclic damage induced by transverse and out-of-plane compressive loads,2022,S21859746,https://doi.org/10.1177/00219983221106522,Ángelo Oñate,2026-10-05 22:25
W4293092018,Intragender Violence: An Approach from LGBTIQ+ University Students in Chile,2022,S4210207474,https://doi.org/10.23880/mhrij-16000188,José Luis Salas-Herrera,2026-10-05 22:25
W4293199761,"Logarithmic corrections, entanglement entropy, and UV cutoffs in de Sitter spacetime",2022,S187585107,https://doi.org/10.1007/jhep08(2022)261,Per Sundell,2026-10-05 22:25
W4293229198,Time-dependent step-like potential with a freezable bound state in the continuum,2022,S4210217363,https://doi.org/10.14311/ap.2022.62.0056,Alfredo Raya Montaño,2026-10-05 22:25
W4293239677,"Coping With Dynamism: Phylogenetics and Phylogeographic Analyses Reveal Cryptic Diversity in Heleobia Snails of Atacama Saltpan, Chile",2022,S2597028195,https://doi.org/10.3389/fevo.2022.869626,Moisés A. Valladares; Gonzalo A. Collado,2026-10-05 22:25
W4293243098,Topological mixing notions on Turing machine dynamical systems,2022,S59933527,https://doi.org/10.1016/j.ic.2022.104915,Rodrigo Torres-Avilés,2026-10-05 22:25
W4293373542,Preliminary study of the photodegradation of dyes using amorphous films of ZnO-CuO obtained by photochemical deposition in solid phase,2022,S87561820,https://doi.org/10.1007/s11356-022-22703-8,Arturo Fernández-Pérez; Luis Fernández; G. Cabello,2026-10-05 22:25
W4293384749,"Upwelling Shadows Driven by the Low‐Level Jet Along the Subtropical West Coast of South America: Gulf of Arauco, Chile",2022,S4210200322,https://doi.org/10.1029/2021jc017979,Richard Muñoz,2026-10-05 22:25
W4293419841,Reflective Processes Promoted in the Practicum Tutoring and Pedagogical Knowledge Obtained by Teachers in Initial Training,2022,S2738008561,https://doi.org/10.3390/educsci12090583,Carolina Flores Lueg,2026-10-05 22:25
W4293473571,Aprendizaje Basado en Proyectos: Experiencia interdisciplinar entre Inglés y Diseño Gráfico en pregrado,2022,S2739091560,https://doi.org/10.21703/0718-5162.v21.n46.2022.023,Jessica Vega-Abarzúa; Claudia Pleguezuelos Saavedra,2026-10-05 22:25
W4293483931,¿El compromiso con la comunidad influye en la autoeficacia de los trabajadores municipales?,2022,S4210188556,https://doi.org/10.35588/gpt.v15i44.5644,María Margarita Chiang Vega; Felipe Andrés Vera Castillo; María José Rivera Cerda,2026-10-05 22:25
W4293531054,"An Alternative Study about the Geometry and the First Law of Thermodynamics for AdS Lovelock Gravity, Using the Definition of Conserved Charges",2022,S195231649,https://doi.org/10.3390/e24091197,Pablo Pereira,2026-10-05 22:25
W4293661260,The Global Pregnancy Collaboration (CoLab) symposium on short- and long-term outcomes in offspring whose mothers had preeclampsia: A scoping review of clinical evidence,2022,S2597052008,https://doi.org/10.3389/fmed.2022.984291,Carlos Escudero,2026-10-05 22:25
W4293797187,Evaluación de un programa de desarrollo personal para estudiantado chileno de educación secundaria,2022,S2738618503,https://doi.org/10.15359/ree.26-3.19,Nelly Lagos San Martín; Víctor Hermosilla-Cabrera; Maritza Palma; Carlos Ossa Cornejo,2026-10-05 22:25
W4293809593,The aging of ER-mitochondria communication: A journey from undifferentiated to aged cells,2022,S2596924766,https://doi.org/10.3389/fcell.2022.946678,Lautaro Briones,2026-10-05 22:25
W4294032017,Promoting pedagogy students’s scientific skills through critical thinking program,2022,S4210229416,https://doi.org/10.25115/ejrep.v20i57.5272,Carlos Ossa Cornejo; Maritza Palma,2026-10-05 22:25
W4294816610,Alimentación en tiempo restringido: Efectos cardiometabólicos en adultos con exceso de peso,2022,S4210227418,https://doi.org/10.4067/s0717-75182022000500486,Juan Carlos Bórquez; Edson Yáñez-Barros; Frank Carrera-Gil; Lautaro Briones,2026-10-05 22:25
W4294816647,"Malnutrición por exceso en niños de 5 a 10 años y su asociación con el estado nutricional pre y gestacional, lactancia materna y patología materna",2022,S4210227418,https://doi.org/10.4067/s0717-75182022000500468,Jocelyn Rivera; Liudba Rojas; Eduard Maury-Sintjago; Alejandra Rodríguez-Fernández; Julio Parra‐Flores,2026-10-05 22:25
W4294897952,"Effect of plant growth regulators on alkaloid the production in cell cultures of Chilean Amaryllidaceae: Rhodophiala pratensis, Rhodophiala splendens, Rhodophiala advena, and Rhodolirium speciosum",2022,S32261165,https://doi.org/10.1007/s11240-022-02368-4,Diana Isabel Correa; Edgar Pastene; Julio Alarcón,2026-10-05 22:25
W4295035133,The general Two-Higgs Doublet Model in a gauge-invariant form,2022,S187585107,https://doi.org/10.1007/jhep12(2022)051,M. Maniatis,2026-10-05 22:25
W4295093461,Food web of Mocha Island (Chile) reveals the interaction between the invasive Rattus rattus and the endemic anuran Eupsophus insularis,2022,S207083915,https://doi.org/10.1007/s10530-022-02905-4,Marcela A. Vidal,2026-10-05 22:25
W4295338730,Texto escolar y comprensión,2022,S1033826045,https://doi.org/10.1075/resla.20025.iba,Fernando Moncada,2026-10-05 22:25
W4295364807,"Teach me to play, gamer! Imitative learning in computer games via linguistic description of complex phenomena and decision trees",2022,S65753830,https://doi.org/10.1007/s00500-022-07476-z,Clemente Rubio-Manzano; Tomás Lermanda; Christian Vidal; Alejandra Segura-Navarrete,2026-10-05 22:25
W4295598621,Classification of Behavior Profiles for Non-Residential Customers Considering the Variable of Electrical Energy Consumption: Case Study—SAESA Group S.A. Company,2022,S198098182,https://doi.org/10.3390/en15186634,Vladimir Esparza; Jaime Rohten,2026-10-05 22:25
W4295885534,Factores que impactan en la calidad de vida y su incidencia en las directrices sanitarias,2022,S4210218116,https://doi.org/10.17151/hpsal.2022.27.2.10,Patricia Carolina Huerta Riveros; Miguel Yáñez Alvarado; Carolina Elena Leyton Pavez,2026-10-05 22:25
W4295922862,Error estimates for a vorticity-based velocity–stress formulation of the Stokes eigenvalue problem,2022,S165473669,https://doi.org/10.1016/j.cam.2022.114798,Felipe Lepe; Jesus Vellojin,2026-10-05 22:25
W4295992982,Sensitivity of Empirical Equation Parameters for the Calculation of Time of Concentration in Urbanized Watersheds,2022,S134216166,https://doi.org/10.3390/w14182847,Rodrigo Linfati,2026-10-05 22:25
W4296070628,Bayesian inference of spectrometric data and validation with numerical simulations of plasma sheath diagnostics of a plasma focus discharge,2022,S196734849,https://doi.org/10.1038/s41598-022-19764-7,Nelson Villalba,2026-10-05 22:25
W4296087199,Percepciones de estudiantes de educación secundaria sobre los derechos de personas migrantes,2022,S144374558,https://doi.org/10.19137/praxiseducativa-2022-260315,Universidad de Concepción; Carlos Muñóz Labraña; Chile; Bastián Torres Durán; Carlos Muñoz Grandón,2026-10-05 22:25
W4296095759,A Molecular Dynamics Simulation of Polymers’ Interactions with Kaolinite (010) Surfaces in Saline Solutions,2022,S123288148,https://doi.org/10.3390/polym14183851,Gonzalo R. Quezada; Jorge H. Saavedra,2026-10-05 22:25
W4296101823,Emotions in Hospital School Professionals: An Approach from Cognitive Linguistics,2022,S2736895435,https://doi.org/10.3390/children9091395,Álvaro Javier González Concha; Ana Andrea Gajardo Rodríguez; Macarena Del Pilar Gallardo Gómez,2026-10-05 22:25
W4296125073,Continental shelf off northern Chilean Patagonia: A potential risk zone for the onset of Alexandrium catenella toxic bloom?,2022,S101229256,https://doi.org/10.1016/j.marpolbul.2022.114103,Gonzalo S. Saldías,2026-10-05 22:25
W4296142233,Predictors of the Level of Physical Activity in Physically Active Older People,2022,S4210194710,https://doi.org/10.3390/bs12090331,Ximena Díaz-Martínez,2026-10-05 22:25
W4296189003,"Algal degradation of microplastic from the environment: Mechanism, challenges, and future prospects",2022,S2502055758,https://doi.org/10.1016/j.algal.2022.102848,Matias Soto-Moscoso,2026-10-05 22:25
W4296591983,"Production of limonene from waste tires via catalytic fast pyrolysis: a statistical–based screening on Ni-, Pd-, Co-, and Fe-supported catalysts",2022,S2764923638,https://doi.org/10.1007/s13399-022-03277-4,Tamara Menares; Felipe Sobrevía; Luis Ernesto Arteaga-Pérez,2026-10-05 22:25
W4296641468,Preparation of LSGM electrolyte via fast combustion method and analysis of electrical properties for ReSOC.,2022,S64104838,https://doi.org/10.1007/s10832-022-00294-7,Christopher Salvo,2026-10-05 22:25
W4296644779,"Using tungstophosphoric acid-modified CeO2, TiO2, and SiO2 catalysts to promote secondary reactions leading to aromatics during waste tire pyrolysis",2022,S2764968843,https://doi.org/10.1016/j.mcat.2022.112682,Serguei Alejandro-Martín; Jorge Poblete; Luis Ernesto Arteaga-Pérez,2026-10-05 22:25
W4296701032,Reductive amination of phenol over Pd-based catalysts: elucidating the role of the support and metal nanoparticle size,2022,S2764466794,https://doi.org/10.1039/d2re00259k,Maray Ortega; Raydel Manrique; Luis Ernesto Arteaga-Pérez,2026-10-05 22:25
W4296764421,"Food insecurity and its determinants in a vulnerable area of Santiago, Chile",2022,S4210212157,https://doi.org/10.3389/fsufs.2022.924921,Jacqueline Alejandra Araneda-Flores,2026-10-05 22:25
W4296794168,Stability Analysis of Two Power Converters Control Algorithms Connected to Micro-Grids with Wide Frequency Variation,2022,S101949793,https://doi.org/10.3390/s22187078,Jaime Rohten,2026-10-05 22:25
W4297492312,Segregación residencial y políticas urbanas: convergencias y contrastes entre Barcelona y Santiago de Chile,2022,S4210208503,https://doi.org/10.5565/rev/dag.753,Francisco Sabatini,2026-10-05 22:25
W4297799129,Symmetric periodic solutions of symmetric Hamiltonians in 1 : 1 resonance,2022,S89452420,https://doi.org/10.1002/mma.8622,Yocelyn Pérez Rothen; Cláudio Vidal,2026-10-05 22:25
W4297820439,antropología del padre,2022,S4306526556,https://doi.org/10.17561/rae.v22.6571,Miguel Alvarado Borgoño,2026-10-05 22:25
W4297821470,Use of crowdfunding in Chile: an exploratory approach,2022,S72326750,https://doi.org/10.4067/s0718-27242022000200021,Edinson Cornejo-Saavedra,2026-10-05 22:25
W4297833140,Assessing the effectiveness of quarantine measures during the COVID-19 pandemic in Chile using Bayesian structural time series models,2022,S2898427929,https://doi.org/10.1016/j.idm.2022.08.007,Bernardo M. Lagos-Álvarez,2026-10-05 22:25
W4297855283,Chilean reference of length at birth,2022,S179381287,https://doi.org/10.1002/ajhb.23800,Eduard Antonio Maury-Sintjago,2026-10-05 22:25
W4297965098,Healthy Lifestyle Habits in Latin American University Students during COVID-19 Pandemic: A Multi-Center Study,2022,S4210233975,https://doi.org/10.1080/27697061.2022.2115429,Jacqueline Araneda,2026-10-05 22:25
W4298006154,Rankings universitarios e influencia en el desempeño: Comparando perspectivas en Chile y Venezuela,2022,S2736647864,https://doi.org/10.17163/ret.n24.2022.01,Carlos Mauricio Salazar Botello,2026-10-05 22:25
W4298143122,Visual word recognition among oldest old people: The effect of age and cognitive load,2022,S118428158,https://doi.org/10.3389/fnagi.2022.1007048,Carlos Rojas,2026-10-05 22:25
W4298144059,A Posteriori Error Analysis of a Mixed Finite Element Method for the Coupled Brinkman–Forchheimer and Double-Diffusion Equations,2022,S151550017,https://doi.org/10.1007/s10915-022-02010-7,Ricardo Oyarzúa,2026-10-05 22:25
W4298870033,"AUTOIMAGEN Y VALORACIÓN SOCIAL REPRESENTADA SOBRE LA PROFESIÓN DOCENTE, EN ESTUDIANTES QUE INGRESAN A ESTUDIAR PEDAGOGÍA EN UNIVERSIDADES REGIONALES DEL ESTADO DE CHILE",2022,S4210175259,https://doi.org/10.4067/s0719-26812022000100137,Pedro Sandoval Rubilar; Raúl Antonio Bustos González,2026-10-05 22:25
W4300171859,Evualuación del Programa Cero en un CESFAM del Sur de Chile,2022,S2764532090,https://doi.org/10.4067/s0718-381x2022000200273,Olivia Muñoz; Jacqueline Araneda,2026-10-05 22:25
W4300500019,CARACTERIZACIÓN DEL ALUMNADO EXTRANJERO Y LA VALORACIÓN DEL PATRIMONIO CULTURAL COMO CONTENIDO DESCOLONIZADOR PARA LA EDUCACIÓN INTERCULTURAL,2022,S4210175259,https://doi.org/10.4067/s0719-26812022000100068,Miguel Claudio Friz Carrillo,2026-10-05 22:25
W4300520421,Evaluación de la calidad de datos abiertos en el contexto municipal: Una revisión sistemática de la literatura,2022,S4210222220,https://doi.org/10.4067/s0718-33052022000200255,Alejandro Troncoso-González; Alfonso Rodríguez; L Caro,2026-10-05 22:25
W4300594410,"Racionalidad neoliberal, Estado tecnocrático y subalternidad dela infancia chilena. Un desafío de transformación/intervención para el Trabajo Social",2022,S4393915645,https://doi.org/10.53689/int.v12i1.143,Isaac Ruiz Muñoz,2026-10-05 22:25
W4300688262,Scheduling mobile dental clinics: A heuristic approach considering fairness among school districts,2022,S59475652,https://doi.org/10.1007/s10729-022-09612-5,Guillermo Latorre-Núñez; Carlos Obreque,2026-10-05 22:25
W4300772386,Relevance of sludge management practices and substance modeling in LCA for decision-making: A case study in Chile,2022,S44455300,https://doi.org/10.1016/j.jenvman.2022.116357,Patricio Neumann; Cristian Riquelme,2026-10-05 22:25
W4301478441,"EL ARAUCANO COMO ""OTRO"" EN EL PENSAMIENTO Y ENSEÑANZA HISTÓRICA EN CHILE. NOTAS SOBRE LA CONSTRUCCIÓN DE UN IMAGINARIO SOCIAL Y SU DIFUSIÓN ESCOLAR",2022,S4210175259,https://doi.org/10.4067/s0719-26812022000100055,Omar Turra-Díaz,2026-10-05 22:25
W4302468414,From Trees to Skyscrapers: Holistic Review of the Advances and Limitations of Multi-Storey Timber Buildings,2022,S4210191137,https://doi.org/10.3390/buildings12081263,Marcelo González-Retamal; Eric Forcael; Gerardo Saelzer-Fuica; Mauricio Vargas-Mosqueda,2026-10-05 22:25
W4302775085,Analysis of a new mixed FEM for stationary incompressible magneto-hydrodynamics,2022,S4210205691,https://doi.org/10.1016/j.camwa.2022.09.017,Ricardo Oyarzúa,2026-10-05 22:25
W4303437996,Effect of the continental shelf in seasonal oceanographic conditions at the Northern edge of the Eastern Tropical Pacific,2022,S113313948,https://doi.org/10.1016/j.asr.2022.10.002,Luis Soto-Mardones,2026-10-05 22:25
W4303629137,Existence and non-existence of global solutions for a heat equation with degenerate coefficients,2022,S4210233539,https://doi.org/10.1007/s42985-022-00210-2,Ricardo Castillo,2026-10-05 22:25
W4303644859,Analyses of Impregnation Quality and Mechanical Properties of Radiata Pine Wood Treated with Copper Nanoparticle- and Micronized-Copper-Based Wood Preservatives,2022,S71324801,https://doi.org/10.3390/f13101636,María Graciela Aguayo; Oswaldo Erazo; Claudio Montero; Laura Reyes; William Gacitúa,2026-10-05 22:25
W4304184391,Mathematical Models for the Vehicle Routing Problem by Considering Balancing Load and Customer Compactness,2022,S10134376,https://doi.org/10.3390/su141912937,Rodrigo Linfati; Fernando Yáñez-Concha,2026-10-05 22:25
W4304614662,Potential use of banana peel (Musa cavendish) as ingredient for pasta and bakery products,2022,S2898612692,https://doi.org/10.1016/j.heliyon.2022.e11044,Orietta Segura-Badilla,2026-10-05 22:25
W4304698329,Global hotspots for soil nature conservation,2022,S137773608,https://doi.org/10.1038/s41586-022-05292-x,Cristian Torres‐Díaz,2026-10-05 22:25
W4306146954,Kinetics of rapid growth and melting of Al50Ni50 alloying crystals: phase field theory versus atomistic simulations revisited *,2022,S190924190,https://doi.org/10.1088/1361-648x/ac9a1c,Roberto E. Rozas,2026-10-05 22:25
W4306155588,Disentangling species-specific krill responses to local oceanography and predator’s biomass: The case of the Humboldt krill and the Peruvian anchovy,2022,S2596539584,https://doi.org/10.3389/fmars.2022.979984,Gonzalo S. Saldías,2026-10-05 22:25
W4306181667,Mercadeo socialmente responsable y desafíos estratégicos: percepción de los consumidores de empresas de comercio minorista en Chile,2022,S4210213702,https://doi.org/10.4067/s0718-07642022000500103,Nataly Andrea Guiñez-Cabrera,2026-10-05 22:25
W4306382135,"Acceptance of Social Networking Sites by Older People before and after COVID-19 Confinement: A Repeated Cross-Sectional Study in Chile, Using the Theory of Planned Behaviour (TPB)",2022,S15239247,https://doi.org/10.3390/ijerph192013355,Elizabeth E. Grandón,2026-10-05 22:25
W4306399544,Evaluation of the Orthotropic Behavior in an Auxetic Structure Based on a Novel Design Parameter of a Square Cell with Re-Entrant Struts,2022,S123288148,https://doi.org/10.3390/polym14204325,César Garrido,2026-10-05 22:25
W4306742206,Bibliometric Analysis of the Green Gluing Technique (2000–2020): Trends and Perspectives,2022,S71324801,https://doi.org/10.3390/f13101714,Claudio Montero; Víctor Rosales,2026-10-05 22:25
W4306749336,"Constitutive and inducible defense in Eucalyptus determines the feeding host of Gonipterus platensis, denoting specific plant-insect coevolution and a strategy for resistance improvement",2022,S178362034,https://doi.org/10.1016/j.indcrop.2022.115811,Luis Ernesto Arteaga-Pérez,2026-10-05 22:25
W4306778213,Environmental and economic criteria in early phases of building design through Building Information Modeling: A workflow exploration in developing countries,2022,S56464651,https://doi.org/10.1016/j.buildenv.2022.109718,Ileana Berges-Alvarez; Claudia Muñoz-Sanguinetti; Sebastián Giraldi; Laura Marín-Restrepo,2026-10-05 22:25
W4306849868,The GPI-Anchored Protein Thy-1/CD90 Promotes Wound Healing upon Injury to the Skin by Enhancing Skin Perfusion,2022,S10623703,https://doi.org/10.3390/ijms232012539,José Manuel León Pino; Juan López; Carlos Escudero,2026-10-05 22:25
W4306850770,Testing of a new high voltage electrical discharge generator prototype at high frequencies to assist anthocyanin extraction from blueberries,2022,S2764726840,https://doi.org/10.1016/j.fbio.2022.102127,R. Díaz-Álvarez; Luis A. Segura‐Ponce,2026-10-05 22:25
W4306871267,"Nuevos registros para la funga afiloforoide (Basidiomycota, Agaricomycotina) de Chile",2022,S4210167646,https://doi.org/10.30550/j.lil/2022.59.s/2022.08.07,Jaime R. Cabrera‐Pardo,2026-10-05 22:25
W4306941853,Effects of Food and Liquid Properties on Swallowing Physiology and Function in Adults,2022,S152176358,https://doi.org/10.1007/s00455-022-10525-2,Rodolfo E. Peña-Chávez,2026-10-05 22:25
W4307250435,Dynamics and statefinder analysis of a class of sign-changeable interacting dark energy scenarios,2022,S94052278,https://doi.org/10.1140/epjc/s10052-022-10898-6,Antonella Cid,2026-10-05 22:25
W4307262481,Development and Validation of a Set of Instruments to Measure Food Environments,2022,S15239247,https://doi.org/10.3390/ijerph192113806,Jacqueline Alejandra Araneda-Flores; Patricio Oliva Moresco; Gladys Quezada-Figueroa; Luz Lobos-Fernández,2026-10-05 22:25
W4307265334,Circular Economy Strategies with Social Implications: Findings from a Case Study,2022,S10134376,https://doi.org/10.3390/su142013658,Nataly Andrea Guiñez-Cabrera,2026-10-05 22:25
W4307265851,Perception of Healthy Organizational Practices of Workers in the Chilean Educational Sector and Impact on Their Levels of Engagement and Burnout,2022,S10134376,https://doi.org/10.3390/su142013671,Álvaro Acuña-Hormazábal,2026-10-05 22:25
W4307268209,An Implicit Formulation for Calculating Final Conditions in Drainage Maneuvers in Pressurized Water Installations,2022,S134216166,https://doi.org/10.3390/w14213364,Rodrigo Linfati,2026-10-05 22:25
W4307270942,Association between Homophobia and Sociodemographic Characteristics in Health Workers in Southern Chile,2022,S15239247,https://doi.org/10.3390/ijerph192113749,Oscar Oyarce-Vildósola; Alejandra Rodríguez‐Fernández; Eduard Antonio Maury-Sintjago,2026-10-05 22:25
W4307303287,Development of Variable Residential Buildings with 3D-Printed Walls,2022,S4210191137,https://doi.org/10.3390/buildings12111796,Rodrigo García Álvarado; Ginnia Moroni; Pablo Banda,2026-10-05 22:25
W4307358207,Drimane Sesquiterpene Alcohols with Activity against Candida Yeast Obtained by Biotransformation with Cladosporium antarcticum,2022,S10623703,https://doi.org/10.3390/ijms232112995,Jaime R. Cabrera‐Pardo,2026-10-05 22:25
W4307375855,Ambiente alimentar e excesso de peso em escolares: uma revisão sistemática sul-americana,2022,S4210196923,https://doi.org/10.26633/rpsp.2022.164,Jacqueline Alejandra Araneda-Flores,2026-10-05 22:25
W4307555541,"Physical Fitness, Screen Time and Sleep Habits According to Obesity Levels in Schoolchildren: Findings from the Health Survey of the Extreme South of Chile",2022,S15239247,https://doi.org/10.3390/ijerph192013690,Solange Liliana Parra-Soto,2026-10-05 22:25
W4307623780,"Socially Sustainable Accessibility to Goods and Services in the Metropolitan Area of Concepción, Chile, Post-COVID-19",2022,S10134376,https://doi.org/10.3390/su142114042,Francisco Núñez; Elias Albornoz Del Valle,2026-10-05 22:25
W4307690456,"Experimental study of the methane and producer gas blends in an optical spark ignition engine: Combustion characteristics, thermodynamics and emissions",2022,S53651343,https://doi.org/10.1177/14680874221131117,Daniel Travieso Pedroso,2026-10-05 22:25
W4307703032,Probabilistic thinking in prospective teachers from the use of TinkerPlots for simulation: Hat problem,2022,S4210210051,https://doi.org/10.33902/jpr.202217461,Francisco Rodríguez-Alveal,2026-10-05 22:25
W4307960381,Species movements within biogeographic regions: exploring the distribution of transplanted mollusc species in South America,2022,S207083915,https://doi.org/10.1007/s10530-022-02942-z,Gonzalo A. Collado,2026-10-05 22:25
W4308000485,Association between Poor Oral Health and Frailty in Middle-Aged and Older Individuals: A Cross-Sectional National Study,2022,S94854268,https://doi.org/10.1007/s12603-022-1858-9,Solange Liliana Parra-Soto,2026-10-05 22:25
W4308033717,Enhanced erosion resistance of anti-reflective TiO2/SiO2 coatings induced by Zr-oxide doping,2022,S166040772,https://doi.org/10.1016/j.solmat.2022.112079,Paulina Valenzuela; William Gacitúa,2026-10-05 22:25
W4308121628,El saber práctico del profesorado: una revisión sistemática de la investigación actual,2022,S4210232918,https://doi.org/10.4151/07189729-vol.61-iss.3-art.1246,Alejandra Sáez-Lantaño; Alejandra Nocetti de la Barra,2026-10-05 22:25
W4308292417,Long term environmental variability modulates the epigenetics of maternal traits of kelp crabs in the coast of Chile,2022,S196734849,https://doi.org/10.1038/s41598-022-23165-1,Gonzalo S. Saldías,2026-10-05 22:25
W4308334885,Disciplinary Categorization of the Cattle Supply Chain—A Review and Bibliometric Analysis,2022,S10134376,https://doi.org/10.3390/su142114275,Rodrigo Linfati,2026-10-05 22:25
W4308404639,Effect of barium on LSGM electrolyte prepared by fast combustion method for solid oxide fuel cells (SOFC),2022,S2764592206,https://doi.org/10.1557/s43580-022-00373-5,Christopher Salvo,2026-10-05 22:25
W4308432383,Revisión integrativa de la calidad de vida en el trabajo de enfermeras latinoamericanas,2022,S2736309709,https://doi.org/10.22235/ech.v11i2.2905,Juan Pablo Hidalgo-Ortiz,2026-10-05 22:25
W4308481524,"Tree-level unitarity, causality, and higher-order Lorentz and CPT violation",2022,S4210238307,https://doi.org/10.1103/physrevd.106.095006,Carlos M. Reyes; César Riquelme,2026-10-05 22:25
W4308522291,Models to Predict the Number of Infected Cases and Deaths from COVID‐19 in Chile and Its Most Affected Regions,2022,S130298280,https://doi.org/10.1155/2022/1906435,Francisco Fernando Novoa,2026-10-05 22:25
W4308603319,Are Enterobacteriaceae and Enterococcus Isolated from Powdered Infant Formula a Hazard for Infants? A Genomic Analysis,2022,S2737939966,https://doi.org/10.3390/foods11223556,Julio Parra‐Flores; Pamela Chavarria; Eduard Antonio Maury-Sintjago; Alejandra Rodríguez‐Fernández; Sergio Acuña,2026-10-05 22:25
W4308653679,A posteriori error analysis of a momentum and thermal energy conservative mixed FEM for the Boussinesq equations,2022,S21314667,https://doi.org/10.1007/s10092-022-00488-z,Ricardo Oyarzúa; Segundo Villa–Fuentes,2026-10-05 22:25
W4308869082,"Lectura de imágenes de prensa, la fotografía y su influencia la actitud intercultural de jóvenes chilenos",2022,S4210236912,https://doi.org/10.37467/revvisual.v9.3644,Alejandro Arros-Aravena,2026-10-05 22:25
W4308884174,Electron-photon vertex and dynamical chiral symmetry breaking in reduced QED: An advanced study of gauge invariance,2022,S4210238307,https://doi.org/10.1103/physrevd.106.096007,Ana Júlia Mizher; Alfredo Raya,2026-10-05 22:25
W4308971957,Supervised Learning Algorithm for Predicting Mortality Risk in Older Adults Using Cardiovascular Health Study Dataset,2022,S4210205812,https://doi.org/10.3390/app122211536,Jean Paul Navarrete,2026-10-05 22:25
W4309309646,Nickel and Cobalt Ilmenites-Based Catalysts for Upgrading Pyrolytic Oil during Pyrolysis of Waste Tires,2022,S2738539744,https://doi.org/10.3390/catal12111437,Luis Ernesto Arteaga-Pérez,2026-10-05 22:25
W4309374007,A Banach spaces-based mixed-primal finite element method for the coupling of Brinkman flow and nonlinear transport,2022,S21314667,https://doi.org/10.1007/s10092-022-00493-2,Eligio Colmenares,2026-10-05 22:25
W4309455157,Factors Associated with Dietary Restriction and Emotional and Uncontrolled Eating in Adults from Spanish-Speaking Countries during the COVID-19 Confinement: Results of the CoV-Eat Project,2022,S110785341,https://doi.org/10.3390/nu14224866,Pía Rojas-Cárdenas,2026-10-05 22:25
W4309516585,Transcriptome and proteomics conjoint analysis reveal metastasis inhibitory effect of 6-shogaol as ferroptosis activator through the PI3K/AKT pathway in human endometrial carcinoma in vitro and in vivo,2022,S84231135,https://doi.org/10.1016/j.fct.2022.113499,Carlos L. Céspedes,2026-10-05 22:25
W4309578317,A C0 -nonconforming virtual element methods for the vibration and buckling problems of thin plates,2022,S40006715,https://doi.org/10.1016/j.cma.2022.115763,Dibyendu Adak; David Mora,2026-10-05 22:25
W4309586743,Abundance of Resources and Incentives for Collusion in Fisheries,2022,S10134376,https://doi.org/10.3390/su142215083,Juan Rosas-Muñoz,2026-10-05 22:25
W4309615891,Beliefs of Elementary School Teachers and Secondary School Mathematics Teachers During the Teaching Process,2022,S4210223866,https://doi.org/10.17648/acta.scientiae.7183,Renán Concha Zelada; Miguel Claudio Friz Carrillo,2026-10-05 22:25
W4309743039,Sensor Actuator Network for In Situ Studies of Antarctic Plants Physiology,2022,S101949793,https://doi.org/10.3390/s22228944,Krzysztof Herman,2026-10-05 22:25
W4309768498,New municipalism in South America? Developing theory from experiences in Argentina and Chile,2022,S50366009,https://doi.org/10.1177/00420980221126269,Alexander Panez Pinto,2026-10-05 22:25
W4309889393,Capacidad predictiva del rechazo escolar sobre la alta ansiedad social en adolescentes chilenos,2022,S2739019337,https://doi.org/10.32457/ejep.v15i2.1967,Nelly Lagos San Martín,2026-10-05 22:25
W4309922947,"A New Symphysomely Case for Cryptops Leach, 1815 (Scolopendromorpha: Cryptopidae) In Chile",2022,S2485088739,https://doi.org/10.25100/socolen.v48i2.12018,Emmanuel Vega-Román; Iván Sánchez,2026-10-05 22:25
W4309925286,TRANSPARENCIA EN MATERIA DE CORRUPCIÓN Y SOBORNO,2022,S4210208356,https://doi.org/10.22370/riace.2022.11.1.3465,Andrea Orias Paredes; Fernando Andrés Morales Parada,2026-10-05 22:25
W4309942223,Consequences of the exposome to gestational diabetes mellitus,2022,S4210238601,https://doi.org/10.1016/j.bbagen.2022.130282,Fernando Toledo,2026-10-05 22:25
W4310039519,Techno-Economic and Environmental Assessment of Municipal Solid Waste Energetic Valorization,2022,S198098182,https://doi.org/10.3390/en15238900,Daniel Travieso Pedroso; Matías Abner Neira Ortíz; Reinaldo Sánchez Arriagada,2026-10-05 22:25
W4310064446,The association between walking pace and grip strength and all-cause mortality: A prospective analysis from the MAUCO cohort,2022,S127492747,https://doi.org/10.1016/j.maturitas.2022.11.004,Solange Liliana Parra-Soto,2026-10-05 22:25
W4310154749,Effects of a Structured Multicomponent Physical Exercise Intervention on Quality of Life and Biopsychosocial Health among Chilean Older Adults from the Community with Controlled Multimorbidity: A Pre–Post Design,2022,S15239247,https://doi.org/10.3390/ijerph192315842,Solange Liliana Parra-Soto,2026-10-05 22:25
W4310170629,El rol de enfermería en la salud digital: oportunidades y desafíos para la ciencia del cuidado,2022,S2738624211,https://doi.org/10.1016/j.rmclc.2022.11.004,Antonia Benavente-Rubio,2026-10-05 22:25
W4310281478,Neuroprotective Properties of Eudesmin on a Cellular Model of Amyloid-β Peptide Toxicity,2022,S25155249,https://doi.org/10.3233/jad-220935,Ramón Ahumada-Rudolph; Jaime R. Cabrera‐Pardo,2026-10-05 22:25
W4310471286,Inseguridad ciudadana y delitos de mayor connotación social: formas y extensiones del temor a la delincuencia en Chile,2022,S4210188061,https://doi.org/10.30972/crn.33336231,Geraldo Padilla Fuentes; Carlos Rodríguez Garcés; Denisse Espinosa-Valenzuela,2026-10-05 22:25
W4310680423,Data Type and Data Sources for Agricultural Big Data and Machine Learning,2022,S10134376,https://doi.org/10.3390/su142316131,Mónica Caniupán,2026-10-05 22:25
W4310725560,A modeling study of hydrographic and flow variability along the river-influenced coastal ocean off central Chile,2022,S33756829,https://doi.org/10.1016/j.ocemod.2022.102155,Cristian M. Rojas; Gonzalo S. Saldías,2026-10-05 22:25
W4310761314,Responsabilidad social y políticas educativas: Retos para la educación en valores,2022,S4210234276,https://doi.org/10.52080/rvgluz.27.8.24,Pedro Elías Severino-González; Diego Jara,2026-10-05 22:25
W4310776524,Elucidation of the Reaction Mechanism of Cavia porcellus l -Asparaginase: A QM/MM Study,2022,S167262187,https://doi.org/10.1021/acs.jcim.2c01122,Fabiola Estefany Medina,2026-10-05 22:25
W4310798464,Territorios circulares,2022,S4210172960,https://doi.org/10.22320/07183607.2022.25.46.00,Ana Zazo Moratalla,2026-10-05 22:25
W4310864919,Efecto del procesamiento tradicional de producción de Almidón de Yuca en la concentración de compuestos Cianhídricos,2022,S4210211365,https://doi.org/10.51798/sijis.v3i7.518,Alex Ariel Fernández-Andrade,2026-10-05 22:25
W4310869501,"Apego al lugar y percepción del riesgo volcánico en personas mayores de Ñuble, Chile",2022,S4210172960,https://doi.org/10.22320/07183607.2022.25.46.01,José Sandoval‐Díaz; Saron Rosa Monsalves-Peña; Cristóbal Bravo Ferretti,2026-10-05 22:25
W4311033729,Uso bioético de las tecnologías de salud en los últimos 20 años: un estudio bibliométrico en Scopus,2022,S4210201307,https://doi.org/10.5354/2452-6037.2022.65869,Carlos Escudero,2026-10-05 22:25
W4311090217,Gevrey semigroup of the type III localized thermoelastic model,2022,S200871675,https://doi.org/10.1016/j.jde.2022.11.053,Jaime E. Muñoz Rivera; Elena Ochoa Ochoa,2026-10-05 22:25
W4311118696,The global distribution and environmental drivers of the soil antibiotic resistome,2022,S3004984423,https://doi.org/10.1186/s40168-022-01405-w,Cristian Torres‐Díaz,2026-10-05 22:25
W4311128839,A vorticity-based mixed formulation for the unsteady Brinkman–Forchheimer equations,2022,S40006715,https://doi.org/10.1016/j.cma.2022.115829,Verónica Anaya; Rubén Caraballo,2026-10-05 22:25
W4311155971,DIFFERENCES IN THE CAPACITY OF ADOPTION OF THE ENABLING ICTs FOR INDUSTRY 4.0 IN CHILE,2022,S4210214577,https://doi.org/10.15240/tul/001/2022-4-012,Francisco Gatica Neira; Mario Ramos-Maldonado,2026-10-05 22:25
W4311366696,Evaluation of Structural and Functional Properties of La0.6Sr0.4MnO3 Perovskite Prepared by the Fast Solution Combustion Approach,2022,S2738539744,https://doi.org/10.3390/catal12121636,Christopher Salvo,2026-10-05 22:25
W4311417998,Anisotropic photon emission from gluon fusion and splitting in a strong magnetic background: The two-gluon one-photon vertex,2022,S4210168441,https://doi.org/10.1103/physrevc.106.064905,Ana Júlia Mizher,2026-10-05 22:25
W4311421512,Integrated miRNA and mRNA omics reveal dioscin suppresses migration and invasion via MEK/ERK and JNK signaling pathways in human endometrial carcinoma in vivo and in vitro,2022,S29564236,https://doi.org/10.1016/j.jep.2022.116027,Carlos L. Céspedes,2026-10-05 22:25
W4311540541,El proceso de estudiantización y su abordaje desde un enfoque geográfico: estado de la cuestión y agenda de investigación,2022,S4210208503,https://doi.org/10.5565/rev/dag.754,José Prada‐Trigo; Felipe Saravia,2026-10-05 22:25
W4311569737,"Paradigma simbólico computacional, modularidad de la mente y lenguaje: principios y controversias",2022,S4210230825,https://doi.org/10.15332/22563067.8205,Carlos Rojas,2026-10-05 22:25
W4311589579,Direct CO2 Capture by Alkali‐Dissolved Cellulose and Sequestration in Building Materials and Artificial Reef Structures,2022,S99352657,https://doi.org/10.1002/adma.202209327,Mabel Vega‐Coloma,2026-10-05 22:25
W4311589884,"Socio-labor, health, and organizational factors as predictors of perceived high mental load in healthcare personnel during the COVID-19 pandemic",2022,S2909877,https://doi.org/10.23938/assn.1024,Noelia Espinoza Aguilera; Carolina Luengo Martínez,2026-10-05 22:25
W4311623287,Asociación entre velocidad de marcha y deterioro cognitivo en personas mayores: resultados de la Encuesta Nacional de Salud 2016-2017,2022,S4210191054,https://doi.org/10.14482/sun.38.3.155.67,Solange Liliana Parra-Soto,2026-10-05 22:25
W4311739230,The Relationship Between Menopause and Dysphagia: A Scoping Review,2022,S4210224436,https://doi.org/10.1089/whr.2022.0078,Rodolfo E. Peña-Chávez,2026-10-05 22:25
W4311780347,Generalized autoregressive score models based on sinh-arcsinh distributions for time series analysis,2022,S165473669,https://doi.org/10.1016/j.cam.2022.114975,Sergio Contreras-Espinoza; Christian Caamaño‐Carrillo,2026-10-05 22:25
W4311787389,"Configuración urbano-rural para el desarrollo de la Provincia de Itata, región de Ñuble, Chile",2022,S2736982390,https://doi.org/10.37838/unicen/est.32-122,María Julia Fawaz Yissi; Christian Loyola Gómez; Juan Rivas Maldonado,2026-10-05 22:25
W4311929409,Coping Strategies and Social Skills of School-Aged Children: Association with Performance-Based Measures and Behavioral Ratings of Executive Function,2022,S90160718,https://doi.org/10.1080/00221325.2022.2156266,Mónica Pino Muñoz,2026-10-05 22:25
W4311968366,Bioaccessibility of phenolic compounds in fresh and dehydrated blueberries (Vaccinium corymbosum L.),2022,S4210225726,https://doi.org/10.1016/j.focha.2022.100171,José Miguel Bastías‐Montes,2026-10-05 22:25
W4312002041,Effectiveness of family bonding therapy supported by child clinical psychomotricity to increase self-regulation in children with attention deficit hyperactivity disorder: A pilot study,2022,S4210232860,https://doi.org/10.1016/j.psicoe.2022.12.003,Andrea María Palma Contreras,2026-10-05 22:25
W4312059806,Recursion-free solution for two-loop vacuum integrals with “collinear” masses,2022,S187585107,https://doi.org/10.1007/jhep12(2022)047,Andrei I. Davydychev; York Schröder,2026-10-05 22:25
W4312071486,Teachers’ Identities in Rural Areas From Chile,2022,S4210208157,https://doi.org/10.33423/jhetp.v22i16.5599,Roxana Balbontín-Alvarado; Noemí Rojas Muñoz,2026-10-05 22:25
W4312083498,Can school environmental education programs make children and parents more pro-environmental?,2022,S101209419,https://doi.org/10.1016/j.jdeveco.2022.103032,César Salazar,2026-10-05 22:25
W4312085839,Analiticity of the Type III Thermoelastic Euler Bernoulli Model with Tip,2022,S3372071,https://doi.org/10.1007/s10440-022-00543-5,Jaime E. Muñoz Rivera; Elena Ochoa Ochoa,2026-10-05 22:25
W4312112705,In vitro cytotoxic capacity against tumor cell lines and antioxidant activity of acidic polysaccharides isolated from the Andean Patagonian fungus Phylloporia boldo,2022,S205999849,https://doi.org/10.1080/14786419.2022.2158331,Jaime R. Cabrera‐Pardo,2026-10-05 22:25
W4312126173,Biopolymeric Capsules Containing Different Oils as Rejuvenating Agents for Asphalt Self-Healing: A Novel Multivariate Approach,2022,S123288148,https://doi.org/10.3390/polym14245418,José L. Concha; Luis Ernesto Arteaga-Pérez; Irene Gonzalez-Torre; José Norambuena-Contreras,2026-10-05 22:25
W4312207593,Consideraciones del trazo y la línea,2022,S4210175429,https://doi.org/10.37467/revhuman.v11.4337,Alejandro Arros-Aravena,2026-10-05 22:25
W4312234654,Políticas hacia el Profesorado en el Chile Neoliberal,2022,S4210230295,https://doi.org/10.4067/s0718-07052022000200351,Paulina Sofía Santibáñez Cavieres,2026-10-05 22:25
W4312316544,"Structural, physicochemical, and emulsifying properties of pectin obtained by aqueous extraction from red pitaya (Hylocereus polyrhizus) peel",2022,S115742859,https://doi.org/10.24275/rmiq/alim2887,Erik Alpizar-Reyes,2026-10-05 22:25
W4312348541,Las Cabinas de la Universidad de Concepción (1960): Arquitectura de emergencia devenida paisaje patrimonial,2022,S4210209653,https://doi.org/10.4206/aus.2022.n32-08,Alexander Bustos Concha,2026-10-05 22:25
W4312443307,"Indicadores de salud mental, estilos de vida y emociones en funcionarios de instituciones educativas del centro-sur de Chile",2022,S4210197790,https://doi.org/10.29035/ucmaule.63.9,Carlos Ossa Cornejo,2026-10-05 22:25
W4312504056,A model-based decision framework for the multi-depot multi-travelling salesman problem with split and delivery demand considering different key performance indicators,2022,S74265234,https://doi.org/10.1504/ijise.2022.127418,Daniela Contreras; Rodrigo Linfati,2026-10-05 22:25
W4312593743,A Predictive Shortest-Horizon Voltage Control Algorithm for Non-Minimum Phase Three-Phase Rectifiers,2022,S2485537415,https://doi.org/10.1109/access.2022.3212731,Jaime Rohten,2026-10-05 22:25
W4312609309,Catalyst characterization Ni-Sn nanoparticles supported in Al2O3and MgO: Acetophenone hydrogenation,2022,S2502751493,https://doi.org/10.1177/18479804221132128,Galo Cárdenas-Triviño,2026-10-05 22:25
W4312622345,"Variation in shell morphology and life-history traits of Potamopyrgus antipodarum, a highly invasive freshwater snail in Chile",2022,S41031980,https://doi.org/10.1071/mf22113,Gonzalo A. Collado; Ingrid Muñoz; Moisés A. Valladares,2026-10-05 22:25
W4312640867,Luxofractura compleja del codo con compromiso del húmero distal: Reporte de caso clínico,2022,S2898349670,https://doi.org/10.1055/s-0042-1748027,Carlos Escudero,2026-10-05 22:25
W4312660289,Microgrid Power Sharing Framework for Software Defined Networking and Cybersecurity Analysis,2022,S2485537415,https://doi.org/10.1109/access.2022.3215434,Jaime Rohten,2026-10-05 22:25
W4312662593,Adapting engineering education to BIM and industry 4.0: A view from Kolb's experiential theory in the laboratory,2022,S4210222220,https://doi.org/10.4067/s0718-33052022000300497,Gonzalo Garcés,2026-10-05 22:25
W4312666252,Territorio y sostenibilidad en el marco de las universidades públicas chilenas,2022,S4210172960,https://doi.org/10.22320/07183607.2022.25.45.00,Ana Zazo Moratalla,2026-10-05 22:25
W4312742786,OurRank: A Software Requirements Prioritization Method Based on Qualitative Assessment and Cost-Benefit Prediction,2022,S2485537415,https://doi.org/10.1109/access.2022.3230152,Luis A. Rojas; Pedro G. Campos,2026-10-05 22:25
W4312753036,Condiciones arquitectónicas de la construcción impresa-3D,2022,S4210209653,https://doi.org/10.4206/aus.2022.n32-04,Rodrigo García Álvarado; Claudia Muñoz-Sanguinetti; Alejandro Martínez-Rocamora; Ginnia Moroni,2026-10-05 22:25
W4312764412,Modelado numérico del proceso de izado de un cabezal hemisférico de un regenerador,2022,S4210174120,https://doi.org/10.18273/revuin.v21n3-2022009,Euro Casanova,2026-10-05 22:25
W4312790660,Divulgación de informaciones corporativas en la webside de empresas cotizadas mexicanas: estado de situación y evolución,2022,S4210193147,https://doi.org/10.36791/tcg.v7i21sept-dic.182,Fernando Andrés Morales Parada,2026-10-05 22:25
W4312798217,"Constelación espacial de conceptos para Trabajo Social: ambiente, lugar, territorio y paisaje",2022,S2736628935,https://doi.org/10.15446/ts.v24n2.97954,Felipe Saravia; Alexander Panez Pinto,2026-10-05 22:25
W4312877202,"Fragmentos textiles y sistemas territoriales del carbón Experiencias de re-significación del patrimonio industrial en Tomé y Lota, Chile",2022,S32100302,https://doi.org/10.4067/s0718-34022022000200129,García Letelier Daniela,2026-10-05 22:25
W4312890891,CONTINUIDADES Y RUPTURAS DEL EXTRACTIVISMO EN CHILE: ANÁLISIS SOBRE SUS TENDENCIAS EN LAS ÚLTIMAS DOS DÉCADAS,2022,S4210175259,https://doi.org/10.4067/s0719-26812022000200151,Alexander Panez Pinto,2026-10-05 22:25
W4312998100,La función social del análisis crítico del discurso,2022,S4210197790,https://doi.org/10.29035/ucmaule.63.116,María José Cares Geoffroy,2026-10-05 22:25
W4312999028,"Deserción y primera-generación en educación superior en Chile. Creencias docentes sobre capital cultural, trayectoria y desajuste al arbitrario cultural",2022,S4210198959,https://doi.org/10.17151/eleu.2022.24.2.2,Carmen Gloria Jarpa Arriagada; Héctor Cárcamo Vásquez,2026-10-05 22:25
W4313219456,Microwave-assisted MOF@biomass layered nanomaterials: Characterization and applications in wastewater treatment,2022,S203465130,https://doi.org/10.1016/j.chemosphere.2022.137664,Kevin Jhon Fernández-Andrade; Alex Ariel Fernández-Andrade; Luis Ernesto Arteaga-Pérez; Serguei Alejandro-Martín,2026-10-05 22:25
W4313240863,An Optimal Control Problem for the Navier–Stokes Equations with Point Sources,2022,S52430896,https://doi.org/10.1007/s10957-022-02148-2,Felipe Lepe,2026-10-05 22:25
W4313249943,Concepciones que posee el futuro personal docente de educación primaria sobre la participación de los padres y las madres en la escuela,2022,S2738618503,https://doi.org/10.15359/ree.27-1.14508,Héctor Cárcamo Vásquez,2026-10-05 22:25
W4313272321,ANÁLISIS DE LA ROTACIÓN DE LAS BIG FOUR EN EL MERCADO FINANCIERO EN CHILE,2022,S4210208356,https://doi.org/10.22370/riace.2022.11.1.3575,Marcelo Navarrete Esparza; Michelle Mora Espinoza; Caterine Zúñiga Arroyo,2026-10-05 22:25
W4313272378,"Mining, development and unequal regionalization in subnational Latin American contexts",2022,S2765074323,https://doi.org/10.1016/j.exis.2022.101209,Alexander Panez Pinto,2026-10-05 22:25
W4313293244,Effect of Enzymatic Hydrolysis on Solubility and Emulsifying Properties of Lupin Proteins (Lupinus luteus),2022,S4210218299,https://doi.org/10.3390/colloids6040082,Sergio Acuña,2026-10-05 22:25
W4313327434,Increase by Substitution of Galvanized Steel for Aluminum Mirrors in the UV Solar Radiation in Canal with Fins and Side Panels That Disinfect Wastewater,2022,S4210201879,https://doi.org/10.3390/pr11010084,Pedro Cisterna-Osorio; María Galvez-Gonzalez; Miguel Moraga-Chaura; Sergio Quijada-Vera,2026-10-05 22:25
W4313333570,On the discovery of a typology of informally-produced public spaces,2022,S59829311,https://doi.org/10.1080/17549175.2022.2150266,Stella Schroeder,2026-10-05 22:25
W4313361070,Robotics Education in STEM Units: Breaking Down Barriers in Rural Multigrade Schools,2022,S101949793,https://doi.org/10.3390/s23010387,Cristhian A. Aguilera; Cristhian Aguilera,2026-10-05 22:25
W4313366746,"Post-disaster neoliberal normalization in the 1985, 2010 and 2015 Chilean earthquakes",2022,S90310510,https://doi.org/10.1108/dpm-08-2022-0159,Juan Saavedra,2026-10-05 22:25
W4313368194,A Morley-type virtual element approximation for a wind-driven ocean circulation model on polygonal meshes,2022,S165473669,https://doi.org/10.1016/j.cam.2022.115026,Dibyendu Adak; David Mora; Alberth Silgado,2026-10-05 22:25
W4313413464,COVID-19 Active Case Forecasts in Latin American Countries Using Score-Driven Models,2022,S4210192031,https://doi.org/10.3390/math11010136,Sergio Contreras-Espinoza; Francisco Fernando Novoa; Pedro Vidal-Gutiérrez; Christian Caamaño‐Carrillo,2026-10-05 22:25
W4313414535,Profile Characterization of Building Information Modeling Users,2022,S4210191137,https://doi.org/10.3390/buildings13010060,Eric Forcael; Carolina Puentes; Rodrigo García Álvarado; Alexander Opazo-Vega; Jaime Soto Muñoz; Ginnia Moroni,2026-10-05 22:25
W4313436893,Development of Thin Films from Thermomechanical Pulp Nanofibers of Radiata Pine (Pinus radiata D. Don) for Applications in Bio-Based Nanocomposites,2022,S2736605637,https://doi.org/10.3390/fib11010001,Judith Vergara-Figueroa; Oswaldo Erazo; Paulina Valenzuela; Arturo Fernández-Pérez; William Gacitúa,2026-10-05 22:25
W4313453226,Minúsculos Universos,2022,S4210199778,https://doi.org/10.5354/2452-5855.2022.66353,Miguel Alvarado Borgoño,2026-10-05 22:25
W4313564518,Investigación en diversidad e inclusión en la formación inicial docente: análisis bibliométrico y temático (2011-2020),2022,S4210232918,https://doi.org/10.4151/07189729-vol.61-iss.2-art.1273,Nelly Lagos San Martín,2026-10-05 22:25
W4315780541,Impacto del confinamiento por Covid-19 en los niveles de concentración de CO2 al interior de la vivienda de tipo social en Chile,2022,S4210233440,https://doi.org/10.22320/07190700.2022.12.02.07,Roxana Guíñez-Viveros; Ariel Bobadilla-Moreno; Cristián Muñoz-Viveros,2026-10-05 22:25
W4316022462,Propiedades físicas y mecánicas de tableros de partículas de Pinus radiata D. Don y residuos de maíz,2022,S4210178413,https://doi.org/10.5154/r.rchscfa.2022.06.046,Emilio E. Vergara-Sanhueza; Víctor Rosales; Rodrigo Vallejos-Urrea; Marcela Vidal-Vega; Claudio Montero,2026-10-05 22:25
W4317038806,Gobernanza y Prácticas Organizacionales Saludables de Tres Colegios de Chile y su Impacto en el Engagement y Burnout de sus Trabajadores,2022,S2736936350,https://doi.org/10.21664/2238-8869.2022v11i4.p224-235,Álvaro Acuña-Hormazábal; Rodolfo Mendoza-Llanos; Carolina Luengo Martínez,2026-10-05 22:25
W4317179630,"La construcción del territorio en los discursos presidenciales: la ocupación republicana de La Frontera, Chile, 1883-1891 = The construction of territory in presidential speeches: The republican occupation of La Frontera, Chile, 1883-1891",2022,S4210192376,https://doi.org/10.20868/ciur.2022.143.4998,Pablo Fuentes Hernández; Tirza Barría Catalán,2026-10-05 22:25
W4317459933,El rol del apoyo social frente al cambio climático en la población mayor,2022,S4210172884,https://doi.org/10.29035/pai.8.2.13,Camila Navarrete‐Valladares; José Sandoval‐Díaz,2026-10-05 22:25
W4317525835,Los italianos de Parral. La colonia antes de Colonia Dignidad,2022,S4210172884,https://doi.org/10.29035/pai.8.2.201,Felipe Saravia,2026-10-05 22:25
W4317810532,Evaluación de las vías de deterioro de una salsa artesanal para su comercialización,2022,S2739089816,https://doi.org/10.14306/renhyd.26.4.1713,Orietta Segura-Badilla; Gladys Quezada-Figueroa,2026-10-05 22:25
W4317937991,Por otras narrativas patrimoniales: las huellas de la acción política del Comité Provincial del MEMCH de Concepción (1935-1953),2022,S4387286743,https://doi.org/10.5354/2810-6245.2022.69298,Patricia Méndez,2026-10-05 22:25
W4319981153,SYNTHESIS AND WOUND HEALING PROPERTIES OF POLYVINYL ALCOHOL FILMS DOPED WITH METAL NANOPARTICLES OF Cu AND Ag,2022,S114494114,https://doi.org/10.4067/s0717-97072022000405667,Galo Cárdenas-Triviño; Nelson Linares-Bermudez; G. Cabello; Mario Nuñez-Decap,2026-10-05 22:25
W4320003536,Conciliación trabajo-familia en tiempos del COVID-19 y su relación con el engagement y burnout de docentes universitarios de Chile,2022,S4210226899,https://doi.org/10.35692/07183992.15.2.2,Álvaro Acuña-Hormazábal; Rodolfo Mendoza-Llanos; Carolina Luengo Martínez; Alicia Hermosilla-Ávila,2026-10-05 22:25
W4320030027,IMPACTO DE LOS CRITERIOS DE CALIDAD DEL AMBIENTE INTERIOR EN LA CERTIFICACIÓN DE EDIFICIOS DE OFICINAS SUSTENTABLES EN CHILE,2022,S50059771,https://doi.org/10.4013/arq.2022.182.02,Maureen Trebilcock; Fernando Chávez-Finol,2026-10-05 22:25
W4320079314,La etnomatemática en el proceso de comunicación y construcción de saberes: Una aproximación entre la matemática y la lingüística de las comunidades,2022,S4387287165,https://doi.org/10.56992/a.v1i31.5,Renán Concha Zelada; Miguel Claudio Friz Carrillo,2026-10-05 22:25
W4320342476,Ansiedad escolar y su relación con la inteligencia emocional en la adolescencia,2022,S4306400562,https://doi.org/10.5281/zenodo.7348098,Nelly Lagos San Martín,2026-10-05 22:25
W4321384482,Definición de perfiles de ingreso en ingeniería a partir de características estudiantiles,2022,S4210222220,https://doi.org/10.4067/s0718-33052022000400803,Álvaro Suazo; Paulette Blanc; Fabricio Salgado,2026-10-05 22:25
W4322584134,"Discursivas públicas, concepciones territoriales y territorialidades. Miradas sobre el conflicto del Puente Industrial, Chile. 2008-2018",2022,S32100302,https://doi.org/10.4067/s0718-34022022000300395,Aarón Tolindor Napadensky Pastene; Ana Zazo Moratalla; Javier Antonio León Aravena; Gabriela Cisterna Aravena,2026-10-05 22:25
W4322710758,"“El primer flautista que tenemos en Chile”: Ruperto Santa Cruz y los inicios de la interpretación de la flauta moderna en el país, 1856-1866",2022,S172442402,https://doi.org/10.4067/s0716-27902022000200046,Pablo E. Ramírez Césped,2026-10-05 22:25
W4323643991,Percepción de personas con tartamudez en cuanto a sus experiencias de tratamiento basado en el modelo multidimensional CALMS,2022,S4210169275,https://doi.org/10.5354/0719-4692.2022.63727,Yasna Sandoval; Virginia García-Flores; Marcela Sanhueza-Garrido,2026-10-05 22:25
W4324124296,Espíritu universitario en tiempos de cambio,2022,S4210181561,https://doi.org/10.35305/23626097v9i17.384,Claudio Rodrigo Araneda Gutiérrez,2026-10-05 22:25
W4327813031,A5 34abcd,2022,S4306400562,https://doi.org/10.5281/zenodo.7747346,Teresa Marinelly Agreda Sigindioy,2026-10-05 22:25
W4361763315,Cuando la comunidad es invisible: responsabilidad social empresarial en la industria minera,2022,S2738054754,https://doi.org/10.17141/letrasverdes.31.2022.5082,Nataly Andrea Guiñez-Cabrera,2026-10-05 22:25
W4362596432,"Effect of heat treatment on physical, mechanical and chemical properties of angelim wood",2022,S967659979,https://doi.org/10.4067/s0718-221x2023000100410,Rubén A. Ananías,2026-10-05 22:25
W4365798265,Adopción de la Norma Internacional de Información Financiera 16 arrendamientos en empresas chilenas del sector transporte,2022,S4387288708,https://doi.org/10.22320/hem.v21i1.5523,Gonzalo Narciso Pino Aguilera; Fernando Andrés Morales Parada,2026-10-05 22:25
W4365798289,Efectos que producen algunas exenciones y beneficios tributarios en términos de recaudación fiscal,2022,S4387288708,https://doi.org/10.22320/hem.v21i2.5798,Camila Fernanda Mardonez Montes; Jaime Humberto Landaeta Bahamonde; Valentina Lissete Sanhueza Moena,2026-10-05 22:25
W4365798291,"Análisis comparado de conmutación interregional en la nueva Región del Biobío, Chile (años 2010-2017)",2022,S4387288708,https://doi.org/10.22320/hem.v21i2.5797,Osvaldo Pino Arriagada; Andrés Acuña D.,2026-10-05 22:25
W4365798322,Myth and measurement,2022,S4387288708,https://doi.org/10.22320/hem.v20i2.5178,Luis Fernando Méndez Briones,2026-10-05 22:25
W4365798323,Opinión pública sobre el desempeño gubernamental tras un desastre natural: Algunas reflexiones para América Latina,2022,S4387288708,https://doi.org/10.22320/hem.v20i2.5177,Andrés Acuña,2026-10-05 22:25
W4365798382,Protocolos para el sector turístico en tiempos de pandemia: El caso chileno,2022,S4387288708,https://doi.org/10.22320/hem.v20i2.5174,Patricia Carolina Huerta Riveros; Macarena Estrada Llancaleo; Daniela Rabanal Neira,2026-10-05 22:25
W4365799289,Actividad económica y empleo post pandemia,2022,S4387288708,https://doi.org/10.22320/hem.v21i2.5790,Luis Méndez Briones,2026-10-05 22:25
W4365799333,Subsistencia económica mapuche en la novela El Vado de la Noche de Lautaro Yankas,2022,S4387288708,https://doi.org/10.22320/hem.v21i1.5526,Juan Bahamonde Cantín,2026-10-05 22:25
W4365799576,Acción pública en contexto de crisis: Los fallos del estado en contexto covid–19,2022,S4387288708,https://doi.org/10.22320/hem.v20i2.5175,Ariel Adrián Yévenes Subiabre,2026-10-05 22:25
W4365806892,Asociación del fitness cardiorrespiratorio con marcadores de adiposidad corporal: estudio de corte transversal de la Encuesta Nacional de Salud Chile 2016-2017,2022,S155962516,https://doi.org/10.4067/s0034-98872022000901152,Ximena Díaz-Martínez; Solange Liliana Parra-Soto,2026-10-05 22:25
W4365807054,"Fuerza de prensión manual. Un sencillo, pero fuerte predictor de salud en población adulta y personas mayores",2022,S155962516,https://doi.org/10.4067/s0034-98872022000801075,Solage Parra,2026-10-05 22:25
W4372057633,"PEDRO LASTRA SALAZAR, DOCTOR HONORIS CAUSA POR LA UNIVERSIDAD DEL BÍO-BÍO",2022,S71612694,https://doi.org/10.7764/analeslitchi.38.22,Universidad del Bío-Bío; Federico Pastene Labrín,2026-10-05 22:25
W4377236159,Desarrollo de la región de Ñuble: prospectiva según la permeabilidad de los suelos,2022,S4387289364,https://doi.org/10.22320/rte.vi49.5827,Juan Rivas Maldonado; Christian Loyola Gómez,2026-10-05 22:25
W4381551270,Trayectoria escolar y procesos de admisión universitaria en Chile: entre el talento académico y la reproducción de brechas,2022,S4210230295,https://doi.org/10.4067/s0718-07052022000300227,Carlos Rodríguez Garcés; Denisse Espinosa-Valenzuela; Geraldo Padilla Fuentes; Claudia Suazo Ruíz,2026-10-05 22:25
W4383684688,La educación por competencias desde el docente universitario: análisis mediante Teoría Fundamentada,2022,S4387284964,https://doi.org/10.56219/revistasdeinvestigacin.v46i106.1709,Iván Sánchez,2026-10-05 22:25
W4385232490,Asociación entre nivel educacional y sospecha de deterioro cognitivo en personas mayores chilenas: resultados de la Encuesta Nacional de Salud 2016-2017,2022,S155962516,https://doi.org/10.4067/s0034-98872022001201575,Ximena Díaz,2026-10-05 22:25
W4388470470,"FACTORES LEGALES, DE IMAGEN, SOCIALES Y ECONÓMICOS QUE DETERMINAN LA CONTRATACIÓN DE PERSONAS CON DISCAPACIDAD EN EMPRESAS DE LA CIUDAD DE CHILLÁN",2022,S4210173032,https://doi.org/10.5354/0719-5346.2022.57758,Felipe Sepúlveda  Jiménez; Carolina Luengo Martínez,2026-10-05 22:25
W4389880577,El nuevo profesorado como producto de la educación positiva,2022,S4390297081,https://doi.org/10.22320/reined.v4i1.5500,Jorge Parra Barrios,2026-10-05 22:25
W4389897741,Booktube como recurso pedagógico para el aprendizaje en la Educación Superior,2022,S4390297081,https://doi.org/10.22320/reined.v4i1.5502,Nelly Lagos San Martín,2026-10-05 22:25
W4389922189,La relevancia de la autonomía emocional en contextos familiares y educativos,2022,S4390297081,https://doi.org/10.22320/reined.v4i1.5501,Karen Arancibia Alarcón,2026-10-05 22:25
W4391120783,"Textualidad de una tragedia, análisis de la imagen fotográfica de fotonovela “Vivir o Morir” un proyecto social de la Editorial Quimantú",2022,S4210232334,https://doi.org/10.15381/rsoc.n35.24372,Alejandro Arros-Aravena,2026-10-05 22:25
W4393134689,Evaluación educativa de los aprendizajes: Conceptualizaciones básicas de un lenguaje profesional para su comprensión,2022,S2737867514,https://doi.org/10.22235/pe.v15i1.2638,Pedro Sandoval Rubilar; Ana Carolina Maldonado Fuentes,2026-10-05 22:25
W4394948019,"El concepto de racismo. Discusiones teóricas, definiciones y genealogías",2022,S4404660914,https://doi.org/10.32995/0719-64232022v8n16-135,Pablo Bivort Salinas,2026-10-05 22:25
W4403635623,Transparencia corporativa en las website de empresas cotizadas chilenas: estado de situación y evolución,2022,S4210188556,https://doi.org/10.35588/gpt.v14i45.5901,Fernando Andrés Morales Parada,2026-10-05 22:25
W4406154947,"MAPA, SIGNO Y REPRESENTACIÓN: UNA APROXIMACIÓN SEMIOLÓGICA AL MAPA COMO FORMA DE REPRESENTACIÓN DE TERRITORIOS Y COMUNIDADES",2022,S4210192412,https://doi.org/10.29393/rtr7-6msma10006,Miguel Alvarado Borgoño,2026-10-05 22:25
W4410935995,Consideraciones del trazo y la línea,2022,S4210175429,https://doi.org/10.37819/revhuman.v15i6.1426,Alejandro Arros-Aravena,2026-10-05 22:25
W4416174029,"Factores sociodemográficos, laborales y de salud relacionados con la carga mental de trabajo en cirujanos dentistas en Chile",2022,S4210174478,https://doi.org/10.15446/rsap.v24n5.99788,Luis A. Gatica Roa; Víctor Peralta Chávez; Carmen Luz Muñoz-Mendoza,2026-10-05 22:25
W7134863678,"Teletrabajo: su impacto en los trabajadores de la ciudad de Chillán, Chile",2022,S4306401293,,Marlene Patricia Ramirez Muñoz,2026-10-05 22:25
W7134869137,El nuevo Sistema de Admisión Escolar (SAE) en Chile: aportes a la igualdad de oportunidades en un contexto de libre elección educativa,2022,S4306401293,,Carlos René Rodríguez Garcés; Geraldo Padilla Fuentes; Denisse Espinosa Valenzuela,2026-10-05 22:25
W7160336581,#yomevacuno: satisfacción e insatisfacción laboral en campaña contra la COVID-19,2022,S4210217559,https://doi.org/10.15665/dem.v20i3.2741,Nataly Guíñez Cabrera,2026-10-05 22:25
W7220326004,Análisis territorial de la participación electoral mapuche en la elección de constituyentes,2022,S4306509871,,Geraldo Padilla Fuentes; Carlos Rodríguez Garcés; Denisse Espinosa Valenzuela,2026-10-05 22:25
